# commands.log — ISSUE-011 refinement

## validation_expansion: pre-refinement widget invariant gap probe
$ node - <<'NODE'
PASS issue011_pre_refinement_widget_gap_probe invariant_signals=4 open_forks=5
covers_invariant=current refine issue names no-overflow/compact-fallback/render-proof invariants but still has unresolved TUI component, card terminology, framed threshold, and compact layout forks; promoted issue must lock these or later completion audit fails.

## TUI source/export discovery
$ node -p require.resolve("@earendil-works/pi-tui/package.json")
~/dev/personal/experiments/pi-goals/node_modules/@earendil-works/pi-tui/package.json
$ node - <<'NODE'
{
  "name": "@earendil-works/pi-tui",
  "version": "0.74.0",
  "description": "Terminal User Interface library with differential rendering for efficient text-based applications",
  "type": "module",
  "main": "dist/index.js",
  "scripts": {
    "clean": "shx rm -rf dist",
    "build": "tsgo -p tsconfig.build.json",
    "dev": "tsgo -p tsconfig.build.json --watch --preserveWatchOutput",
    "test": "node --test --import tsx test/*.test.ts",
    "prepublishOnly": "npm run clean && npm run build"
  },
  "files": [
    "dist/**/*",
    "README.md"
  ],
  "keywords": [
    "tui",
    "terminal",
    "ui",
    "text-editor",
    "differential-rendering",
    "typescript",
    "cli"
  ],
  "author": "Mario Zechner",
  "license": "MIT",
  "repository": {
    "type": "git",
    "url": "git+https://github.com/earendil-works/pi-mono.git",
    "directory": "packages/tui"
  },
  "engines": {
    "node": ">=20.0.0"
  },
  "types": "./dist/index.d.ts",
  "dependencies": {
    "@types/mime-types": "^2.1.4",
    "chalk": "^5.5.0",
    "get-east-asian-width": "^1.3.0",
    "marked": "^15.0.12",
    "mime-types": "^3.0.1"
  },
  "optionalDependencies": {
    "koffi": "^2.9.0"
  },
  "devDependencies": {
    "@xterm/headless": "^5.5.0",
    "@xterm/xterm": "^5.5.0"
  }
}
$ rg Card/Border/Box/Text/Container exports in pi-tui package
PKG_DIR=~/dev/personal/experiments/pi-goals/node_modules/@earendil-works/pi-tui
~/dev/personal/experiments/pi-goals/node_modules/@earendil-works/pi-tui/dist/tui.js.map:1:{"version":3,"file":"tui.js","sourceRoot":"","sources":["../src/tui.ts"],"names":[],"mappings":"AAAA;;GAEG;AAEH,OAAO,KAAK,EAAE,MAAM,SAAS,CAAC;AAC9B,OAAO,KAAK,EAAE,MAAM,SAAS,CAAC;AAC9B,OAAO,KAAK,IAAI,MAAM,WAAW,CAAC;AAClC,OAAO,EAAE,WAAW,EAAE,MAAM,iBAAiB,CAAC;AAC9C,OAAO,EAAE,YAAY,EAAE,UAAU,EAAE,MAAM,WAAW,CAAC;AAErD,OAAO,EAAE,gBAAgB,EAAE,eAAe,EAAE,WAAW,EAAE,iBAAiB,EAAE,MAAM,qBAAqB,CAAC;AACxG,OAAO,EAAE,eAAe,EAAE,uBAAuB,EAAE,aAAa,EAAE,cAAc,EAAE,YAAY,EAAE,MAAM,YAAY,CAAC;AAEnH,MAAM,qBAAqB,GAAG,QAAQ,CAAC;AAEvC,SAAS,oBAAoB,CAAC,IAAY,EAAY;IACrD,MAAM,aAAa,GAAG,IAAI,CAAC,OAAO,CAAC,qBAAqB,CAAC,CAAC;IAC1D,IAAI,aAAa,KAAK,CAAC,CAAC;QAAE,OAAO,EAAE,CAAC;IAEpC,MAAM,WAAW,GAAG,aAAa,GAAG,qBAAqB,CAAC,MAAM,CAAC;IACjE,MAAM,SAAS,GAAG,IAAI,CAAC,OAAO,CAAC,GAAG,EAAE,WAAW,CAAC,CAAC;IACjD,IAAI,SAAS,KAAK,CAAC,CAAC;QAAE,OAAO,EAAE,CAAC;IAEhC,MAAM,MAAM,GAAG,IAAI,CAAC,KAAK,CAAC,WAAW,EAAE,SAAS,CAAC,CAAC;IAClD,KAAK,MAAM,KAAK,IAAI,MAAM, ... (very long line, trimmed to 1000 chars)
~/dev/personal/experiments/pi-goals/node_modules/@earendil-works/pi-tui/dist/index.d.ts:2:export { Box } from "./components/box.js";
~/dev/personal/experiments/pi-goals/node_modules/@earendil-works/pi-tui/dist/index.d.ts:12:export { Text } from "./components/text.js";
~/dev/personal/experiments/pi-goals/node_modules/@earendil-works/pi-tui/dist/index.d.ts:21:export { type Component, Container, CURSOR_MARKER, type Focusable, isFocusable, type OverlayAnchor, type OverlayHandle, type OverlayMargin, type OverlayOptions, type SizeValue, TUI, } from "./tui.js";
~/dev/personal/experiments/pi-goals/node_modules/@earendil-works/pi-tui/dist/utils.d.ts.map:1:{"version":3,"file":"utils.d.ts","sourceRoot":"","sources":["../src/utils.ts"],"names":[],"mappings":"AAKA;;GAEG;AACH,wBAAgB,YAAY,IAAI,IAAI,CAAC,SAAS,CAE7C;AA2LD;;GAEG;AACH,wBAAgB,YAAY,CAAC,GAAG,EAAE,MAAM,GAAG,MAAM,CAuDhD;AAWD,wBAAgB,uBAAuB,CAAC,GAAG,EAAE,MAAM,GAAG,MAAM,CAG3D;AAED;;GAEG;AACH,wBAAgB,eAAe,CAAC,GAAG,EAAE,MAAM,EAAE,GAAG,EAAE,MAAM,GAAG;IAAE,IAAI,EAAE,MAAM,CAAC;IAAC,MAAM,EAAE,MAAM,CAAA;CAAE,GAAG,IAAI,CAsCjG;AAuUD;;;;;;;;;;GAUG;AACH,wBAAgB,gBAAgB,CAAC,IAAI,EAAE,MAAM,EAAE,KAAK,EAAE,MAAM,GAAG,MAAM,EAAE,CAoBtE;AAmFD;;GAEG;AACH,wBAAgB,gBAAgB,CAAC,IAAI,EAAE,MAAM,GAAG,OAAO,CAEtD;AAED;;GAEG;AACH,wBAAgB,iBAAiB,CAAC,IAAI,EAAE,MAAM,GAAG,OAAO,CAEvD;AAuED;;;;;;;GAOG;AACH,wBAAgB,qBAAqB,CAAC,IAAI,EAAE,MAAM,EAAE,KAAK,EAAE,MAAM,EAAE,IAAI,EAAE,CAAC,IAAI,EAAE,MAAM,KAAK,MAAM,GAAG,MAAM,CASzG;AAED;;;;;;;;;;GAUG;AACH,wBAAgB,eAAe,CAC9B,IAAI,EAAE,MAAM,EACZ,QAAQ,EAAE,MAAM,EAChB,QAAQ,GAAE,MAAc,EACxB,GAAG,GAAE ... (very long line, trimmed to 1000 chars)
~/dev/personal/experiments/pi-goals/node_modules/@earendil-works/pi-tui/dist/tui.js:63:export class Container {
~/dev/personal/experiments/pi-goals/node_modules/@earendil-works/pi-tui/dist/tui.js:96:export class TUI extends Container {
~/dev/personal/experiments/pi-goals/node_modules/@earendil-works/pi-tui/dist/editor-component.d.ts.map:1:{"version":3,"file":"editor-component.d.ts","sourceRoot":"","sources":["../src/editor-component.ts"],"names":[],"mappings":"AAAA,OAAO,KAAK,EAAE,oBAAoB,EAAE,MAAM,mBAAmB,CAAC;AAC9D,OAAO,KAAK,EAAE,SAAS,EAAE,MAAM,UAAU,CAAC;AAE1C;;;;;;GAMG;AACH,MAAM,WAAW,eAAgB,SAAQ,SAAS;IAKjD,mCAAmC;IACnC,OAAO,IAAI,MAAM,CAAC;IAElB,2BAA2B;IAC3B,OAAO,CAAC,IAAI,EAAE,MAAM,GAAG,IAAI,CAAC;IAE5B,qEAAqE;IACrE,WAAW,CAAC,IAAI,EAAE,MAAM,GAAG,IAAI,CAAC;IAMhC,iDAAiD;IACjD,QAAQ,CAAC,EAAE,CAAC,IAAI,EAAE,MAAM,KAAK,IAAI,CAAC;IAElC,+BAA+B;IAC/B,QAAQ,CAAC,EAAE,CAAC,IAAI,EAAE,MAAM,KAAK,IAAI,CAAC;IAMlC,iDAAiD;IACjD,YAAY,CAAC,CAAC,IAAI,EAAE,MAAM,GAAG,IAAI,CAAC;IAMlC,6CAA6C;IAC7C,kBAAkB,CAAC,CAAC,IAAI,EAAE,MAAM,GAAG,IAAI,CAAC;IAExC;;;OAGG;IACH,eAAe,CAAC,IAAI,MAAM,CAAC;IAM3B,oCAAoC;IACpC,uBAAuB,CAAC,CAAC,QAAQ,EAAE,oBAAoB,GAAG,IAAI,CAAC;IAM/D,4BAA4B;IAC5B,WAAW,CAAC,EAAE,CAAC,GAAG,EAAE,MAAM,KAAK,MAAM,CAAC;IAEtC,6BAA6B;IAC7B,WAAW, ... (very long line, trimmed to 1000 chars)
~/dev/personal/experiments/pi-goals/node_modules/@earendil-works/pi-tui/dist/utils.js.map:1:{"version":3,"file":"utils.js","sourceRoot":"","sources":["../src/utils.ts"],"names":[],"mappings":"AAAA,OAAO,EAAE,cAAc,EAAE,MAAM,sBAAsB,CAAC;AAEtD,uCAAuC;AACvC,MAAM,SAAS,GAAG,IAAI,IAAI,CAAC,SAAS,CAAC,SAAS,EAAE,EAAE,WAAW,EAAE,UAAU,EAAE,CAAC,CAAC;AAE7E;;GAEG;AACH,MAAM,UAAU,YAAY,GAAmB;IAC9C,OAAO,SAAS,CAAC;AAAA,CACjB;AAED;;;;;GAKG;AACH,SAAS,YAAY,CAAC,OAAe,EAAW;IAC/C,MAAM,EAAE,GAAG,OAAO,CAAC,WAAW,CAAC,CAAC,CAAE,CAAC;IACnC,OAAO,CACN,CAAC,EAAE,IAAI,OAAO,IAAI,EAAE,IAAI,OAAO,CAAC,IAAI,uBAAuB;QAC3D,CAAC,EAAE,IAAI,MAAM,IAAI,EAAE,IAAI,MAAM,CAAC,IAAI,iBAAiB;QACnD,CAAC,EAAE,IAAI,MAAM,IAAI,EAAE,IAAI,MAAM,CAAC,IAAI,yBAAyB;QAC3D,CAAC,EAAE,IAAI,MAAM,IAAI,EAAE,IAAI,MAAM,CAAC,IAAI,yBAAyB;QAC3D,OAAO,CAAC,QAAQ,CAAC,QAAQ,CAAC,IAAI,8CAA8C;QAC5E,OAAO,CAAC,MAAM,GAAG,CAAC,CAAC,oDAAoD;KACvE,CAAC;AAAA,CACF;AAED,sEAAsE;AACtE,MAAM,cAAc,GAAG,6EAA6E,CAAC;AACrG,MAAM,uBAAuB,GAAG,iFAAiF,CAAC;AAClH,MAAM,aAAa,GAAG,kBAAkB,CAAC;AAEzC ... (very long line, trimmed to 1000 chars)
~/dev/personal/experiments/pi-goals/node_modules/@earendil-works/pi-tui/dist/tui.d.ts:123:export declare class Container implements Component {
~/dev/personal/experiments/pi-goals/node_modules/@earendil-works/pi-tui/dist/tui.d.ts:134:export declare class TUI extends Container {
~/dev/personal/experiments/pi-goals/node_modules/@earendil-works/pi-tui/dist/index.js.map:1:{"version":3,"file":"index.js","sourceRoot":"","sources":["../src/index.ts"],"names":[],"mappings":"AAAA,kCAAkC;AAElC,uBAAuB;AACvB,OAAO,EAIN,4BAA4B,GAE5B,MAAM,mBAAmB,CAAC;AAC3B,aAAa;AACb,OAAO,EAAE,GAAG,EAAE,MAAM,qBAAqB,CAAC;AAC1C,OAAO,EAAE,iBAAiB,EAAE,MAAM,oCAAoC,CAAC;AACvE,OAAO,EAAE,MAAM,EAAwC,MAAM,wBAAwB,CAAC;AACtF,OAAO,EAAE,KAAK,EAAsC,MAAM,uBAAuB,CAAC;AAClF,OAAO,EAAE,KAAK,EAAE,MAAM,uBAAuB,CAAC;AAC9C,OAAO,EAAE,MAAM,EAA+B,MAAM,wBAAwB,CAAC;AAC7E,OAAO,EAAyB,QAAQ,EAAsB,MAAM,0BAA0B,CAAC;AAC/F,OAAO,EAEN,UAAU,GAIV,MAAM,6BAA6B,CAAC;AACrC,OAAO,EAAoB,YAAY,EAA0B,MAAM,+BAA+B,CAAC;AACvG,OAAO,EAAE,MAAM,EAAE,MAAM,wBAAwB,CAAC;AAChD,OAAO,EAAE,IAAI,EAAE,MAAM,sBAAsB,CAAC;AAC5C,OAAO,EAAE,aAAa,EAAE,MAAM,gCAAgC,CAAC;AAG/D,iBAAiB;AACjB,OAAO,EAAmB,WAAW,EAAE,UAAU,EAAE,MAAM,YAAY,CAAC;AACtE,cAAc;AACd,OAAO,EACN,cAAc,EAOd,kBAAkB,EAClB,cAAc,EACd,eAAe,GACf,MAAM,kBAAkB,CAAC;AAC1B,0BAA0B;AAC1B,OAAO,EACN,oBAAoB,EACpB,YAAY,EACZ ... (very long line, trimmed to 1000 chars)
~/dev/personal/experiments/pi-goals/node_modules/@earendil-works/pi-tui/dist/index.d.ts.map:1:{"version":3,"file":"index.d.ts","sourceRoot":"","sources":["../src/index.ts"],"names":[],"mappings":"AAGA,OAAO,EACN,KAAK,gBAAgB,EACrB,KAAK,oBAAoB,EACzB,KAAK,uBAAuB,EAC5B,4BAA4B,EAC5B,KAAK,YAAY,GACjB,MAAM,mBAAmB,CAAC;AAE3B,OAAO,EAAE,GAAG,EAAE,MAAM,qBAAqB,CAAC;AAC1C,OAAO,EAAE,iBAAiB,EAAE,MAAM,oCAAoC,CAAC;AACvE,OAAO,EAAE,MAAM,EAAE,KAAK,aAAa,EAAE,KAAK,WAAW,EAAE,MAAM,wBAAwB,CAAC;AACtF,OAAO,EAAE,KAAK,EAAE,KAAK,YAAY,EAAE,KAAK,UAAU,EAAE,MAAM,uBAAuB,CAAC;AAClF,OAAO,EAAE,KAAK,EAAE,MAAM,uBAAuB,CAAC;AAC9C,OAAO,EAAE,MAAM,EAAE,KAAK,sBAAsB,EAAE,MAAM,wBAAwB,CAAC;AAC7E,OAAO,EAAE,KAAK,gBAAgB,EAAE,QAAQ,EAAE,KAAK,aAAa,EAAE,MAAM,0BAA0B,CAAC;AAC/F,OAAO,EACN,KAAK,UAAU,EACf,UAAU,EACV,KAAK,uBAAuB,EAC5B,KAAK,eAAe,EACpB,KAAK,gCAAgC,GACrC,MAAM,6BAA6B,CAAC;AACrC,OAAO,EAAE,KAAK,WAAW,EAAE,YAAY,EAAE,KAAK,iBAAiB,EAAE,MAAM,+BAA+B,CAAC;AACvG,OAAO,EAAE,MAAM,EAAE,MAAM,wBAAwB,CAAC;AAChD,OAAO,EAAE,IAAI,EAAE,MAAM,sBAAsB,CAAC;AAC5C, ... (very long line, trimmed to 1000 chars)
~/dev/personal/experiments/pi-goals/node_modules/@earendil-works/pi-tui/dist/components/box.js.map:1:{"version":3,"file":"box.js","sourceRoot":"","sources":["../../src/components/box.ts"],"names":[],"mappings":"AACA,OAAO,EAAE,qBAAqB,EAAE,YAAY,EAAE,MAAM,aAAa,CAAC;AASlE;;GAEG;AACH,MAAM,OAAO,GAAG;IACf,QAAQ,GAAgB,EAAE,CAAC;IACnB,QAAQ,CAAS;IACjB,QAAQ,CAAS;IACjB,IAAI,CAA4B;IAExC,4BAA4B;IACpB,KAAK,CAAe;IAE5B,YAAY,QAAQ,GAAG,CAAC,EAAE,QAAQ,GAAG,CAAC,EAAE,IAA+B,EAAE;QACxE,IAAI,CAAC,QAAQ,GAAG,QAAQ,CAAC;QACzB,IAAI,CAAC,QAAQ,GAAG,QAAQ,CAAC;QACzB,IAAI,CAAC,IAAI,GAAG,IAAI,CAAC;IAAA,CACjB;IAED,QAAQ,CAAC,SAAoB,EAAQ;QACpC,IAAI,CAAC,QAAQ,CAAC,IAAI,CAAC,SAAS,CAAC,CAAC;QAC9B,IAAI,CAAC,eAAe,EAAE,CAAC;IAAA,CACvB;IAED,WAAW,CAAC,SAAoB,EAAQ;QACvC,MAAM,KAAK,GAAG,IAAI,CAAC,QAAQ,CAAC,OAAO,CAAC,SAAS,CAAC,CAAC;QAC/C,IAAI,KAAK,KAAK,CAAC,CAAC,EAAE,CAAC;YAClB,IAAI,CAAC,QAAQ,CAAC,MAAM,CAAC,KAAK,EAAE,CAAC,CAAC,CAAC;YAC/B,IAAI,CAAC,eAAe,EAAE,CAAC;QACxB,CAAC;IAAA,CACD;IAED,KAAK,GAAS;QACb,IAAI,CAAC,QAAQ,GAAG,EAAE,CAAC;QACnB ... (very long line, trimmed to 1000 chars)
~/dev/personal/experiments/pi-goals/node_modules/@earendil-works/pi-tui/dist/tui.d.ts.map:1:{"version":3,"file":"tui.d.ts","sourceRoot":"","sources":["../src/tui.ts"],"names":[],"mappings":"AAAA;;GAEG;AAOH,OAAO,KAAK,EAAE,QAAQ,EAAE,MAAM,eAAe,CAAC;AAE9C,OAAO,EAA2E,YAAY,EAAE,MAAM,YAAY,CAAC;AAwBnH;;GAEG;AACH,MAAM,WAAW,SAAS;IACzB;;;;OAIG;IACH,MAAM,CAAC,KAAK,EAAE,MAAM,GAAG,MAAM,EAAE,CAAC;IAEhC;;OAEG;IACH,WAAW,CAAC,CAAC,IAAI,EAAE,MAAM,GAAG,IAAI,CAAC;IAEjC;;;OAGG;IACH,eAAe,CAAC,EAAE,OAAO,CAAC;IAE1B;;;OAGG;IACH,UAAU,IAAI,IAAI,CAAC;CACnB;AAED,KAAK,mBAAmB,GAAG;IAAE,OAAO,CAAC,EAAE,OAAO,CAAC;IAAC,IAAI,CAAC,EAAE,MAAM,CAAA;CAAE,GAAG,SAAS,CAAC;AAC5E,KAAK,aAAa,GAAG,CAAC,IAAI,EAAE,MAAM,KAAK,mBAAmB,CAAC;AAE3D;;;;;GAKG;AACH,MAAM,WAAW,SAAS;IACzB,oFAAoF;IACpF,OAAO,EAAE,OAAO,CAAC;CACjB;AAED,8DAA8D;AAC9D,wBAAgB,WAAW,CAAC,SAAS,EAAE,SAAS,GAAG,IAAI,GAAG,SAAS,IAAI,SAAS,GAAG,SAAS,CAE3F;AAED;;;;;GAKG;AACH,eAAO,MAAM,aAAa,sBAAkB,CAAC;AAE7C,OAAO,EAAE,YAAY,EAAE,CAAC;AAExB;;GAEG;AACH,MAAM,MAAM,aAAa,GACtB,QAAQ,GACR,UAAU, ... (very long line, trimmed to 1000 chars)
~/dev/personal/experiments/pi-goals/node_modules/@earendil-works/pi-tui/dist/components/text.d.ts:5:export declare class Text implements Component {
~/dev/personal/experiments/pi-goals/node_modules/@earendil-works/pi-tui/dist/editor-component.js.map:1:{"version":3,"file":"editor-component.js","sourceRoot":"","sources":["../src/editor-component.ts"],"names":[],"mappings":"","sourcesContent":["import type { AutocompleteProvider } from \"./autocomplete.js\";\nimport type { Component } from \"./tui.js\";\n\n/**\n * Interface for custom editor components.\n *\n * This allows extensions to provide their own editor implementation\n * (e.g., vim mode, emacs mode, custom keybindings) while maintaining\n * compatibility with the core application.\n */\nexport interface EditorComponent extends Component {\n\t// =========================================================================\n\t// Core text access (required)\n\t// =========================================================================\n\n\t/** Get the current text content */\n\tgetText(): string;\n\n\t/** Set the text content */\n\tsetText(text: string): void;\n\n\t/** Handle raw t ... (very long line, trimmed to 1000 chars)
~/dev/personal/experiments/pi-goals/node_modules/@earendil-works/pi-tui/dist/index.js:5:export { Box } from "./components/box.js";
~/dev/personal/experiments/pi-goals/node_modules/@earendil-works/pi-tui/dist/index.js:15:export { Text } from "./components/text.js";
~/dev/personal/experiments/pi-goals/node_modules/@earendil-works/pi-tui/dist/index.js:29:export { Container, CURSOR_MARKER, isFocusable, TUI, } from "./tui.js";
~/dev/personal/experiments/pi-goals/node_modules/@earendil-works/pi-tui/dist/components/loader.js:7:export class Loader extends Text {
~/dev/personal/experiments/pi-goals/node_modules/@earendil-works/pi-tui/dist/components/loader.d.ts.map:1:{"version":3,"file":"loader.d.ts","sourceRoot":"","sources":["../../src/components/loader.ts"],"names":[],"mappings":"AAAA,OAAO,KAAK,EAAE,GAAG,EAAE,MAAM,WAAW,CAAC;AACrC,OAAO,EAAE,IAAI,EAAE,MAAM,WAAW,CAAC;AAEjC,MAAM,WAAW,sBAAsB;IACtC,kEAAkE;IAClE,MAAM,CAAC,EAAE,MAAM,EAAE,CAAC;IAClB,8DAA8D;IAC9D,UAAU,CAAC,EAAE,MAAM,CAAC;CACpB;AAKD;;GAEG;AACH,qBAAa,MAAO,SAAQ,IAAI;IAU9B,OAAO,CAAC,cAAc;IACtB,OAAO,CAAC,cAAc;IACtB,OAAO,CAAC,OAAO;IAXhB,OAAO,CAAC,MAAM,CAAuB;IACrC,OAAO,CAAC,UAAU,CAAuB;IACzC,OAAO,CAAC,YAAY,CAAK;IACzB,OAAO,CAAC,UAAU,CAA+B;IACjD,OAAO,CAAC,EAAE,CAAoB;IAC9B,OAAO,CAAC,uBAAuB,CAAS;IAExC,YACC,EAAE,EAAE,GAAG,EACC,cAAc,EAAE,CAAC,GAAG,EAAE,MAAM,KAAK,MAAM,EACvC,cAAc,EAAE,CAAC,GAAG,EAAE,MAAM,KAAK,MAAM,EACvC,OAAO,GAAE,MAAqB,EACtC,SAAS,CAAC,EAAE,sBAAsB,EAKlC;IAED,MAAM,CAAC,KAAK,EAAE,MAAM,GAAG,MAAM,EAAE,CAE9B;IAED,KAAK,IAAI,IAAI,CAGZ;IAED,IAAI,IAAI,IAAI,CAKX;IAED,UAAU,CAAC,OAAO,EAAE,MAAM,GA ... (very long line, trimmed to 1000 chars)
~/dev/personal/experiments/pi-goals/node_modules/@earendil-works/pi-tui/dist/components/text.js:5:export class Text {
~/dev/personal/experiments/pi-goals/node_modules/@earendil-works/pi-tui/dist/components/loader.d.ts:12:export declare class Loader extends Text {
~/dev/personal/experiments/pi-goals/node_modules/@earendil-works/pi-tui/dist/components/box.d.ts:5:export declare class Box implements Component {
~/dev/personal/experiments/pi-goals/node_modules/@earendil-works/pi-tui/dist/components/box.js:5:export class Box {
~/dev/personal/experiments/pi-goals/node_modules/@earendil-works/pi-tui/dist/components/markdown.js.map:1:{"version":3,"file":"markdown.js","sourceRoot":"","sources":["../../src/components/markdown.ts"],"names":[],"mappings":"AAAA,OAAO,EAAE,MAAM,EAAc,SAAS,EAAe,MAAM,QAAQ,CAAC;AACpE,OAAO,EAAE,eAAe,EAAE,SAAS,EAAE,WAAW,EAAE,MAAM,sBAAsB,CAAC;AAE/E,OAAO,EAAE,qBAAqB,EAAE,YAAY,EAAE,gBAAgB,EAAE,MAAM,aAAa,CAAC;AAEpF,MAAM,0BAA0B,GAAG,8DAA8D,CAAC;AAElG,MAAM,4BAA6B,SAAQ,SAAS;IAC1C,GAAG,CAAC,GAAW,EAA0B;QACjD,MAAM,KAAK,GAAG,0BAA0B,CAAC,IAAI,CAAC,GAAG,CAAC,CAAC;QACnD,IAAI,CAAC,KAAK,EAAE,CAAC;YACZ,OAAO,SAAS,CAAC;QAClB,CAAC;QAED,MAAM,IAAI,GAAG,KAAK,CAAC,CAAC,CAAC,CAAC;QACtB,OAAO;YACN,IAAI,EAAE,KAAK;YACX,GAAG,EAAE,KAAK,CAAC,CAAC,CAAC;YACb,IAAI;YACJ,MAAM,EAAE,IAAI,CAAC,KAAK,CAAC,YAAY,CAAC,IAAI,CAAC;SACrC,CAAC;IAAA,CACF;CACD;AAED,MAAM,cAAc,GAAG,IAAI,MAAM,EAAE,CAAC;AACpC,cAAc,CAAC,UAAU,CAAC;IACzB,SAAS,EAAE,IAAI,4BAA4B,EAAE;CAC7C,CAAC,CAAC;AAkDH,MAAM,OAAO,QAAQ;IACZ,IAAI,CAAS;IACb,QAAQ,CAAS,CAAC,qBAAqB;IACvC, ... (very long line, trimmed to 1000 chars)
~/dev/personal/experiments/pi-goals/node_modules/@earendil-works/pi-tui/dist/components/text.js.map:1:{"version":3,"file":"text.js","sourceRoot":"","sources":["../../src/components/text.ts"],"names":[],"mappings":"AACA,OAAO,EAAE,qBAAqB,EAAE,YAAY,EAAE,gBAAgB,EAAE,MAAM,aAAa,CAAC;AAEpF;;GAEG;AACH,MAAM,OAAO,IAAI;IACR,IAAI,CAAS;IACb,QAAQ,CAAS,CAAC,qBAAqB;IACvC,QAAQ,CAAS,CAAC,qBAAqB;IACvC,UAAU,CAA4B;IAE9C,4BAA4B;IACpB,UAAU,CAAU;IACpB,WAAW,CAAU;IACrB,WAAW,CAAY;IAE/B,YAAY,IAAI,GAAW,EAAE,EAAE,QAAQ,GAAW,CAAC,EAAE,QAAQ,GAAW,CAAC,EAAE,UAAqC,EAAE;QACjH,IAAI,CAAC,IAAI,GAAG,IAAI,CAAC;QACjB,IAAI,CAAC,QAAQ,GAAG,QAAQ,CAAC;QACzB,IAAI,CAAC,QAAQ,GAAG,QAAQ,CAAC;QACzB,IAAI,CAAC,UAAU,GAAG,UAAU,CAAC;IAAA,CAC7B;IAED,OAAO,CAAC,IAAY,EAAQ;QAC3B,IAAI,CAAC,IAAI,GAAG,IAAI,CAAC;QACjB,IAAI,CAAC,UAAU,GAAG,SAAS,CAAC;QAC5B,IAAI,CAAC,WAAW,GAAG,SAAS,CAAC;QAC7B,IAAI,CAAC,WAAW,GAAG,SAAS,CAAC;IAAA,CAC7B;IAED,aAAa,CAAC,UAAqC,EAAQ;QAC1D,IAAI,CAAC,UAAU,GAAG,UAAU,CAAC;QAC7B,IAAI,CAAC,UAAU,GAAG,SAAS,CAAC;QAC5B,IAAI,CAAC,WAAW,GAAG,S ... (very long line, trimmed to 1000 chars)
~/dev/personal/experiments/pi-goals/node_modules/@earendil-works/pi-tui/dist/components/text.d.ts.map:1:{"version":3,"file":"text.d.ts","sourceRoot":"","sources":["../../src/components/text.ts"],"names":[],"mappings":"AAAA,OAAO,KAAK,EAAE,SAAS,EAAE,MAAM,WAAW,CAAC;AAG3C;;GAEG;AACH,qBAAa,IAAK,YAAW,SAAS;IACrC,OAAO,CAAC,IAAI,CAAS;IACrB,OAAO,CAAC,QAAQ,CAAS;IACzB,OAAO,CAAC,QAAQ,CAAS;IACzB,OAAO,CAAC,UAAU,CAAC,CAA2B;IAG9C,OAAO,CAAC,UAAU,CAAC,CAAS;IAC5B,OAAO,CAAC,WAAW,CAAC,CAAS;IAC7B,OAAO,CAAC,WAAW,CAAC,CAAW;IAE/B,YAAY,IAAI,GAAE,MAAW,EAAE,QAAQ,GAAE,MAAU,EAAE,QAAQ,GAAE,MAAU,EAAE,UAAU,CAAC,EAAE,CAAC,IAAI,EAAE,MAAM,KAAK,MAAM,EAK/G;IAED,OAAO,CAAC,IAAI,EAAE,MAAM,GAAG,IAAI,CAK1B;IAED,aAAa,CAAC,UAAU,CAAC,EAAE,CAAC,IAAI,EAAE,MAAM,KAAK,MAAM,GAAG,IAAI,CAKzD;IAED,UAAU,IAAI,IAAI,CAIjB;IAED,MAAM,CAAC,KAAK,EAAE,MAAM,GAAG,MAAM,EAAE,CA4D9B;CACD","sourcesContent":["import type { Component } from \"../tui.js\";\nimport { applyBackgroundToLine, visibleWidth, wrapTextWithAnsi } from \"../utils.js\";\n\n/**\n * Text ... (very long line, trimmed to 1000 chars)
~/dev/personal/experiments/pi-goals/node_modules/@earendil-works/pi-tui/dist/components/loader.js.map:1:{"version":3,"file":"loader.js","sourceRoot":"","sources":["../../src/components/loader.ts"],"names":[],"mappings":"AACA,OAAO,EAAE,IAAI,EAAE,MAAM,WAAW,CAAC;AASjC,MAAM,cAAc,GAAG,CAAC,KAAG,EAAE,KAAG,EAAE,KAAG,EAAE,KAAG,EAAE,KAAG,EAAE,KAAG,EAAE,KAAG,EAAE,KAAG,EAAE,KAAG,EAAE,KAAG,CAAC,CAAC;AAC1E,MAAM,mBAAmB,GAAG,EAAE,CAAC;AAE/B;;GAEG;AACH,MAAM,OAAO,MAAO,SAAQ,IAAI;IAUtB,cAAc;IACd,cAAc;IACd,OAAO;IAXR,MAAM,GAAG,CAAC,GAAG,cAAc,CAAC,CAAC;IAC7B,UAAU,GAAG,mBAAmB,CAAC;IACjC,YAAY,GAAG,CAAC,CAAC;IACjB,UAAU,GAA0B,IAAI,CAAC;IACzC,EAAE,GAAe,IAAI,CAAC;IACtB,uBAAuB,GAAG,KAAK,CAAC;IAExC,YACC,EAAO,EACC,cAAuC,EACvC,cAAuC,EACvC,OAAO,GAAW,YAAY,EACtC,SAAkC,EACjC;QACD,KAAK,CAAC,EAAE,EAAE,CAAC,EAAE,CAAC,CAAC,CAAC;8BALR,cAAc;8BACd,cAAc;uBACd,OAAO;QAIf,IAAI,CAAC,EAAE,GAAG,EAAE,CAAC;QACb,IAAI,CAAC,YAAY,CAAC,SAAS,CAAC,CAAC;IAAA,CAC7B;IAED,MAAM,CAAC,KAAa,EAAY;QAC/B,OAAO,CAAC,EAAE,EAAE,GAAG,KAAK,CAAC,MAAM,CAAC,KAAK, ... (very long line, trimmed to 1000 chars)
~/dev/personal/experiments/pi-goals/node_modules/@earendil-works/pi-tui/dist/components/editor.js.map:1:{"version":3,"file":"editor.js","sourceRoot":"","sources":["../../src/components/editor.ts"],"names":[],"mappings":"AACA,OAAO,EAAE,cAAc,EAAE,MAAM,mBAAmB,CAAC;AACnD,OAAO,EAAE,kBAAkB,EAAE,UAAU,EAAE,MAAM,YAAY,CAAC;AAC5D,OAAO,EAAE,QAAQ,EAAE,MAAM,iBAAiB,CAAC;AAC3C,OAAO,EAAkB,aAAa,EAA4B,MAAM,WAAW,CAAC;AACpF,OAAO,EAAE,SAAS,EAAE,MAAM,kBAAkB,CAAC;AAC7C,OAAO,EAAE,YAAY,EAAE,iBAAiB,EAAE,gBAAgB,EAAE,eAAe,EAAE,YAAY,EAAE,MAAM,aAAa,CAAC;AAC/G,OAAO,EAAE,UAAU,EAAsD,MAAM,kBAAkB,CAAC;AAElG,MAAM,aAAa,GAAG,YAAY,EAAE,CAAC;AAErC,4FAA4F;AAC5F,MAAM,kBAAkB,GAAG,8CAA8C,CAAC;AAE1E,qDAAqD;AACrD,MAAM,mBAAmB,GAAG,+CAA+C,CAAC;AAE5E,oFAAoF;AACpF,SAAS,aAAa,CAAC,OAAe,EAAW;IAChD,OAAO,OAAO,CAAC,MAAM,IAAI,EAAE,IAAI,mBAAmB,CAAC,IAAI,CAAC,OAAO,CAAC,CAAC;AAAA,CACjE;AAED;;;;;;GAMG;AACH,SAAS,kBAAkB,CAAC,IAAY,EAAE,QAAqB,EAA8B;IAC5F,2DAA2D;IAC3D,IAAI,QAAQ,CAAC,IAAI,KAAK,CAAC,IAAI,CAAC,IAAI,CAAC,QAAQ,CAAC,UAAU,CAAC,EAAE,CAAC;QACv ... (very long line, trimmed to 1000 chars)
~/dev/personal/experiments/pi-goals/node_modules/@earendil-works/pi-tui/dist/components/editor.d.ts:8:export interface TextChunk {
~/dev/personal/experiments/pi-goals/node_modules/@earendil-works/pi-tui/dist/components/editor.d.ts:24:export declare function wordWrapLine(line: string, maxWidth: number, preSegmented?: Intl.SegmentData[]): TextChunk[];
~/dev/personal/experiments/pi-goals/node_modules/@earendil-works/pi-tui/dist/components/markdown.d.ts.map:1:{"version":3,"file":"markdown.d.ts","sourceRoot":"","sources":["../../src/components/markdown.ts"],"names":[],"mappings":"AAEA,OAAO,KAAK,EAAE,SAAS,EAAE,MAAM,WAAW,CAAC;AA2B3C;;;GAGG;AACH,MAAM,WAAW,gBAAgB;IAChC,gCAAgC;IAChC,KAAK,CAAC,EAAE,CAAC,IAAI,EAAE,MAAM,KAAK,MAAM,CAAC;IACjC,gCAAgC;IAChC,OAAO,CAAC,EAAE,CAAC,IAAI,EAAE,MAAM,KAAK,MAAM,CAAC;IACnC,gBAAgB;IAChB,IAAI,CAAC,EAAE,OAAO,CAAC;IACf,kBAAkB;IAClB,MAAM,CAAC,EAAE,OAAO,CAAC;IACjB,yBAAyB;IACzB,aAAa,CAAC,EAAE,OAAO,CAAC;IACxB,qBAAqB;IACrB,SAAS,CAAC,EAAE,OAAO,CAAC;CACpB;AAED;;;GAGG;AACH,MAAM,WAAW,aAAa;IAC7B,OAAO,EAAE,CAAC,IAAI,EAAE,MAAM,KAAK,MAAM,CAAC;IAClC,IAAI,EAAE,CAAC,IAAI,EAAE,MAAM,KAAK,MAAM,CAAC;IAC/B,OAAO,EAAE,CAAC,IAAI,EAAE,MAAM,KAAK,MAAM,CAAC;IAClC,IAAI,EAAE,CAAC,IAAI,EAAE,MAAM,KAAK,MAAM,CAAC;IAC/B,SAAS,EAAE,CAAC,IAAI,EAAE,MAAM,KAAK,MAAM,CAAC;IACpC,eAAe,EAAE,CAAC,IAAI,EAAE,MAAM,KAAK,MAAM,CAAC;IAC1C,KAAK,EAAE,CAAC,IAAI,EAAE,M ... (very long line, trimmed to 1000 chars)
~/dev/personal/experiments/pi-goals/node_modules/@earendil-works/pi-tui/dist/components/editor.d.ts.map:1:{"version":3,"file":"editor.d.ts","sourceRoot":"","sources":["../../src/components/editor.ts"],"names":[],"mappings":"AAAA,OAAO,KAAK,EAAE,oBAAoB,EAA2B,MAAM,oBAAoB,CAAC;AAIxF,OAAO,EAAE,KAAK,SAAS,EAAiB,KAAK,SAAS,EAAE,KAAK,GAAG,EAAE,MAAM,WAAW,CAAC;AAGpF,OAAO,EAA4C,KAAK,eAAe,EAAE,MAAM,kBAAkB,CAAC;AAwElG;;;GAGG;AACH,MAAM,WAAW,SAAS;IACzB,IAAI,EAAE,MAAM,CAAC;IACb,UAAU,EAAE,MAAM,CAAC;IACnB,QAAQ,EAAE,MAAM,CAAC;CACjB;AAED;;;;;;;;;;GAUG;AACH,wBAAgB,YAAY,CAAC,IAAI,EAAE,MAAM,EAAE,QAAQ,EAAE,MAAM,EAAE,YAAY,CAAC,EAAE,IAAI,CAAC,WAAW,EAAE,GAAG,SAAS,EAAE,CAoF3G;AAeD,MAAM,WAAW,WAAW;IAC3B,WAAW,EAAE,CAAC,GAAG,EAAE,MAAM,KAAK,MAAM,CAAC;IACrC,UAAU,EAAE,eAAe,CAAC;CAC5B;AAED,MAAM,WAAW,aAAa;IAC7B,QAAQ,CAAC,EAAE,MAAM,CAAC;IAClB,sBAAsB,CAAC,EAAE,MAAM,CAAC;CAChC;AASD,qBAAa,MAAO,YAAW,SAAS,EAAE,SAAS;IAClD,OAAO,CAAC,KAAK,CAIX;IAEF,0DAA0D;IAC1D,OAAO,EAAE,OAAO,CAAS;IAEzB,SAAS,CAAC,GAAG,EAAE,GAAG,CAAC;IACnB,OAAO,CAAC, ... (very long line, trimmed to 1000 chars)
~/dev/personal/experiments/pi-goals/node_modules/@earendil-works/pi-tui/dist/components/box.d.ts.map:1:{"version":3,"file":"box.d.ts","sourceRoot":"","sources":["../../src/components/box.ts"],"names":[],"mappings":"AAAA,OAAO,KAAK,EAAE,SAAS,EAAE,MAAM,WAAW,CAAC;AAU3C;;GAEG;AACH,qBAAa,GAAI,YAAW,SAAS;IACpC,QAAQ,EAAE,SAAS,EAAE,CAAM;IAC3B,OAAO,CAAC,QAAQ,CAAS;IACzB,OAAO,CAAC,QAAQ,CAAS;IACzB,OAAO,CAAC,IAAI,CAAC,CAA2B;IAGxC,OAAO,CAAC,KAAK,CAAC,CAAc;IAE5B,YAAY,QAAQ,SAAI,EAAE,QAAQ,SAAI,EAAE,IAAI,CAAC,EAAE,CAAC,IAAI,EAAE,MAAM,KAAK,MAAM,EAItE;IAED,QAAQ,CAAC,SAAS,EAAE,SAAS,GAAG,IAAI,CAGnC;IAED,WAAW,CAAC,SAAS,EAAE,SAAS,GAAG,IAAI,CAMtC;IAED,KAAK,IAAI,IAAI,CAGZ;IAED,OAAO,CAAC,IAAI,CAAC,EAAE,CAAC,IAAI,EAAE,MAAM,KAAK,MAAM,GAAG,IAAI,CAG7C;IAED,OAAO,CAAC,eAAe;IAIvB,OAAO,CAAC,UAAU;IAWlB,UAAU,IAAI,IAAI,CAKjB;IAED,MAAM,CAAC,KAAK,EAAE,MAAM,GAAG,MAAM,EAAE,CAmD9B;IAED,OAAO,CAAC,OAAO;CAUf","sourcesContent":["import type { Component } from \"../tui.js\";\nimport { applyBackgroundToLine, visibleWidth } from \"../ut ... (very long line, trimmed to 1000 chars)
## sentrux pre-refinement gate
$ sentrux gate --save .pi/extensions/goal
Scanning .pi/extensions/goal...
[build_project_map] 30 files, 2 unique dirs, 2 cache misses, 0.1ms
[resolve] 112 resolved, 22 unresolved (of 134 total specs)
[resolve_imports] project_map 0.1ms, suffix_idx 0.1ms, suffix_resolve 1.1ms, total 1.3ms
[build_graphs] 30 files | maps 0.0ms, imports 1.4ms, calls+inherit 0.5ms, total 1.9ms | 111 import, 591 call, 0 inherit edges
Baseline saved to .pi/extensions/goal/.sentrux/baseline.json
Quality: 6241

Run `sentrux gate` after making changes to compare.
## TUI/widget source excerpts
$ rg "export .*Box|export .*Text|export .*Container|DynamicBorder|setWidget|render\(width" node_modules/@earendil-works/pi-tui/dist/index.d.ts node_modules/@earendil-works/pi-tui/dist/tui.d.ts "$PI/dist/modes/interactive/components/dynamic-border.js" "$PI/docs/tui.md" .pi/extensions/goal/widget.ts .pi/extensions/goal/ui.ts
.pi/extensions/goal/ui.ts:10:		ctx.ui.setWidget(WIDGET_UI_KEY, undefined);
.pi/extensions/goal/ui.ts:14:	ctx.ui.setWidget(WIDGET_UI_KEY, goalWidgetFactory(goal), { placement: "aboveEditor" });
.pi/extensions/goal/widget.ts:14:	render(width: number): string[];
.pi/extensions/goal/widget.ts:34:const MIN_CARD_WIDTH = 28;
.pi/extensions/goal/widget.ts:42:	if (width < MIN_CARD_WIDTH) return compactLines(goal, theme, width);
.pi/extensions/goal/widget.ts:43:	const cardWidth = Math.min(MAX_CARD_WIDTH, Math.max(MIN_CARD_WIDTH, width));
.pi/extensions/goal/widget.ts:47:		topBorder(cardWidth, style, theme),
.pi/extensions/goal/widget.ts:48:		contentLine(theme.fg("dim", objectiveExcerpt(goal.objective, contentWidth)), contentWidth, theme),
.pi/extensions/goal/widget.ts:49:		contentLine(resourceLine(timeResource(goal), theme), contentWidth, theme),
.pi/extensions/goal/widget.ts:50:		contentLine(resourceLine(tokenResource(goal), theme), contentWidth, theme),
.pi/extensions/goal/widget.ts:51:		contentLine(floorLine(goal, theme), contentWidth, theme),
.pi/extensions/goal/widget.ts:52:		contentLine(commandLine(goal.status, theme), contentWidth, theme),
.pi/extensions/goal/widget.ts:61:	render(width: number): string[] {
.pi/extensions/goal/widget.ts:68:function compactLines(goal: GoalState, theme: GoalWidgetTheme, width: number): string[] {
.pi/extensions/goal/widget.ts:79:function topBorder(width: number, style: StatusStyle, theme: GoalWidgetTheme): string {
.pi/extensions/goal/widget.ts:92:function contentLine(content: string, width: number, theme: GoalWidgetTheme): string {
node_modules/@earendil-works/pi-tui/dist/index.d.ts:2:export { Box } from "./components/box.js";
node_modules/@earendil-works/pi-tui/dist/index.d.ts:8:export { type DefaultTextStyle, Markdown, type MarkdownTheme } from "./components/markdown.js";
node_modules/@earendil-works/pi-tui/dist/index.d.ts:12:export { Text } from "./components/text.js";
node_modules/@earendil-works/pi-tui/dist/index.d.ts:13:export { TruncatedText } from "./components/truncated-text.js";
node_modules/@earendil-works/pi-tui/dist/index.d.ts:21:export { type Component, Container, CURSOR_MARKER, type Focusable, isFocusable, type OverlayAnchor, type OverlayHandle, type OverlayMargin, type OverlayOptions, type SizeValue, TUI, } from "./tui.js";
node_modules/@earendil-works/pi-tui/dist/index.d.ts:22:export { truncateToWidth, visibleWidth, wrapTextWithAnsi } from "./utils.js";
~/dev/_state/personal/npm-tools/pi/lib/node_modules/@earendil-works/pi-coding-agent/dist/modes/interactive/components/dynamic-border.js:7: * function when using DynamicBorder in components exported for extension use.
~/dev/_state/personal/npm-tools/pi/lib/node_modules/@earendil-works/pi-coding-agent/dist/modes/interactive/components/dynamic-border.js:9:export class DynamicBorder {
~/dev/_state/personal/npm-tools/pi/lib/node_modules/@earendil-works/pi-coding-agent/dist/modes/interactive/components/dynamic-border.js:17:    render(width) {
node_modules/@earendil-works/pi-tui/dist/tui.d.ts:7: * Component interface - all components must implement this
node_modules/@earendil-works/pi-tui/dist/tui.d.ts:15:    render(width: number): string[];
node_modules/@earendil-works/pi-tui/dist/tui.d.ts:121: * Container - a component that contains other components
node_modules/@earendil-works/pi-tui/dist/tui.d.ts:123:export declare class Container implements Component {
node_modules/@earendil-works/pi-tui/dist/tui.d.ts:129:    render(width: number): string[];
node_modules/@earendil-works/pi-tui/dist/tui.d.ts:134:export declare class TUI extends Container {
~/dev/_state/personal/npm-tools/pi/lib/node_modules/@earendil-works/pi-coding-agent/docs/tui.md:15:  render(width: number): string[];
~/dev/_state/personal/npm-tools/pi/lib/node_modules/@earendil-works/pi-coding-agent/docs/tui.md:24:| `render(width)` | Return array of strings (one per line). Each line **must not exceed `width`**. |
~/dev/_state/personal/npm-tools/pi/lib/node_modules/@earendil-works/pi-coding-agent/docs/tui.md:41:  render(width: number): string[] {
~/dev/_state/personal/npm-tools/pi/lib/node_modules/@earendil-works/pi-coding-agent/docs/tui.md:295:render(width: number): string[] {
~/dev/_state/personal/npm-tools/pi/lib/node_modules/@earendil-works/pi-coding-agent/docs/tui.md:343:  render(width: number): string[] {
~/dev/_state/personal/npm-tools/pi/lib/node_modules/@earendil-works/pi-coding-agent/docs/tui.md:463:  render(width: number): string[] {
~/dev/_state/personal/npm-tools/pi/lib/node_modules/@earendil-works/pi-coding-agent/docs/tui.md:498:    // Pre-baked theme colors stored in Text component
~/dev/_state/personal/npm-tools/pi/lib/node_modules/@earendil-works/pi-coding-agent/docs/tui.md:590:For letting users pick from a list of options. Use `SelectList` from `@earendil-works/pi-tui` with `DynamicBorder` for framing.
~/dev/_state/personal/npm-tools/pi/lib/node_modules/@earendil-works/pi-coding-agent/docs/tui.md:594:import { DynamicBorder } from "@earendil-works/pi-coding-agent";
~/dev/_state/personal/npm-tools/pi/lib/node_modules/@earendil-works/pi-coding-agent/docs/tui.md:609:      container.addChild(new DynamicBorder((s: string) => theme.fg("accent", s)));
~/dev/_state/personal/npm-tools/pi/lib/node_modules/@earendil-works/pi-coding-agent/docs/tui.md:630:      container.addChild(new DynamicBorder((s: string) => theme.fg("accent", s)));
~/dev/_state/personal/npm-tools/pi/lib/node_modules/@earendil-works/pi-coding-agent/docs/tui.md:774:ctx.ui.setWidget("my-widget", ["Line 1", "Line 2"]);
~/dev/_state/personal/npm-tools/pi/lib/node_modules/@earendil-works/pi-coding-agent/docs/tui.md:777:ctx.ui.setWidget("my-widget", ["Line 1", "Line 2"], { placement: "belowEditor" });
~/dev/_state/personal/npm-tools/pi/lib/node_modules/@earendil-works/pi-coding-agent/docs/tui.md:780:ctx.ui.setWidget("my-widget", (_tui, theme) => {
~/dev/_state/personal/npm-tools/pi/lib/node_modules/@earendil-works/pi-coding-agent/docs/tui.md:793:ctx.ui.setWidget("my-widget", undefined);
~/dev/_state/personal/npm-tools/pi/lib/node_modules/@earendil-works/pi-coding-agent/docs/tui.md:805:  render(width: number): string[] {
~/dev/_state/personal/npm-tools/pi/lib/node_modules/@earendil-works/pi-coding-agent/docs/tui.md:864:  render(width: number): string[] {
~/dev/_state/personal/npm-tools/pi/lib/node_modules/@earendil-works/pi-coding-agent/docs/tui.md:865:    const lines = super.render(width);
~/dev/_state/personal/npm-tools/pi/lib/node_modules/@earendil-works/pi-coding-agent/docs/tui.md:900:2. **Always type DynamicBorder color param** - Write `(s: string) => theme.fg("accent", s)`, not `(s) => theme.fg("accent", s)`.
~/dev/_state/personal/npm-tools/pi/lib/node_modules/@earendil-works/pi-coding-agent/docs/tui.md:910:- **Selection UI**: [examples/extensions/preset.ts](../examples/extensions/preset.ts) - SelectList with DynamicBorder framing
~/dev/_state/personal/npm-tools/pi/lib/node_modules/@earendil-works/pi-coding-agent/docs/tui.md:913:- **Status indicators**: [examples/extensions/plan-mode.ts](../examples/extensions/plan-mode.ts) - setStatus and setWidget

$ rg "Card|card|border|Border" node_modules/@earendil-works/pi-tui/dist/index.d.ts node_modules/@earendil-works/pi-tui/dist/components node_modules/@earendil-works/pi-tui/dist/tui.d.ts
node_modules/@earendil-works/pi-tui/dist/components/markdown.js:234:                lines.push(this.theme.codeBlockBorder(`\`\`\`${token.lang || ""}`));
node_modules/@earendil-works/pi-tui/dist/components/markdown.js:248:                lines.push(this.theme.codeBlockBorder("```"));
node_modules/@earendil-works/pi-tui/dist/components/markdown.js:276:                // Calculate available width for quote content (subtract border "│ " = 2 chars)
node_modules/@earendil-works/pi-tui/dist/components/markdown.js:300:                        lines.push(this.theme.quoteBorder("│ ") + wrappedLine);
node_modules/@earendil-works/pi-tui/dist/components/markdown.js:491:                lines.push(this.theme.codeBlockBorder(`\`\`\`${token.lang || ""}`));
node_modules/@earendil-works/pi-tui/dist/components/markdown.js:504:                lines.push(this.theme.codeBlockBorder("```"));
node_modules/@earendil-works/pi-tui/dist/components/markdown.js:549:        // Calculate border overhead: "│ " + (n-1) * " │ " + " │"
node_modules/@earendil-works/pi-tui/dist/components/markdown.js:551:        const borderOverhead = 3 * numCols + 1;
node_modules/@earendil-works/pi-tui/dist/components/markdown.js:552:        const availableForCells = availableWidth - borderOverhead;
node_modules/@earendil-works/pi-tui/dist/components/markdown.js:601:        const totalNaturalWidth = naturalWidths.reduce((a, b) => a + b, 0) + borderOverhead;
node_modules/@earendil-works/pi-tui/dist/components/markdown.js:639:        // Render top border
node_modules/@earendil-works/pi-tui/dist/components/markdown.js:640:        const topBorderCells = columnWidths.map((w) => "─".repeat(w));
node_modules/@earendil-works/pi-tui/dist/components/markdown.js:641:        lines.push(`┌─${topBorderCells.join("─┬─")}─┐`);
node_modules/@earendil-works/pi-tui/dist/components/markdown.js:679:        // Render bottom border
node_modules/@earendil-works/pi-tui/dist/components/markdown.js:680:        const bottomBorderCells = columnWidths.map((w) => "─".repeat(w));
node_modules/@earendil-works/pi-tui/dist/components/markdown.js:681:        lines.push(`└─${bottomBorderCells.join("─┴─")}─┘`);
node_modules/@earendil-works/pi-tui/dist/components/editor.js.map:1:{"version":3,"file":"editor.js","sourceRoot":"","sources":["../../src/components/editor.ts"],"names":[],"mappings":"AACA,OAAO,EAAE,cAAc,EAAE,MAAM,mBAAmB,CAAC;AACnD,OAAO,EAAE,kBAAkB,EAAE,UAAU,EAAE,MAAM,YAAY,CAAC;AAC5D,OAAO,EAAE,QAAQ,EAAE,MAAM,iBAAiB,CAAC;AAC3C,OAAO,EAAkB,aAAa,EAA4B,MAAM,WAAW,CAAC;AACpF,OAAO,EAAE,SAAS,EAAE,MAAM,kBAAkB,CAAC;AAC7C,OAAO,EAAE,YAAY,EAAE,iBAAiB,EAAE,gBAAgB,EAAE,eAAe,EAAE,YAAY,EAAE,MAAM,aAAa,CAAC;AAC/G,OAAO,EAAE,UAAU,EAAsD,MAAM,kBAAkB,CAAC;AAElG,MAAM,aAAa,GAAG,YAAY,EAAE,CAAC;AAErC,4FAA4F;AAC5F,MAAM,kBAAkB,GAAG,8CAA8C,CAAC;AAE1E,qDAAqD;AACrD,MAAM,mBAAmB,GAAG,+CAA+C,CAAC;AAE5E,oFAAoF;AACpF,SAAS,aAAa,CAAC,OAAe,EAAW;IAChD,OAAO,OAAO,CAAC,MAAM,IAAI,EAAE,IAAI,mBAAmB,CAAC,IAAI,CAAC,OAAO,CAAC,CAAC;AAAA,CACjE;AAED;;;;;;GAMG;AACH,SAAS,kBAAkB,CAAC,IAAY,EAAE,QAAqB,EAA8B;IAC5F,2DAA2D;IAC3D,IAAI,QAAQ,CAAC,IAAI,KAAK,CAAC,IAAI,CAAC,IAAI,CAAC,QAAQ,CAAC,UAAU,CAAC,EAAE,CAAC;QACvD,OAAO,aAAa,CAAC,OAAO,CAAC,IAAI,CAAC,CAAC;IACpC,CAAC;IAED,wCAAwC;IACxC,MAAM,OAAO,GAA0C,EAAE,CAAC;IAC1D,KAAK,MAAM,CAAC,IAAI,IAAI,CAAC,QAAQ,CAAC,kBAAkB,CAAC,EAAE,CAAC;QACnD,MAAM,EAAE,GAAG,MAAM,CAAC,QAAQ,CAAC,CAAC,CAAC,CAAC,CAAE,EAAE,EAAE,CAAC,CAAC;QACtC,IAAI,CAAC,QAAQ,CAAC,GAAG,CAAC,EAAE,CAAC;YAAE,SAAS;QAChC,OAAO,CAAC,IAAI,CAAC,EAAE,KAAK,EAAE,CAAC,CAAC,KAAK,EAAE,GAAG,EAAE,CAAC,CAAC,KAAK,GAAG,CAAC,CAAC,CAAC,CAAC,CAAC,MAAM,EAAE,CAAC,CAAC;IAC9D,CAAC;IACD,IAAI,OAAO,CAAC,MAAM,KAAK,CAAC,EAAE,CAAC;QAC1B,OAAO,aAAa,CAAC,OAAO,CAAC,IAAI,CAAC,CAAC;IACpC,CAAC;IAED,6BAA6B;IAC7B,MAAM,YAAY,GAAG,aAAa,CAAC,OAAO,CAAC,IAAI,CAAC,CAAC;IACjD,MAAM,MAAM,GAAuB,EAAE,CAAC;IACtC,IAAI,SAAS,GAAG,CAAC,CAAC;IAElB,KAAK,MAAM,GAAG,IAAI,YAAY,EAAE,CAAC;QAChC,2DAA2D;QAC3D,OAAO,SAAS,GAAG,OAAO,CAAC,MAAM,IAAI,OAAO,CAAC,SAAS,CAAE,CAAC,GAAG,IAAI,GAAG,CAAC,KAAK,EAAE,CAAC;YAC3E,SAAS,EAAE,CAAC;QACb,CAAC;QAED,MAAM,MAAM,GAAG,SAAS,GAAG,OAAO,CAAC,MAAM,CAAC,CAAC,CAAC,OAAO,CAAC,SAAS,CAAE,CAAC,CAAC,CAAC,IAAI,CAAC;QAEvE,IAAI,MAAM,IAAI,GAAG,CAAC,KAAK,IAAI,MAAM,CAAC,KAAK,IAAI,GAAG,CAAC,KAAK,GAAG,MAAM,CAAC,GAAG,EAAE,CAAC;YACnE,sCAAsC;YACtC,qEAAqE;YACrE,IAAI,GAAG,CAAC,KAAK,KAAK,MAAM,CAAC,KAAK,EAAE,CAAC;gBAChC,MAAM,UAAU,GAAG,IAAI,CAAC,KAAK,CAAC,MAAM,CAAC,KAAK,EAAE,MAAM,CAAC,GAAG,CAAC,CAAC;gBACxD,MAAM,CAAC,IAAI,CAAC;oBACX,OAAO,EAAE,UAAU;oBACnB,KAAK,EAAE,MAAM,CAAC,KAAK;oBACnB,KAAK,EAAE,IAAI;iBACX,CAAC,CAAC;YACJ,CAAC;YACD,0DAA0D;QAC3D,CAAC;aAAM,CAAC;YACP,MAAM,CAAC,IAAI,CAAC,GAAG,CAAC,CAAC;QAClB,CAAC;IACF,CAAC;IAED,OAAO,MAAM,CAAC;AAAA,CACd;AAYD;;;;;;;;;;GAUG;AACH,MAAM,UAAU,YAAY,CAAC,IAAY,EAAE,QAAgB,EAAE,YAAiC,EAAe;IAC5G,IAAI,CAAC,IAAI,IAAI,QAAQ,IAAI,CAAC,EAAE,CAAC;QAC5B,OAAO,CAAC,EAAE,IAAI,EAAE,EAAE,EAAE,UAAU,EAAE,CAAC,EAAE,QAAQ,EAAE,CAAC,EAAE,CAAC,CAAC;IACnD,CAAC;IAED,MAAM,SAAS,GAAG,YAAY,CAAC,IAAI,CAAC,CAAC;IACrC,IAAI,SAAS,IAAI,QAAQ,EAAE,CAAC;QAC3B,OAAO,CAAC,EAAE,IAAI,EAAE,IAAI,EAAE,UAAU,EAAE,CAAC,EAAE,QAAQ,EAAE,IAAI,CAAC,MAAM,EAAE,CAAC,CAAC;IAC/D,CAAC;IAED,MAAM,MAAM,GAAgB,EAAE,CAAC;IAC/B,MAAM,QAAQ,GAAG,YAAY,IAAI,CAAC,GAAG,aAAa,CAAC,OAAO,CAAC,IAAI,CAAC,CAAC,CAAC;IAElE,IAAI,YAAY,GAAG,CAAC,CAAC;IACrB,IAAI,UAAU,GAAG,CAAC,CAAC;IAEnB,mFAAmF;IACnF,gDAAgD;IAChD,IAAI,YAAY,GAAG,CAAC,CAAC,CAAC;IACtB,IAAI,YAAY,GAAG,CAAC,CAAC;IAErB,KAAK,IAAI,CAAC,GAAG,CAAC,EAAE,CAAC,GAAG,QAAQ,CAAC,MAAM,EAAE,CAAC,EAAE,EAAE,CAAC;QAC1C,MAAM,GAAG,GAAG,QAAQ,CAAC,CAAC,CAAE,CAAC;QACzB,MAAM,QAAQ,GAAG,GAAG,CAAC,OAAO,CAAC;QAC7B,MAAM,MAAM,GAAG,YAAY,CAAC,QAAQ,CAAC,CAAC;QACtC,MAAM,SAAS,GAAG,GAAG,CAAC,KAAK,CAAC;QAC5B,MAAM,IAAI,GAAG,CAAC,aAAa,CAAC,QAAQ,CAAC,IAAI,gBAAgB,CAAC,QAAQ,CAAC,CAAC;QAEpE,mCAAmC;QACnC,IAAI,YAAY,GAAG,MAAM,GAAG,QAAQ,EAAE,CAAC;YACtC,IAAI,YAAY,IAAI,CAAC,IAAI,YAAY,GAAG,YAAY,GAAG,MAAM,IAAI,QAAQ,EAAE,CAAC;gBAC3E,4DAA4D;gBAC5D,yDAAyD;gBACzD,MAAM,CAAC,IAAI,CAAC,EAAE,IAAI,EAAE,IAAI,CAAC,KAAK,CAAC,UAAU,EAAE,YAAY,CAAC,EAAE,UAAU,EAAE,UAAU,EAAE,QAAQ,EAAE,YAAY,EAAE,CAAC,CAAC;gBAC5G,UAAU,GAAG,YAAY,CAAC;gBAC1B,YAAY,IAAI,YAAY,CAAC;YAC9B,CAAC;iBAAM,IAAI,UAAU,GAAG,SAAS,EAAE,CAAC;gBACnC,+DAA+D;gBAC/D,0DAA0D;gBAC1D,4DAA4D;gBAC5D,6DAA6D;gBAC7D,YAAY;gBACZ,MAAM,CAAC,IAAI,CAAC,EAAE,IAAI,EAAE,IAAI,CAAC,KAAK,CAAC,UAAU,EAAE,SAAS,CAAC,EAAE,UAAU,EAAE,UAAU,EAAE,QAAQ,EAAE,SAAS,EAAE,CAAC,CAAC;gBACtG,UAAU,GAAG,SAAS,CAAC;gBACvB,YAAY,GAAG,CAAC,CAAC;YAClB,CAAC;YACD,YAAY,GAAG,CAAC,CAAC,CAAC;QACnB,CAAC;QAED,IAAI,MAAM,GAAG,QAAQ,EAAE,CAAC;YACvB,+DAA+D;YAC/D,6DAA6D;YAE7D,kDAAkD;YAClD,0EAAwE;YACxE,MAAM,SAAS,GAAG,YAAY,CAAC,QAAQ,EAAE,QAAQ,CAAC,CAAC;YACnD,KAAK,IAAI,CAAC,GAAG,CAAC,EAAE,CAAC,GAAG,SAAS,CAAC,MAAM,GAAG,CAAC,EAAE,CAAC,EAAE,EAAE,CAAC;gBAC/C,MAAM,EAAE,GAAG,SAAS,CAAC,CAAC,CAAE,CAAC;gBACzB,MAAM,CAAC,IAAI,CAAC,EAAE,IAAI,EAAE,EAAE,CAAC,IAAI,EAAE,UAAU,EAAE,SAAS,GAAG,EAAE,CAAC,UAAU,EAAE,QAAQ,EAAE,SAAS,GAAG,EAAE,CAAC,QAAQ,EAAE,CAAC,CAAC;YAC1G,CAAC;YACD,MAAM,IAAI,GAAG,SAAS,CAAC,SAAS,CAAC,MAAM,GAAG,CAAC,CAAE,CAAC;YAC9C,UAAU,GAAG,SAAS,GAAG,IAAI,CAAC,UAAU,CAAC;YACzC,YAAY,GAAG,YAAY,CAAC,IAAI,CAAC,IAAI,CAAC,CAAC;YACvC,YAAY,GAAG,CAAC,CAAC,CAAC;YAClB,SAAS;QACV,CAAC;QAED,WAAW;QACX,YAAY,IAAI,MAAM,CAAC;QAEvB,kEAAkE;QAClE,mEAAmE;QACnE,6CAA6C;QAC7C,MAAM,IAAI,GAAG,QAAQ,CAAC,CAAC,GAAG,CAAC,CAAC,CAAC;QAC7B,IAAI,IAAI,IAAI,IAAI,IAAI,CAAC,aAAa,CAAC,IAAI,CAAC,OAAO,CAAC,IAAI,CAAC,gBAAgB,CAAC,IAAI,CAAC,OAAO,CAAC,CAAC,EAAE,CAAC;YACtF,YAAY,GAAG,IAAI,CAAC,KAAK,CAAC;YAC1B,YAAY,GAAG,YAAY,CAAC;QAC7B,CAAC;IACF,CAAC;IAED,oBAAoB;IACpB,MAAM,CAAC,IAAI,CAAC,EAAE,IAAI,EAAE,IAAI,CAAC,KAAK,CAAC,UAAU,CAAC,EAAE,UAAU,EAAE,UAAU,EAAE,QAAQ,EAAE,IAAI,CAAC,MAAM,EAAE,CAAC,CAAC;IAE7F,OAAO,MAAM,CAAC;AAAA,CACd;AAyBD,MAAM,gCAAgC,GAA4B;IACjE,qBAAqB,EAAE,EAAE;IACzB,qBAAqB,EAAE,EAAE;CACzB,CAAC;AAEF,MAAM,mCAAmC,GAAG,EAAE,CAAC;AAE/C,MAAM,OAAO,MAAM;IACV,KAAK,GAAgB;QAC5B,KAAK,EAAE,CAAC,EAAE,CAAC;QACX,UAAU,EAAE,CAAC;QACb,SAAS,EAAE,CAAC;KACZ,CAAC;IAEF,0DAA0D;IAC1D,OAAO,GAAY,KAAK,CAAC;IAEf,GAAG,CAAM;IACX,KAAK,CAAc;IACnB,QAAQ,GAAW,CAAC,CAAC;IAE7B,gDAAgD;IACxC,SAAS,GAAW,EAAE,CAAC;IAE/B,6BAA6B;IACrB,YAAY,GAAW,CAAC,CAAC;IAEjC,4CAA4C;IACrC,WAAW,CAA0B;IAE5C,uBAAuB;IACf,oBAAoB,CAAwB;IAC5C,gBAAgB,CAAc;IAC9B,iBAAiB,GAA+B,IAAI,CAAC;IACrD,kBAAkB,GAAW,EAAE,CAAC;IAChC,sBAAsB,GAAW,CAAC,CAAC;IACnC,iBAAiB,CAAmB;IACpC,yBAAyB,CAAiC;IAC1D,uBAAuB,GAAkB,OAAO,CAAC,OAAO,EAAE,CAAC;IAC3D,sBAAsB,GAAW,CAAC,CAAC;IACnC,qBAAqB,GAAW,CAAC,CAAC;IAE1C,kCAAkC;IAC1B,MAAM,GAAwB,IAAI,GAAG,EAAE,CAAC;IACxC,YAAY,GAAW,CAAC,CAAC;IAEjC,iCAAiC;IACzB,WAAW,GAAW,EAAE,CAAC;IACzB,SAAS,GAAY,KAAK,CAAC;IAEnC,wCAAwC;IAChC,OAAO,GAAa,EAAE,CAAC;IACvB,YAAY,GAAW,CAAC,CAAC,CAAC,CAAC,sDAAsD;IAEzF,iDAAiD;IACzC,QAAQ,GAAG,IAAI,QAAQ,EAAE,CAAC;IAC1B,UAAU,GAAyC,IAAI,CAAC;IAEhE,sBAAsB;IACd,QAAQ,GAAkC,IAAI,CAAC;IAEvD,uEAAuE;IAC/D,kBAAkB,GAAkB,IAAI,CAAC;IAEjD,uEAAuE;IACvE,yEAAyE;IACzE,oEAAoE;IACpE,4EAA4E;IAC5E,MAAM;IACE,oBAAoB,GAAkB,IAAI,CAAC;IAEnD,eAAe;IACP,SAAS,GAAG,IAAI,SAAS,EAAe,CAAC;IAE1C,QAAQ,CAA0B;IAClC,QAAQ,CAA0B;IAClC,aAAa,GAAY,KAAK,CAAC;IAEtC,YAAY,GAAQ,EAAE,KAAkB,EAAE,OAAO,GAAkB,EAAE,EAAE;QACtE,IAAI,CAAC,GAAG,GAAG,GAAG,CAAC;QACf,IAAI,CAAC,KAAK,GAAG,KAAK,CAAC;QACnB,IAAI,CAAC,WAAW,GAAG,KAAK,CAAC,WAAW,CAAC;QACrC,MAAM,QAAQ,GAAG,OAAO,CAAC,QAAQ,IAAI,CAAC,CAAC;QACvC,IAAI,CAAC,QAAQ,GAAG,MAAM,CAAC,QAAQ,CAAC,QAAQ,CAAC,CAAC,CAAC,CAAC,IAAI,CAAC,GAAG,CAAC,CAAC,EAAE,IAAI,CAAC,KAAK,CAAC,QAAQ,CAAC,CAAC,CAAC,CAAC,CAAC,CAAC,CAAC;QAClF,MAAM,UAAU,GAAG,OAAO,CAAC,sBAAsB,IAAI,CAAC,CAAC;QACvD,IAAI,CAAC,sBAAsB,GAAG,MAAM,CAAC,QAAQ,CAAC,UAAU,CAAC,CAAC,CAAC,CAAC,IAAI,CAAC,GAAG,CAAC,CAAC,EAAE,IAAI,CAAC,GAAG,CAAC,EAAE,EAAE,IAAI,CAAC,KAAK,CAAC,UAAU,CAAC,CAAC,CAAC,CAAC,CAAC,CAAC,CAAC,CAAC;IAAA,CAClH;IAED,uEAAuE;IAC/D,aAAa,GAAgB;QACpC,OAAO,IAAI,GAAG,CAAC,IAAI,CAAC,MAAM,CAAC,IAAI,EAAE,CAAC,CAAC;IAAA,CACnC;IAED,qFAAqF;IAC7E,OAAO,CAAC,IAAY,EAA8B;QACzD,OAAO,kBAAkB,CAAC,IAAI,EAAE,IAAI,CAAC,aAAa,EAAE,CAAC,CAAC;IAAA,CACtD;IAED,WAAW,GAAW;QACrB,OAAO,IAAI,CAAC,QAAQ,CAAC;IAAA,CACrB;IAED,WAAW,CAAC,OAAe,EAAQ;QAClC,MAAM,UAAU,GAAG,MAAM,CAAC,QAAQ,CAAC,OAAO,CAAC,CAAC,CAAC,CAAC,IAAI,CAAC,GAAG,CAAC,CAAC,EAAE,IAAI,CAAC,KAAK,CAAC,OAAO,CAAC,CAAC,CAAC,CAAC,CAAC,CAAC,CAAC;QACnF,IAAI,IAAI,CAAC,QAAQ,KAAK,UAAU,EAAE,CAAC;YAClC,IAAI,CAAC,QAAQ,GAAG,UAAU,CAAC;YAC3B,IAAI,CAAC,GAAG,CAAC,aAAa,EAAE,CAAC;QAC1B,CAAC;IAAA,CACD;IAED,yBAAyB,GAAW;QACnC,OAAO,IAAI,CAAC,sBAAsB,CAAC;IAAA,CACnC;IAED,yBAAyB,CAAC,UAAkB,EAAQ;QACnD,MAAM,aAAa,GAAG,MAAM,CAAC,QAAQ,CAAC,UAAU,CAAC,CAAC,CAAC,CAAC,IAAI,CAAC,GAAG,CAAC,CAAC,EAAE,IAAI,CAAC,GAAG,CAAC,EAAE,EAAE,IAAI,CAAC,KAAK,CAAC,UAAU,CAAC,CAAC,CAAC,CAAC,CAAC,CAAC,CAAC,CAAC;QAC1G,IAAI,IAAI,CAAC,sBAAsB,KAAK,aAAa,EAAE,CAAC;YACnD,IAAI,CAAC,sBAAsB,GAAG,aAAa,CAAC;YAC5C,IAAI,CAAC,GAAG,CAAC,aAAa,EAAE,CAAC;QAC1B,CAAC;IAAA,CACD;IAED,uBAAuB,CAAC,QAA8B,EAAQ;QAC7D,IAAI,CAAC,kBAAkB,EAAE,CAAC;QAC1B,IAAI,CAAC,oBAAoB,GAAG,QAAQ,CAAC;IAAA,CACrC;IAED;;;OAGG;IACH,YAAY,CAAC,IAAY,EAAQ;QAChC,MAAM,OAAO,GAAG,IAAI,CAAC,IAAI,EAAE,CAAC;QAC5B,IAAI,CAAC,OAAO;YAAE,OAAO;QACrB,mCAAmC;QACnC,IAAI,IAAI,CAAC,OAAO,CAAC,MAAM,GAAG,CAAC,IAAI,IAAI,CAAC,OAAO,CAAC,CAAC,CAAC,KAAK,OAAO;YAAE,OAAO;QACnE,IAAI,CAAC,OAAO,CAAC,OAAO,CAAC,OAAO,CAAC,CAAC;QAC9B,qBAAqB;QACrB,IAAI,IAAI,CAAC,OAAO,CAAC,MAAM,GAAG,GAAG,EAAE,CAAC;YAC/B,IAAI,CAAC,OAAO,CAAC,GAAG,EAAE,CAAC;QACpB,CAAC;IAAA,CACD;IAEO,aAAa,GAAY;QAChC,OAAO,IAAI,CAAC,KAAK,CAAC,KAAK,CAAC,MAAM,KAAK,CAAC,IAAI,IAAI,CAAC,KAAK,CAAC,KAAK,CAAC,CAAC,CAAC,KAAK,EAAE,CAAC;IAAA,CACnE;IAEO,mBAAmB,GAAY;QACtC,MAAM,WAAW,GAAG,IAAI,CAAC,kBAAkB,CAAC,IAAI,CAAC,SAAS,CAAC,CAAC;QAC5D,MAAM,iBAAiB,GAAG,IAAI,CAAC,qBAAqB,CAAC,WAAW,CAAC,CAAC;QAClE,OAAO,iBAAiB,KAAK,CAAC,CAAC;IAAA,CAC/B;IAEO,kBAAkB,GAAY;QACrC,MAAM,WAAW,GAAG,IAAI,CAAC,kBAAkB,CAAC,IAAI,CAAC,SAAS,CAAC,CAAC;QAC5D,MAAM,iBAAiB,GAAG,IAAI,CAAC,qBAAqB,CAAC,WAAW,CAAC,CAAC;QAClE,OAAO,iBAAiB,KAAK,WAAW,CAAC,MAAM,GAAG,CAAC,CAAC;IAAA,CACpD;IAEO,eAAe,CAAC,SAAiB,EAAQ;QAChD,IAAI,CAAC,UAAU,GAAG,IAAI,CAAC;QACvB,IAAI,IAAI,CAAC,OAAO,CAAC,MAAM,KAAK,CAAC;YAAE,OAAO;QAEtC,MAAM,QAAQ,GAAG,IAAI,CAAC,YAAY,GAAG,SAAS,CAAC,CAAC,4CAA4C;QAC5F,IAAI,QAAQ,GAAG,CAAC,CAAC,IAAI,QAAQ,IAAI,IAAI,CAAC,OAAO,CAAC,MAAM;YAAE,OAAO;QAE7D,0DAA0D;QAC1D,IAAI,IAAI,CAAC,YAAY,KAAK,CAAC,CAAC,IAAI,QAAQ,IAAI,CAAC,EAAE,CAAC;YAC/C,IAAI,CAAC,gBAAgB,EAAE,CAAC;QACzB,CAAC;QAED,IAAI,CAAC,YAAY,GAAG,QAAQ,CAAC;QAE7B,IAAI,IAAI,CAAC,YAAY,KAAK,CAAC,CAAC,EAAE,CAAC;YAC9B,6CAA6C;YAC7C,IAAI,CAAC,eAAe,CAAC,EAAE,CAAC,CAAC;QAC1B,CAAC;aAAM,CAAC;YACP,IAAI,CAAC,eAAe,CAAC,IAAI,CAAC,OAAO,CAAC,IAAI,CAAC,YAAY,CAAC,IAAI,EAAE,CAAC,CAAC;QAC7D,CAAC;IAAA,CACD;IAED,kFAAkF;IAC1E,eAAe,CAAC,IAAY,EAAQ;QAC3C,MAAM,KAAK,GAAG,IAAI,CAAC,KAAK,CAAC,IAAI,CAAC,CAAC;QAC/B,IAAI,CAAC,KAAK,CAAC,KAAK,GAAG,KAAK,CAAC,MAAM,KAAK,CAAC,CAAC,CAAC,CAAC,CAAC,EAAE,CAAC,CAAC,CAAC,CAAC,KAAK,CAAC;QACrD,IAAI,CAAC,KAAK,CAAC,UAAU,GAAG,IAAI,CAAC,KAAK,CAAC,KAAK,CAAC,MAAM,GAAG,CAAC,CAAC;QACpD,IAAI,CAAC,YAAY,CAAC,IAAI,CAAC,KAAK,CAAC,KAAK,CAAC,IAAI,CAAC,KAAK,CAAC,UAAU,CAAC,EAAE,MAAM,IAAI,CAAC,CAAC,CAAC;QACxE,qDAAqD;QACrD,IAAI,CAAC,YAAY,GAAG,CAAC,CAAC;QAEtB,IAAI,IAAI,CAAC,QAAQ,EAAE,CAAC;YACnB,IAAI,CAAC,QAAQ,CAAC,IAAI,CAAC,OAAO,EAAE,CAAC,CAAC;QAC/B,CAAC;IAAA,CACD;IAED,UAAU,GAAS;QAClB,0CAA0C;IADvB,CAEnB;IAED,MAAM,CAAC,KAAa,EAAY;QAC/B,MAAM,UAAU,GAAG,IAAI,CAAC,GAAG,CAAC,CAAC,EAAE,IAAI,CAAC,KAAK,CAAC,CAAC,KAAK,GAAG,CAAC,CAAC,GAAG,CAAC,CAAC,CAAC,CAAC;QAC5D,MAAM,QAAQ,GAAG,IAAI,CAAC,GAAG,CAAC,IAAI,CAAC,QAAQ,EAAE,UAAU,CAAC,CAAC;QACrD,MAAM,YAAY,GAAG,IAAI,CAAC,GAAG,CAAC,CAAC,EAAE,KAAK,GAAG,QAAQ,GAAG,CAAC,CAAC,CAAC;QAEvD,8DAA8D;QAC9D,sDAAsD;QACtD,MAAM,WAAW,GAAG,IAAI,CAAC,GAAG,CAAC,CAAC,EAAE,YAAY,GAAG,CAAC,QAAQ,CAAC,CAAC,CAAC,CAAC,CAAC,CAAC,CAAC,CAAC,CAAC,CAAC,CAAC;QAEnE,0DAA0D;QAC1D,IAAI,CAAC,SAAS,GAAG,WAAW,CAAC;QAE7B,MAAM,UAAU,GAAG,IAAI,CAAC,WAAW,CAAC,KAAG,CAAC,CAAC;QAEzC,kBAAkB;QAClB,MAAM,WAAW,GAAG,IAAI,CAAC,UAAU,CAAC,WAAW,CAAC,CAAC;QAEjD,uEAAuE;QACvE,MAAM,YAAY,GAAG,IAAI,CAAC,GAAG,CAAC,QAAQ,CAAC,IAAI,CAAC;QAC5C,MAAM,eAAe,GAAG,IAAI,CAAC,GAAG,CAAC,CAAC,EAAE,IAAI,CAAC,KAAK,CAAC,YAAY,GAAG,GAAG,CAAC,CAAC,CAAC;QAEpE,4CAA4C;QAC5C,IAAI,eAAe,GAAG,WAAW,CAAC,SAAS,CAAC,CAAC,IAAI,EAAE,EAAE,CAAC,IAAI,CAAC,SAAS,CAAC,CAAC;QACtE,IAAI,eAAe,KAAK,CAAC,CAAC;YAAE,eAAe,GAAG,CAAC,CAAC;QAEhD,8CAA8C;QAC9C,IAAI,eAAe,GAAG,IAAI,CAAC,YAAY,EAAE,CAAC;YACzC,IAAI,CAAC,YAAY,GAAG,eAAe,CAAC;QACrC,CAAC;aAAM,IAAI,eAAe,IAAI,IAAI,CAAC,YAAY,GAAG,eAAe,EAAE,CAAC;YACnE,IAAI,CAAC,YAAY,GAAG,eAAe,GAAG,eAAe,GAAG,CAAC,CAAC;QAC3D,CAAC;QAED,qCAAqC;QACrC,MAAM,eAAe,GAAG,IAAI,CAAC,GAAG,CAAC,CAAC,EAAE,WAAW,CAAC,MAAM,GAAG,eAAe,CAAC,CAAC;QAC1E,IAAI,CAAC,YAAY,GAAG,IAAI,CAAC,GAAG,CAAC,CAAC,EAAE,IAAI,CAAC,GAAG,CAAC,IAAI,CAAC,YAAY,EAAE,eAAe,CAAC,CAAC,CAAC;QAE9E,0BAA0B;QAC1B,MAAM,YAAY,GAAG,WAAW,CAAC,KAAK,CAAC,IAAI,CAAC,YAAY,EAAE,IAAI,CAAC,YAAY,GAAG,eAAe,CAAC,CAAC;QAE/F,MAAM,MAAM,GAAa,EAAE,CAAC;QAC5B,MAAM,WAAW,GAAG,GAAG,CAAC,MAAM,CAAC,QAAQ,CAAC,CAAC;QACzC,MAAM,YAAY,GAAG,WAAW,CAAC;QAEjC,6DAA6D;QAC7D,IAAI,IAAI,CAAC,YAAY,GAAG,CAAC,EAAE,CAAC;YAC3B,MAAM,SAAS,GAAG,iBAAS,IAAI,CAAC,YAAY,QAAQ,CAAC;YACrD,MAAM,SAAS,GAAG,KAAK,GAAG,YAAY,CAAC,SAAS,CAAC,CAAC;YAClD,IAAI,SAAS,IAAI,CAAC,EAAE,CAAC;gBACpB,MAAM,CAAC,IAAI,CAAC,IAAI,CAAC,WAAW,CAAC,SAAS,GAAG,KAAG,CAAC,MAAM,CAAC,SAAS,CAAC,CAAC,CAAC,CAAC;YAClE,CAAC;iBAAM,CAAC;gBACP,MAAM,CAAC,IAAI,CAAC,IAAI,CAAC,WAAW,CAAC,eAAe,CAAC,SAAS,EAAE,KAAK,CAAC,CAAC,CAAC,CAAC;YAClE,CAAC;QACF,CAAC;aAAM,CAAC;YACP,MAAM,CAAC,IAAI,CAAC,UAAU,CAAC,MAAM,CAAC,KAAK,CAAC,CAAC,CAAC;QACvC,CAAC;QAED,kCAAkC;QAClC,6EAA6E;QAC7E,MAAM,gBAAgB,GAAG,IAAI,CAAC,OAAO,IAAI,CAAC,IAAI,CAAC,iBAAiB,CAAC;QAEjE,KAAK,MAAM,UAAU,IAAI,YAAY,EAAE,CAAC;YACvC,IAAI,WAAW,GAAG,UAAU,CAAC,IAAI,CAAC;YAClC,IAAI,gBAAgB,GAAG,YAAY,CAAC,UAAU,CAAC,IAAI,CAAC,CAAC;YACrD,IAAI,eAAe,GAAG,KAAK,CAAC;YAE5B,iCAAiC;YACjC,IAAI,UAAU,CAAC,SAAS,IAAI,UAAU,CAAC,SAAS,KAAK,SAAS,EAAE,CAAC;gBAChE,MAAM,MAAM,GAAG,WAAW,CAAC,KAAK,CAAC,CAAC,EAAE,UAAU,CAAC,SAAS,CAAC,CAAC;gBAC1D,MAAM,KAAK,GAAG,WAAW,CAAC,KAAK,CAAC,UAAU,CAAC,SAAS,CAAC,CAAC;gBAEtD,sFAAsF;gBACtF,MAAM,MAAM,GAAG,gBAAgB,CAAC,CAAC,CAAC,aAAa,CAAC,CAAC,CAAC,EAAE,CAAC;gBAErD,IAAI,KAAK,CAAC,MAAM,GAAG,CAAC,EAAE,CAAC;oBACtB,4EAA4E;oBAC5E,sCAAsC;oBACtC,MAAM,cAAc,GAAG,CAAC,GAAG,IAAI,CAAC,OAAO,CAAC,KAAK,CAAC,CAAC,CAAC;oBAChD,MAAM,aAAa,GAAG,cAAc,CAAC,CAAC,CAAC,EAAE,OAAO,IAAI,EAAE,CAAC;oBACvD,MAAM,SAAS,GAAG,KAAK,CAAC,KAAK,CAAC,aAAa,CAAC,MAAM,CAAC,CAAC;oBACpD,MAAM,MAAM,GAAG,UAAU,aAAa,SAAS,CAAC;oBAChD,WAAW,GAAG,MAAM,GAAG,MAAM,GAAG,MAAM,GAAG,SAAS,CAAC;oBACnD,gEAAgE;gBACjE,CAAC;qBAAM,CAAC;oBACP,+CAA+C;oBAC/C,MAAM,MAAM,GAAG,iBAAiB,CAAC;oBACjC,WAAW,GAAG,MAAM,GAAG,MAAM,GAAG,MAAM,CAAC;oBACvC,gBAAgB,GAAG,gBAAgB,GAAG,CAAC,CAAC;oBACxC,8DAA8D;oBAC9D,IAAI,gBAAgB,GAAG,YAAY,IAAI,QAAQ,GAAG,CAAC,EAAE,CAAC;wBACrD,eAAe,GAAG,IAAI,CAAC;oBACxB,CAAC;gBACF,CAAC;YACF,CAAC;YAED,kDAAkD;YAClD,MAAM,OAAO,GAAG,GAAG,CAAC,MAAM,CAAC,IAAI,CAAC,GAAG,CAAC,CAAC,EAAE,YAAY,GAAG,gBAAgB,CAAC,CAAC,CAAC;YACzE,MAAM,gBAAgB,GAAG,eAAe,CAAC,CAAC,CAAC,YAAY,CAAC,KAAK,CAAC,CAAC,CAAC,CAAC,CAAC,CAAC,YAAY,CAAC;YAEhF,2EAA2E;YAC3E,MAAM,CAAC,IAAI,CAAC,GAAG,WAAW,GAAG,WAAW,GAAG,OAAO,GAAG,gBAAgB,EAAE,CAAC,CAAC;QAC1E,CAAC;QAED,qEAAqE;QACrE,MAAM,UAAU,GAAG,WAAW,CAAC,MAAM,GAAG,CAAC,IAAI,CAAC,YAAY,GAAG,YAAY,CAAC,MAAM,CAAC,CAAC;QAClF,IAAI,UAAU,GAAG,CAAC,EAAE,CAAC;YACpB,MAAM,SAAS,GAAG,iBAAS,UAAU,QAAQ,CAAC;YAC9C,MAAM,SAAS,GAAG,KAAK,GAAG,YAAY,CAAC,SAAS,CAAC,CAAC;YAClD,MAAM,CAAC,IAAI,CAAC,IAAI,CAAC,WAAW,CAAC,SAAS,GAAG,KAAG,CAAC,MAAM,CAAC,IAAI,CAAC,GAAG,CAAC,CAAC,EAAE,SAAS,CAAC,CAAC,CAAC,CAAC,CAAC;QAC/E,CAAC;aAAM,CAAC;YACP,MAAM,CAAC,IAAI,CAAC,UAAU,CAAC,MAAM,CAAC,KAAK,CAAC,CAAC,CAAC;QACvC,CAAC;QAED,kCAAkC;QAClC,IAAI,IAAI,CAAC,iBAAiB,IAAI,IAAI,CAAC,gBAAgB,EAAE,CAAC;YACrD,MAAM,kBAAkB,GAAG,IAAI,CAAC,gBAAgB,CAAC,MAAM,CAAC,YAAY,CAAC,CAAC;YACtE,KAAK,MAAM,IAAI,IAAI,kBAAkB,EAAE,CAAC;gBACvC,MAAM,SAAS,GAAG,YAAY,CAAC,IAAI,CAAC,CAAC;gBACrC,MAAM,WAAW,GAAG,GAAG,CAAC,MAAM,CAAC,IAAI,CAAC,GAAG,CAAC,CAAC,EAAE,YAAY,GAAG,SAAS,CAAC,CAAC,CAAC;gBACtE,MAAM,CAAC,IAAI,CAAC,GAAG,WAAW,GAAG,IAAI,GAAG,WAAW,GAAG,YAAY,EAAE,CAAC,CAAC;YACnE,CAAC;QACF,CAAC;QAED,OAAO,MAAM,CAAC;IAAA,CACd;IAED,WAAW,CAAC,IAAY,EAAQ;QAC/B,MAAM,EAAE,GAAG,cAAc,EAAE,CAAC;QAE5B,kEAAkE;QAClE,IAAI,IAAI,CAAC,QAAQ,KAAK,IAAI,EAAE,CAAC;YAC5B,wCAAwC;YACxC,IAAI,EAAE,CAAC,OAAO,CAAC,IAAI,EAAE,wBAAwB,CAAC,IAAI,EAAE,CAAC,OAAO,CAAC,IAAI,EAAE,yBAAyB,CAAC,EAAE,CAAC;gBAC/F,IAAI,CAAC,QAAQ,GAAG,IAAI,CAAC;gBACrB,OAAO;YACR,CAAC;YAED,MAAM,SAAS,GAAG,kBAAkB,CAAC,IAAI,CAAC,IAAI,CAAC,IAAI,CAAC,UAAU,CAAC,CAAC,CAAC,IAAI,EAAE,CAAC,CAAC,CAAC,IAAI,CAAC,CAAC,CAAC,SAAS,CAAC,CAAC;YAC5F,IAAI,SAAS,KAAK,SAAS,EAAE,CAAC;gBAC7B,yCAAyC;gBACzC,MAAM,SAAS,GAAG,IAAI,CAAC,QAAQ,CAAC;gBAChC,IAAI,CAAC,QAAQ,GAAG,IAAI,CAAC;gBACrB,IAAI,CAAC,UAAU,CAAC,SAAS,EAAE,SAAS,CAAC,CAAC;gBACtC,OAAO;YACR,CAAC;YAED,iEAAiE;YACjE,IAAI,CAAC,QAAQ,GAAG,IAAI,CAAC;QACtB,CAAC;QAED,8BAA8B;QAC9B,IAAI,IAAI,CAAC,QAAQ,CAAC,WAAW,CAAC,EAAE,CAAC;YAChC,IAAI,CAAC,SAAS,GAAG,IAAI,CAAC;YACtB,IAAI,CAAC,WAAW,GAAG,EAAE,CAAC;YACtB,IAAI,GAAG,IAAI,CAAC,OAAO,CAAC,WAAW,EAAE,EAAE,CAAC,CAAC;QACtC,CAAC;QAED,IAAI,IAAI,CAAC,SAAS,EAAE,CAAC;YACpB,IAAI,CAAC,WAAW,IAAI,IAAI,CAAC;YACzB,MAAM,QAAQ,GAAG,IAAI,CAAC,WAAW,CAAC,OAAO,CAAC,WAAW,CAAC,CAAC;YACvD,IAAI,QAAQ,KAAK,CAAC,CAAC,EAAE,CAAC;gBACrB,MAAM,YAAY,GAAG,IAAI,CAAC,WAAW,CAAC,SAAS,CAAC,CAAC,EAAE,QAAQ,CAAC,CAAC;gBAC7D,IAAI,YAAY,CAAC,MAAM,GAAG,CAAC,EAAE,CAAC;oBAC7B,IAAI,CAAC,WAAW,CAAC,YAAY,CAAC,CAAC;gBAChC,CAAC;gBACD,IAAI,CAAC,SAAS,GAAG,KAAK,CAAC;gBACvB,MAAM,SAAS,GAAG,IAAI,CAAC,WAAW,CAAC,SAAS,CAAC,QAAQ,GAAG,CAAC,CAAC,CAAC;gBAC3D,IAAI,CAAC,WAAW,GAAG,EAAE,CAAC;gBACtB,IAAI,SAAS,CAAC,MAAM,GAAG,CAAC,EAAE,CAAC;oBAC1B,IAAI,CAAC,WAAW,CAAC,SAAS,CAAC,CAAC;gBAC7B,CAAC;gBACD,OAAO;YACR,CAAC;YACD,OAAO;QACR,CAAC;QAED,0CAA0C;QAC1C,IAAI,EAAE,CAAC,OAAO,CAAC,IAAI,EAAE,gBAAgB,CAAC,EAAE,CAAC;YACxC,OAAO;QACR,CAAC;QAED,OAAO;QACP,IAAI,EAAE,CAAC,OAAO,CAAC,IAAI,EAAE,iBAAiB,CAAC,EAAE,CAAC;YACzC,IAAI,CAAC,IAAI,EAAE,CAAC;YACZ,OAAO;QACR,CAAC;QAED,2BAA2B;QAC3B,IAAI,IAAI,CAAC,iBAAiB,IAAI,IAAI,CAAC,gBAAgB,EAAE,CAAC;YACrD,IAAI,EAAE,CAAC,OAAO,CAAC,IAAI,EAAE,mBAAmB,CAAC,EAAE,CAAC;gBAC3C,IAAI,CAAC,kBAAkB,EAAE,CAAC;gBAC1B,OAAO;YACR,CAAC;YAED,IAAI,EAAE,CAAC,OAAO,CAAC,IAAI,EAAE,eAAe,CAAC,IAAI,EAAE,CAAC,OAAO,CAAC,IAAI,EAAE,iBAAiB,CAAC,EAAE,CAAC;gBAC9E,IAAI,CAAC,gBAAgB,CAAC,WAAW,CAAC,IAAI,CAAC,CAAC;gBACxC,OAAO;YACR,CAAC;YAED,IAAI,EAAE,CAAC,OAAO,CAAC,IAAI,EAAE,eAAe,CAAC,EAAE,CAAC;gBACvC,MAAM,QAAQ,GAAG,IAAI,CAAC,gBAAgB,CAAC,eAAe,EAAE,CAAC;gBACzD,IAAI,QAAQ,IAAI,IAAI,CAAC,oBAAoB,EAAE,CAAC;oBAC3C,IAAI,CAAC,gBAAgB,EAAE,CAAC;oBACxB,IAAI,CAAC,UAAU,GAAG,IAAI,CAAC;oBACvB,MAAM,MAAM,GAAG,IAAI,CAAC,oBAAoB,CAAC,eAAe,CACvD,IAAI,CAAC,KAAK,CAAC,KAAK,EAChB,IAAI,CAAC,KAAK,CAAC,UAAU,EACrB,IAAI,CAAC,KAAK,CAAC,SAAS,EACpB,QAAQ,EACR,IAAI,CAAC,kBAAkB,CACvB,CAAC;oBACF,IAAI,CAAC,KAAK,CAAC,KAAK,GAAG,MAAM,CAAC,KAAK,CAAC;oBAChC,IAAI,CAAC,KAAK,CAAC,UAAU,GAAG,MAAM,CAAC,UAAU,CAAC;oBAC1C,IAAI,CAAC,YAAY,CAAC,MAAM,CAAC,SAAS,CAAC,CAAC;oBACpC,IAAI,CAAC,kBAAkB,EAAE,CAAC;oBAC1B,IAAI,IAAI,CAAC,QAAQ;wBAAE,IAAI,CAAC,QAAQ,CAAC,IAAI,CAAC,OAAO,EAAE,CAAC,CAAC;gBAClD,CAAC;gBACD,OAAO;YACR,CAAC;YAED,IAAI,EAAE,CAAC,OAAO,CAAC,IAAI,EAAE,oBAAoB,CAAC,EAAE,CAAC;gBAC5C,MAAM,QAAQ,GAAG,IAAI,CAAC,gBAAgB,CAAC,eAAe,EAAE,CAAC;gBACzD,IAAI,QAAQ,IAAI,IAAI,CAAC,oBAAoB,EAAE,CAAC;oBAC3C,IAAI,CAAC,gBAAgB,EAAE,CAAC;oBACxB,IAAI,CAAC,UAAU,GAAG,IAAI,CAAC;oBACvB,MAAM,MAAM,GAAG,IAAI,CAAC,oBAAoB,CAAC,eAAe,CACvD,IAAI,CAAC,KAAK,CAAC,KAAK,EAChB,IAAI,CAAC,KAAK,CAAC,UAAU,EACrB,IAAI,CAAC,KAAK,CAAC,SAAS,EACpB,QAAQ,EACR,IAAI,CAAC,kBAAkB,CACvB,CAAC;oBACF,IAAI,CAAC,KAAK,CAAC,KAAK,GAAG,MAAM,CAAC,KAAK,CAAC;oBAChC,IAAI,CAAC,KAAK,CAAC,UAAU,GAAG,MAAM,CAAC,UAAU,CAAC;oBAC1C,IAAI,CAAC,YAAY,CAAC,MAAM,CAAC,SAAS,CAAC,CAAC;oBAEpC,IAAI,IAAI,CAAC,kBAAkB,CAAC,UAAU,CAAC,GAAG,CAAC,EAAE,CAAC;wBAC7C,IAAI,CAAC,kBAAkB,EAAE,CAAC;wBAC1B,yBAAyB;oBAC1B,CAAC;yBAAM,CAAC;wBACP,IAAI,CAAC,kBAAkB,EAAE,CAAC;wBAC1B,IAAI,IAAI,CAAC,QAAQ;4BAAE,IAAI,CAAC,QAAQ,CAAC,IAAI,CAAC,OAAO,EAAE,CAAC,CAAC;wBACjD,OAAO;oBACR,CAAC;gBACF,CAAC;YACF,CAAC;QACF,CAAC;QAED,2BAA2B;QAC3B,IAAI,EAAE,CAAC,OAAO,CAAC,IAAI,EAAE,eAAe,CAAC,IAAI,CAAC,IAAI,CAAC,iBAAiB,EAAE,CAAC;YAClE,IAAI,CAAC,mBAAmB,EAAE,CAAC;YAC3B,OAAO;QACR,CAAC;QAED,mBAAmB;QACnB,IAAI,EAAE,CAAC,OAAO,CAAC,IAAI,EAAE,4BAA4B,CAAC,EAAE,CAAC;YACpD,IAAI,CAAC,iBAAiB,EAAE,CAAC;YACzB,OAAO;QACR,CAAC;QACD,IAAI,EAAE,CAAC,OAAO,CAAC,IAAI,EAAE,8BAA8B,CAAC,EAAE,CAAC;YACtD,IAAI,CAAC,mBAAmB,EAAE,CAAC;YAC3B,OAAO;QACR,CAAC;QACD,IAAI,EAAE,CAAC,OAAO,CAAC,IAAI,EAAE,+BAA+B,CAAC,EAAE,CAAC;YACvD,IAAI,CAAC,mBAAmB,EAAE,CAAC;YAC3B,OAAO;QACR,CAAC;QACD,IAAI,EAAE,CAAC,OAAO,CAAC,IAAI,EAAE,8BAA8B,CAAC,EAAE,CAAC;YACtD,IAAI,CAAC,iBAAiB,EAAE,CAAC;YACzB,OAAO;QACR,CAAC;QACD,IAAI,EAAE,CAAC,OAAO,CAAC,IAAI,EAAE,+BAA+B,CAAC,IAAI,UAAU,CAAC,IAAI,EAAE,iBAAiB,CAAC,EAAE,CAAC;YAC9F,IAAI,CAAC,eAAe,EAAE,CAAC;YACvB,OAAO;QACR,CAAC;QACD,IAAI,EAAE,CAAC,OAAO,CAAC,IAAI,EAAE,8BAA8B,CAAC,IAAI,UAAU,CAAC,IAAI,EAAE,cAAc,CAAC,EAAE,CAAC;YAC1F,IAAI,CAAC,mBAAmB,EAAE,CAAC;YAC3B,OAAO;QACR,CAAC;QAED,oBAAoB;QACpB,IAAI,EAAE,CAAC,OAAO,CAAC,IAAI,EAAE,iBAAiB,CAAC,EAAE,CAAC;YACzC,IAAI,CAAC,IAAI,EAAE,CAAC;YACZ,OAAO;QACR,CAAC;QACD,IAAI,EAAE,CAAC,OAAO,CAAC,IAAI,EAAE,oBAAoB,CAAC,EAAE,CAAC;YAC5C,IAAI,CAAC,OAAO,EAAE,CAAC;YACf,OAAO;QACR,CAAC;QAED,0BAA0B;QAC1B,IAAI,EAAE,CAAC,OAAO,CAAC,IAAI,EAAE,4BAA4B,CAAC,EAAE,CAAC;YACpD,IAAI,CAAC,eAAe,EAAE,CAAC;YACvB,OAAO;QACR,CAAC;QACD,IAAI,EAAE,CAAC,OAAO,CAAC,IAAI,EAAE,0BAA0B,CAAC,EAAE,CAAC;YAClD,IAAI,CAAC,aAAa,EAAE,CAAC;YACrB,OAAO;QACR,CAAC;QACD,IAAI,EAAE,CAAC,OAAO,CAAC,IAAI,EAAE,2BAA2B,CAAC,EAAE,CAAC;YACnD,IAAI,CAAC,iBAAiB,EAAE,CAAC;YACzB,OAAO;QACR,CAAC;QACD,IAAI,EAAE,CAAC,OAAO,CAAC,IAAI,EAAE,4BAA4B,CAAC,EAAE,CAAC;YACpD,IAAI,CAAC,gBAAgB,EAAE,CAAC;YACxB,OAAO;QACR,CAAC;QAED,WAAW;QACX,IACC,EAAE,CAAC,OAAO,CAAC,IAAI,EAAE,mBAAmB,CAAC;YACrC,CAAC,IAAI,CAAC,UAAU,CAAC,CAAC,CAAC,KAAK,EAAE,IAAI,IAAI,CAAC,MAAM,GAAG,CAAC,CAAC;YAC9C,IAAI,KAAK,QAAQ;YACjB,IAAI,KAAK,YAAY;YACrB,CAAC,IAAI,CAAC,MAAM,GAAG,CAAC,IAAI,IAAI,CAAC,QAAQ,CAAC,MAAM,CAAC,IAAI,IAAI,CAAC,QAAQ,CAAC,IAAI,CAAC,CAAC;YACjE,CAAC,IAAI,KAAK,IAAI,IAAI,IAAI,CAAC,MAAM,KAAK,CAAC,CAAC,EACnC,CAAC;YACF,IAAI,IAAI,CAAC,4BAA4B,CAAC,IAAI,EAAE,EAAE,CAAC,EAAE,CAAC;gBACjD,IAAI,CAAC,eAAe,EAAE,CAAC;gBACvB,IAAI,CAAC,WAAW,EAAE,CAAC;gBACnB,OAAO;YACR,CAAC;YACD,IAAI,CAAC,UAAU,EAAE,CAAC;YAClB,OAAO;QACR,CAAC;QAED,iBAAiB;QACjB,IAAI,EAAE,CAAC,OAAO,CAAC,IAAI,EAAE,kBAAkB,CAAC,EAAE,CAAC;YAC1C,IAAI,IAAI,CAAC,aAAa;gBAAE,OAAO;YAE/B,wDAAwD;YACxD,kFAAkF;YAClF,MAAM,WAAW,GAAG,IAAI,CAAC,KAAK,CAAC,KAAK,CAAC,IAAI,CAAC,KAAK,CAAC,UAAU,CAAC,IAAI,EAAE,CAAC;YAClE,IAAI,IAAI,CAAC,KAAK,CAAC,SAAS,GAAG,CAAC,IAAI,WAAW,CAAC,IAAI,CAAC,KAAK,CAAC,SAAS,GAAG,CAAC,CAAC,KAAK,IAAI,EAAE,CAAC;gBAChF,IAAI,CAAC,eAAe,EAAE,CAAC;gBACvB,IAAI,CAAC,UAAU,EAAE,CAAC;gBAClB,OAAO;YACR,CAAC;YAED,IAAI,CAAC,WAAW,EAAE,CAAC;YACnB,OAAO;QACR,CAAC;QAED,8CAA8C;QAC9C,IAAI,EAAE,CAAC,OAAO,CAAC,IAAI,EAAE,qBAAqB,CAAC,EAAE,CAAC;YAC7C,IAAI,IAAI,CAAC,aAAa,EAAE,EAAE,CAAC;gBAC1B,IAAI,CAAC,eAAe,CAAC,CAAC,CAAC,CAAC,CAAC;YAC1B,CAAC;iBAAM,IAAI,IAAI,CAAC,YAAY,GAAG,CAAC,CAAC,IAAI,IAAI,CAAC,mBAAmB,EAAE,EAAE,CAAC;gBACjE,IAAI,CAAC,eAAe,CAAC,CAAC,CAAC,CAAC,CAAC;YAC1B,CAAC;iBAAM,IAAI,IAAI,CAAC,mBAAmB,EAAE,EAAE,CAAC;gBACvC,yCAAyC;gBACzC,IAAI,CAAC,eAAe,EAAE,CAAC;YACxB,CAAC;iBAAM,CAAC;gBACP,IAAI,CAAC,UAAU,CAAC,CAAC,CAAC,EAAE,CAAC,CAAC,CAAC;YACxB,CAAC;YACD,OAAO;QACR,CAAC;QACD,IAAI,EAAE,CAAC,OAAO,CAAC,IAAI,EAAE,uBAAuB,CAAC,EAAE,CAAC;YAC/C,IAAI,IAAI,CAAC,YAAY,GAAG,CAAC,CAAC,IAAI,IAAI,CAAC,kBAAkB,EAAE,EAAE,CAAC;gBACzD,IAAI,CAAC,eAAe,CAAC,CAAC,CAAC,CAAC;YACzB,CAAC;iBAAM,IAAI,IAAI,CAAC,kBAAkB,EAAE,EAAE,CAAC;gBACtC,0CAA0C;gBAC1C,IAAI,CAAC,aAAa,EAAE,CAAC;YACtB,CAAC;iBAAM,CAAC;gBACP,IAAI,CAAC,UAAU,CAAC,CAAC,EAAE,CAAC,CAAC,CAAC;YACvB,CAAC;YACD,OAAO;QACR,CAAC;QACD,IAAI,EAAE,CAAC,OAAO,CAAC,IAAI,EAAE,wBAAwB,CAAC,EAAE,CAAC;YAChD,IAAI,CAAC,UAAU,CAAC,CAAC,EAAE,CAAC,CAAC,CAAC;YACtB,OAAO;QACR,CAAC;QACD,IAAI,EAAE,CAAC,OAAO,CAAC,IAAI,EAAE,uBAAuB,CAAC,EAAE,CAAC;YAC/C,IAAI,CAAC,UAAU,CAAC,CAAC,EAAE,CAAC,CAAC,CAAC,CAAC;YACvB,OAAO;QACR,CAAC;QAED,gDAAgD;QAChD,IAAI,EAAE,CAAC,OAAO,CAAC,IAAI,EAAE,mBAAmB,CAAC,EAAE,CAAC;YAC3C,IAAI,CAAC,UAAU,CAAC,CAAC,CAAC,CAAC,CAAC;YACpB,OAAO;QACR,CAAC;QACD,IAAI,EAAE,CAAC,OAAO,CAAC,IAAI,EAAE,qBAAqB,CAAC,EAAE,CAAC;YAC7C,IAAI,CAAC,UAAU,CAAC,CAAC,CAAC,CAAC;YACnB,OAAO;QACR,CAAC;QAED,+BAA+B;QAC/B,IAAI,EAAE,CAAC,OAAO,CAAC,IAAI,EAAE,wBAAwB,CAAC,EAAE,CAAC;YAChD,IAAI,CAAC,QAAQ,GAAG,SAAS,CAAC;YAC1B,OAAO;QACR,CAAC;QACD,IAAI,EAAE,CAAC,OAAO,CAAC,IAAI,EAAE,yBAAyB,CAAC,EAAE,CAAC;YACjD,IAAI,CAAC,QAAQ,GAAG,UAAU,CAAC;YAC3B,OAAO;QACR,CAAC;QAED,qCAAqC;QACrC,IAAI,UAAU,CAAC,IAAI,EAAE,aAAa,CAAC,EAAE,CAAC;YACrC,IAAI,CAAC,eAAe,CAAC,GAAG,CAAC,CAAC;YAC1B,OAAO;QACR,CAAC;QAED,MAAM,SAAS,GAAG,kBAAkB,CAAC,IAAI,CAAC,CAAC;QAC3C,IAAI,SAAS,KAAK,SAAS,EAAE,CAAC;YAC7B,IAAI,CAAC,eAAe,CAAC,SAAS,CAAC,CAAC;YAChC,OAAO;QACR,CAAC;QAED,qBAAqB;QACrB,IAAI,IAAI,CAAC,UAAU,CAAC,CAAC,CAAC,IAAI,EAAE,EAAE,CAAC;YAC9B,IAAI,CAAC,eAAe,CAAC,IAAI,CAAC,CAAC;QAC5B,CAAC;IAAA,CACD;IAEO,UAAU,CAAC,YAAoB,EAAgB;QACtD,MAAM,WAAW,GAAiB,EAAE,CAAC;QAErC,IAAI,IAAI,CAAC,KAAK,CAAC,KAAK,CAAC,MAAM,KAAK,CAAC,IAAI,CAAC,IAAI,CAAC,KAAK,CAAC,KAAK,CAAC,MAAM,KAAK,CAAC,IAAI,IAAI,CAAC,KAAK,CAAC,KAAK,CAAC,CAAC,CAAC,KAAK,EAAE,CAAC,EAAE,CAAC;YACpG,eAAe;YACf,WAAW,CAAC,IAAI,CAAC;gBAChB,IAAI,EAAE,EAAE;gBACR,SAAS,EAAE,IAAI;gBACf,SAAS,EAAE,CAAC;aACZ,CAAC,CAAC;YACH,OAAO,WAAW,CAAC;QACpB,CAAC;QAED,4BAA4B;QAC5B,KAAK,IAAI,CAAC,GAAG,CAAC,EAAE,CAAC,GAAG,IAAI,CAAC,KAAK,CAAC,KAAK,CAAC,MAAM,EAAE,CAAC,EAAE,EAAE,CAAC;YAClD,MAAM,IAAI,GAAG,IAAI,CAAC,KAAK,CAAC,KAAK,CAAC,CAAC,CAAC,IAAI,EAAE,CAAC;YACvC,MAAM,aAAa,GAAG,CAAC,KAAK,IAAI,CAAC,KAAK,CAAC,UAAU,CAAC;YAClD,MAAM,gBAAgB,GAAG,YAAY,CAAC,IAAI,CAAC,CAAC;YAE5C,IAAI,gBAAgB,IAAI,YAAY,EAAE,CAAC;gBACtC,+BAA+B;gBAC/B,IAAI,aAAa,EAAE,CAAC;oBACnB,WAAW,CAAC,IAAI,CAAC;wBAChB,IAAI,EAAE,IAAI;wBACV,SAAS,EAAE,IAAI;wBACf,SAAS,EAAE,IAAI,CAAC,KAAK,CAAC,SAAS;qBAC/B,CAAC,CAAC;gBACJ,CAAC;qBAAM,CAAC;oBACP,WAAW,CAAC,IAAI,CAAC;wBAChB,IAAI,EAAE,IAAI;wBACV,SAAS,EAAE,KAAK;qBAChB,CAAC,CAAC;gBACJ,CAAC;YACF,CAAC;iBAAM,CAAC;gBACP,gDAAgD;gBAChD,MAAM,MAAM,GAAG,YAAY,CAAC,IAAI,EAAE,YAAY,EAAE,CAAC,GAAG,IAAI,CAAC,OAAO,CAAC,IAAI,CAAC,CAAC,CAAC,CAAC;gBAEzE,KAAK,IAAI,UAAU,GAAG,CAAC,EAAE,UAAU,GAAG,MAAM,CAAC,MAAM,EAAE,UAAU,EAAE,EAAE,CAAC;oBACnE,MAAM,KAAK,GAAG,MAAM,CAAC,UAAU,CAAC,CAAC;oBACjC,IAAI,CAAC,KAAK;wBAAE,SAAS;oBAErB,MAAM,SAAS,GAAG,IAAI,CAAC,KAAK,CAAC,SAAS,CAAC;oBACvC,MAAM,WAAW,GAAG,UAAU,KAAK,MAAM,CAAC,MAAM,GAAG,CAAC,CAAC;oBAErD,uCAAuC;oBACvC,4DAA4D;oBAC5D,wDAAwD;oBACxD,IAAI,gBAAgB,GAAG,KAAK,CAAC;oBAC7B,IAAI,iBAAiB,GAAG,CAAC,CAAC;oBAE1B,IAAI,aAAa,EAAE,CAAC;wBACnB,IAAI,WAAW,EAAE,CAAC;4BACjB,mDAAmD;4BACnD,gBAAgB,GAAG,SAAS,IAAI,KAAK,CAAC,UAAU,CAAC;4BACjD,iBAAiB,GAAG,SAAS,GAAG,KAAK,CAAC,UAAU,CAAC;wBAClD,CAAC;6BAAM,CAAC;4BACP,yEAAyE;4BACzE,gEAAgE;4BAChE,gBAAgB,GAAG,SAAS,IAAI,KAAK,CAAC,UAAU,IAAI,SAAS,GAAG,KAAK,CAAC,QAAQ,CAAC;4BAC/E,IAAI,gBAAgB,EAAE,CAAC;gCACtB,iBAAiB,GAAG,SAAS,GAAG,KAAK,CAAC,UAAU,CAAC;gCACjD,kEAAkE;gCAClE,IAAI,iBAAiB,GAAG,KAAK,CAAC,IAAI,CAAC,MAAM,EAAE,CAAC;oCAC3C,iBAAiB,GAAG,KAAK,CAAC,IAAI,CAAC,MAAM,CAAC;gCACvC,CAAC;4BACF,CAAC;wBACF,CAAC;oBACF,CAAC;oBAED,IAAI,gBAAgB,EAAE,CAAC;wBACtB,WAAW,CAAC,IAAI,CAAC;4BAChB,IAAI,EAAE,KAAK,CAAC,IAAI;4BAChB,SAAS,EAAE,IAAI;4BACf,SAAS,EAAE,iBAAiB;yBAC5B,CAAC,CAAC;oBACJ,CAAC;yBAAM,CAAC;wBACP,WAAW,CAAC,IAAI,CAAC;4BAChB,IAAI,EAAE,KAAK,CAAC,IAAI;4BAChB,SAAS,EAAE,KAAK;yBAChB,CAAC,CAAC;oBACJ,CAAC;gBACF,CAAC;YACF,CAAC;QACF,CAAC;QAED,OAAO,WAAW,CAAC;IAAA,CACnB;IAED,OAAO,GAAW;QACjB,OAAO,IAAI,CAAC,KAAK,CAAC,KAAK,CAAC,IAAI,CAAC,IAAI,CAAC,CAAC;IAAA,CACnC;IAEO,kBAAkB,CAAC,IAAY,EAAU;QAChD,IAAI,MAAM,GAAG,IAAI,CAAC;QAClB,KAAK,MAAM,CAAC,OAAO,EAAE,YAAY,CAAC,IAAI,IAAI,CAAC,MAAM,EAAE,CAAC;YACnD,MAAM,WAAW,GAAG,IAAI,MAAM,CAAC,aAAa,OAAO,mCAAmC,EAAE,GAAG,CAAC,CAAC;YAC7F,MAAM,GAAG,MAAM,CAAC,OAAO,CAAC,WAAW,EAAE,GAAG,EAAE,CAAC,YAAY,CAAC,CAAC;QAC1D,CAAC;QACD,OAAO,MAAM,CAAC;IAAA,CACd;IAED;;;OAGG;IACH,eAAe,GAAW;QACzB,OAAO,IAAI,CAAC,kBAAkB,CAAC,IAAI,CAAC,KAAK,CAAC,KAAK,CAAC,IAAI,CAAC,IAAI,CAAC,CAAC,CAAC;IAAA,CAC5D;IAED,QAAQ,GAAa;QACpB,OAAO,CAAC,GAAG,IAAI,CAAC,KAAK,CAAC,KAAK,CAAC,CAAC;IAAA,CAC7B;IAED,SAAS,GAAkC;QAC1C,OAAO,EAAE,IAAI,EAAE,IAAI,CAAC,KAAK,CAAC,UAAU,EAAE,GAAG,EAAE,IAAI,CAAC,KAAK,CAAC,SAAS,EAAE,CAAC;IAAA,CAClE;IAED,OAAO,CAAC,IAAY,EAAQ;QAC3B,IAAI,CAAC,kBAAkB,EAAE,CAAC;QAC1B,IAAI,CAAC,UAAU,GAAG,IAAI,CAAC;QACvB,IAAI,CAAC,YAAY,GAAG,CAAC,CAAC,CAAC,CAAC,6BAA6B;QACrD,MAAM,UAAU,GAAG,IAAI,CAAC,aAAa,CAAC,IAAI,CAAC,CAAC;QAC5C,8EAA8E;QAC9E,IAAI,IAAI,CAAC,OAAO,EAAE,KAAK,UAAU,EAAE,CAAC;YACnC,IAAI,CAAC,gBAAgB,EAAE,CAAC;QACzB,CAAC;QACD,IAAI,CAAC,eAAe,CAAC,UAAU,CAAC,CAAC;IAAA,CACjC;IAED;;;;OAIG;IACH,kBAAkB,CAAC,IAAY,EAAQ;QACtC,IAAI,CAAC,IAAI;YAAE,OAAO;QAClB,IAAI,CAAC,kBAAkB,EAAE,CAAC;QAC1B,IAAI,CAAC,gBAAgB,EAAE,CAAC;QACxB,IAAI,CAAC,UAAU,GAAG,IAAI,CAAC;QACvB,IAAI,CAAC,YAAY,GAAG,CAAC,CAAC,CAAC;QACvB,IAAI,CAAC,0BAA0B,CAAC,IAAI,CAAC,CAAC;IAAA,CACtC;IAED;;;;OAIG;IACK,aAAa,CAAC,IAAY,EAAU;QAC3C,OAAO,IAAI,CAAC,OAAO,CAAC,OAAO,EAAE,IAAI,CAAC,CAAC,OAAO,CAAC,KAAK,EAAE,IAAI,CAAC,CAAC,OAAO,CAAC,KAAK,EAAE,MAAM,CAAC,CAAC;IAAA,CAC/E;IAED;;;;OAIG;IACK,0BAA0B,CAAC,IAAY,EAAQ;QACtD,IAAI,CAAC,IAAI;YAAE,OAAO;QAElB,kCAAkC;QAClC,MAAM,UAAU,GAAG,IAAI,CAAC,aAAa,CAAC,IAAI,CAAC,CAAC;QAC5C,MAAM,aAAa,GAAG,UAAU,CAAC,KAAK,CAAC,IAAI,CAAC,CAAC;QAE7C,MAAM,WAAW,GAAG,IAAI,CAAC,KAAK,CAAC,KAAK,CAAC,IAAI,CAAC,KAAK,CAAC,UAAU,CAAC,IAAI,EAAE,CAAC;QAClE,MAAM,YAAY,GAAG,WAAW,CAAC,KAAK,CAAC,CAAC,EAAE,IAAI,CAAC,KAAK,CAAC,SAAS,CAAC,CAAC;QAChE,MAAM,WAAW,GAAG,WAAW,CAAC,KAAK,CAAC,IAAI,CAAC,KAAK,CAAC,SAAS,CAAC,CAAC;QAE5D,IAAI,aAAa,CAAC,MAAM,KAAK,CAAC,EAAE,CAAC;YAChC,0CAA0C;YAC1C,IAAI,CAAC,KAAK,CAAC,KAAK,CAAC,IAAI,CAAC,KAAK,CAAC,UAAU,CAAC,GAAG,YAAY,GAAG,UAAU,GAAG,WAAW,CAAC;YAClF,IAAI,CAAC,YAAY,CAAC,IAAI,CAAC,KAAK,CAAC,SAAS,GAAG,UAAU,CAAC,MAAM,CAAC,CAAC;QAC7D,CAAC;aAAM,CAAC;YACP,uBAAuB;YACvB,IAAI,CAAC,KAAK,CAAC,KAAK,GAAG;gBAClB,gCAAgC;gBAChC,GAAG,IAAI,CAAC,KAAK,CAAC,KAAK,CAAC,KAAK,CAAC,CAAC,EAAE,IAAI,CAAC,KAAK,CAAC,UAAU,CAAC;gBAEnD,yDAAyD;gBACzD,YAAY,GAAG,aAAa,CAAC,CAAC,CAAC;gBAE/B,4BAA4B;gBAC5B,GAAG,aAAa,CAAC,KAAK,CAAC,CAAC,EAAE,CAAC,CAAC,CAAC;gBAE7B,gDAAgD;gBAChD,aAAa,CAAC,aAAa,CAAC,MAAM,GAAG,CAAC,CAAC,GAAG,WAAW;gBAErD,+BAA+B;gBAC/B,GAAG,IAAI,CAAC,KAAK,CAAC,KAAK,CAAC,KAAK,CAAC,IAAI,CAAC,KAAK,CAAC,UAAU,GAAG,CAAC,CAAC;aACpD,CAAC;YAEF,IAAI,CAAC,KAAK,CAAC,UAAU,IAAI,aAAa,CAAC,MAAM,GAAG,CAAC,CAAC;YAClD,IAAI,CAAC,YAAY,CAAC,CAAC,aAAa,CAAC,aAAa,CAAC,MAAM,GAAG,CAAC,CAAC,IAAI,EAAE,CAAC,CAAC,MAAM,CAAC,CAAC;QAC3E,CAAC;QAED,IAAI,IAAI,CAAC,QAAQ,EAAE,CAAC;YACnB,IAAI,CAAC,QAAQ,CAAC,IAAI,CAAC,OAAO,EAAE,CAAC,CAAC;QAC/B,CAAC;IAAA,CACD;IAED,wCAAwC;IAChC,eAAe,CAAC,IAAY,EAAE,kBAA4B,EAAQ;QACzE,IAAI,CAAC,YAAY,GAAG,CAAC,CAAC,CAAC,CAAC,6BAA6B;QAErD,gCAAgC;QAChC,uDAAuD;QACvD,uFAAuF;QACvF,sCAAsC;QACtC,yEAAyE;QACzE,IAAI,CAAC,kBAAkB,EAAE,CAAC;YACzB,IAAI,gBAAgB,CAAC,IAAI,CAAC,IAAI,IAAI,CAAC,UAAU,KAAK,WAAW,EAAE,CAAC;gBAC/D,IAAI,CAAC,gBAAgB,EAAE,CAAC;YACzB,CAAC;YACD,IAAI,CAAC,UAAU,GAAG,WAAW,CAAC;QAC/B,CAAC;QAED,MAAM,IAAI,GAAG,IAAI,CAAC,KAAK,CAAC,KAAK,CAAC,IAAI,CAAC,KAAK,CAAC,UAAU,CAAC,IAAI,EAAE,CAAC;QAE3D,MAAM,MAAM,GAAG,IAAI,CAAC,KAAK,CAAC,CAAC,EAAE,IAAI,CAAC,KAAK,CAAC,SAAS,CAAC,CAAC;QACnD,MAAM,KAAK,GAAG,IAAI,CAAC,KAAK,CAAC,IAAI,CAAC,KAAK,CAAC,SAAS,CAAC,CAAC;QAE/C,IAAI,CAAC,KAAK,CAAC,KAAK,CAAC,IAAI,CAAC,KAAK,CAAC,UAAU,CAAC,GAAG,MAAM,GAAG,IAAI,GAAG,KAAK,CAAC;QAChE,IAAI,CAAC,YAAY,CAAC,IAAI,CAAC,KAAK,CAAC,SAAS,GAAG,IAAI,CAAC,MAAM,CAAC,CAAC;QAEtD,IAAI,IAAI,CAAC,QAAQ,EAAE,CAAC;YACnB,IAAI,CAAC,QAAQ,CAAC,IAAI,CAAC,OAAO,EAAE,CAAC,CAAC;QAC/B,CAAC;QAED,oDAAoD;QACpD,IAAI,CAAC,IAAI,CAAC,iBAAiB,EAAE,CAAC;YAC7B,+DAA+D;YAC/D,IAAI,IAAI,KAAK,GAAG,IAAI,IAAI,CAAC,kBAAkB,EAAE,EAAE,CAAC;gBAC/C,IAAI,CAAC,sBAAsB,EAAE,CAAC;YAC/B,CAAC;YACD,2EAA2E;iBACtE,IAAI,IAAI,KAAK,GAAG,IAAI,IAAI,KAAK,GAAG,EAAE,CAAC;gBACvC,MAAM,WAAW,GAAG,IAAI,CAAC,KAAK,CAAC,KAAK,CAAC,IAAI,CAAC,KAAK,CAAC,UAAU,CAAC,IAAI,EAAE,CAAC;gBAClE,MAAM,gBAAgB,GAAG,WAAW,CAAC,KAAK,CAAC,CAAC,EAAE,IAAI,CAAC,KAAK,CAAC,SAAS,CAAC,CAAC;gBACpE,MAAM,gBAAgB,GAAG,gBAAgB,CAAC,gBAAgB,CAAC,MAAM,GAAG,CAAC,CAAC,CAAC;gBACvE,IAAI,gBAAgB,CAAC,MAAM,KAAK,CAAC,IAAI,gBAAgB,KAAK,GAAG,IAAI,gBAAgB,KAAK,IAAI,EAAE,CAAC;oBAC5F,IAAI,CAAC,sBAAsB,EAAE,CAAC;gBAC/B,CAAC;YACF,CAAC;YACD,wFAAwF;iBACnF,IAAI,iBAAiB,CAAC,IAAI,CAAC,IAAI,CAAC,EAAE,CAAC;gBACvC,MAAM,WAAW,GAAG,IAAI,CAAC,KAAK,CAAC,KAAK,CAAC,IAAI,CAAC,KAAK,CAAC,UAAU,CAAC,IAAI,EAAE,CAAC;gBAClE,MAAM,gBAAgB,GAAG,WAAW,CAAC,KAAK,CAAC,CAAC,EAAE,IAAI,CAAC,KAAK,CAAC,SAAS,CAAC,CAAC;gBACpE,0EAA0E;gBAC1E,IAAI,IAAI,CAAC,uBAAuB,CAAC,gBAAgB,CAAC,EAAE,CAAC;oBACpD,IAAI,CAAC,sBAAsB,EAAE,CAAC;gBAC/B,CAAC;gBACD,kEAAkE;qBAC7D,IAAI,gBAAgB,CAAC,KAAK,CAAC,uBAAuB,CAAC,EAAE,CAAC;oBAC1D,IAAI,CAAC,sBAAsB,EAAE,CAAC;gBAC/B,CAAC;YACF,CAAC;QACF,CAAC;aAAM,CAAC;YACP,IAAI,CAAC,kBAAkB,EAAE,CAAC;QAC3B,CAAC;IAAA,CACD;IAEO,WAAW,CAAC,UAAkB,EAAQ;QAC7C,IAAI,CAAC,kBAAkB,EAAE,CAAC;QAC1B,IAAI,CAAC,YAAY,GAAG,CAAC,CAAC,CAAC,CAAC,6BAA6B;QACrD,IAAI,CAAC,UAAU,GAAG,IAAI,CAAC;QAEvB,IAAI,CAAC,gBAAgB,EAAE,CAAC;QAExB,8EAA8E;QAC9E,wEAAwE;QACxE,4EAA4E;QAC5E,wEAAwE;QACxE,+DAA+D;QAC/D,MAAM,WAAW,GAAG,UAAU,CAAC,OAAO,CAAC,iBAAiB,EAAE,CAAC,KAAK,EAAE,IAAI,EAAE,EAAE,CAAC;YAC1E,MAAM,EAAE,GAAG,MAAM,CAAC,IAAI,CAAC,CAAC;YACxB,IAAI,EAAE,IAAI,EAAE,IAAI,EAAE,IAAI,GAAG;gBAAE,OAAO,MAAM,CAAC,YAAY,CAAC,EAAE,GAAG,EAAE,CAAC,CAAC;YAC/D,IAAI,EAAE,IAAI,EAAE,IAAI,EAAE,IAAI,EAAE;gBAAE,OAAO,MAAM,CAAC,YAAY,CAAC,EAAE,GAAG,EAAE,CAAC,CAAC;YAC9D,OAAO,KAAK,CAAC;QAAA,CACb,CAAC,CAAC;QAEH,6DAA6D;QAC7D,MAAM,SAAS,GAAG,IAAI,CAAC,aAAa,CAAC,WAAW,CAAC,CAAC;QAElD,sDAAsD;QACtD,IAAI,YAAY,GAAG,SAAS;aAC1B,KAAK,CAAC,EAAE,CAAC;aACT,MAAM,CAAC,CAAC,IAAI,EAAE,EAAE,CAAC,IAAI,KAAK,IAAI,IAAI,IAAI,CAAC,UAAU,CAAC,CAAC,CAAC,IAAI,EAAE,CAAC;aAC3D,IAAI,CAAC,EAAE,CAAC,CAAC;QAEX,2EAA2E;QAC3E,yEAAyE;QACzE,IAAI,QAAQ,CAAC,IAAI,CAAC,YAAY,CAAC,EAAE,CAAC;YACjC,MAAM,WAAW,GAAG,IAAI,CAAC,KAAK,CAAC,KAAK,CAAC,IAAI,CAAC,KAAK,CAAC,UAAU,CAAC,IAAI,EAAE,CAAC;YAClE,MAAM,gBAAgB,GAAG,IAAI,CAAC,KAAK,CAAC,SAAS,GAAG,CAAC,CAAC,CAAC,CAAC,WAAW,CAAC,IAAI,CAAC,KAAK,CAAC,SAAS,GAAG,CAAC,CAAC,CAAC,CAAC,CAAC,EAAE,CAAC;YAC/F,IAAI,gBAAgB,IAAI,IAAI,CAAC,IAAI,CAAC,gBAAgB,CAAC,EAAE,CAAC;gBACrD,YAAY,GAAG,IAAI,YAAY,EAAE,CAAC;YACnC,CAAC;QACF,CAAC;QAED,4CAA4C;QAC5C,MAAM,WAAW,GAAG,YAAY,CAAC,KAAK,CAAC,IAAI,CAAC,CAAC;QAE7C,mEAAmE;QACnE,MAAM,UAAU,GAAG,YAAY,CAAC,MAAM,CAAC;QACvC,IAAI,WAAW,CAAC,MAAM,GAAG,EAAE,IAAI,UAAU,GAAG,IAAI,EAAE,CAAC;YAClD,sCAAsC;YACtC,IAAI,CAAC,YAAY,EAAE,CAAC;YACpB,MAAM,OAAO,GAAG,IAAI,CAAC,YAAY,CAAC;YAClC,IAAI,CAAC,MAAM,CAAC,GAAG,CAAC,OAAO,EAAE,YAAY,CAAC,CAAC;YAEvC,wEAAwE;YACxE,MAAM,MAAM,GACX,WAAW,CAAC,MAAM,GAAG,EAAE;gBACtB,CAAC,CAAC,WAAW,OAAO,KAAK,WAAW,CAAC,MAAM,SAAS;gBACpD,CAAC,CAAC,WAAW,OAAO,IAAI,UAAU,SAAS,CAAC;YAC9C,IAAI,CAAC,0BAA0B,CAAC,MAAM,CAAC,CAAC;YACxC,OAAO;QACR,CAAC;QAED,IAAI,WAAW,CAAC,MAAM,KAAK,CAAC,EAAE,CAAC;YAC9B,6EAA6E;YAC7E,IAAI,CAAC,0BAA0B,CAAC,YAAY,CAAC,CAAC;YAC9C,OAAO;QACR,CAAC;QAED,mDAAmD;QACnD,IAAI,CAAC,0BAA0B,CAAC,YAAY,CAAC,CAAC;IAAA,CAC9C;IAEO,UAAU,GAAS;QAC1B,IAAI,CAAC,kBAAkB,EAAE,CAAC;QAC1B,IAAI,CAAC,YAAY,GAAG,CAAC,CAAC,CAAC,CAAC,6BAA6B;QACrD,IAAI,CAAC,UAAU,GAAG,IAAI,CAAC;QAEvB,IAAI,CAAC,gBAAgB,EAAE,CAAC;QAExB,MAAM,WAAW,GAAG,IAAI,CAAC,KAAK,CAAC,KAAK,CAAC,IAAI,CAAC,KAAK,CAAC,UAAU,CAAC,IAAI,EAAE,CAAC;QAElE,MAAM,MAAM,GAAG,WAAW,CAAC,KAAK,CAAC,CAAC,EAAE,IAAI,CAAC,KAAK,CAAC,SAAS,CAAC,CAAC;QAC1D,MAAM,KAAK,GAAG,WAAW,CAAC,KAAK,CAAC,IAAI,CAAC,KAAK,CAAC,SAAS,CAAC,CAAC;QAEtD,qBAAqB;QACrB,IAAI,CAAC,KAAK,CAAC,KAAK,CAAC,IAAI,CAAC,KAAK,CAAC,UAAU,CAAC,GAAG,MAAM,CAAC;QACjD,IAAI,CAAC,KAAK,CAAC,KAAK,CAAC,MAAM,CAAC,IAAI,CAAC,KAAK,CAAC,UAAU,GAAG,CAAC,EAAE,CAAC,EAAE,KAAK,CAAC,CAAC;QAE7D,mCAAmC;QACnC,IAAI,CAAC,KAAK,CAAC,UAAU,EAAE,CAAC;QACxB,IAAI,CAAC,YAAY,CAAC,CAAC,CAAC,CAAC;QAErB,IAAI,IAAI,CAAC,QAAQ,EAAE,CAAC;YACnB,IAAI,CAAC,QAAQ,CAAC,IAAI,CAAC,OAAO,EAAE,CAAC,CAAC;QAC/B,CAAC;IAAA,CACD;IAEO,4BAA4B,CAAC,IAAY,EAAE,EAAqC,EAAW;QAClG,IAAI,IAAI,CAAC,aAAa;YAAE,OAAO,KAAK,CAAC;QACrC,IAAI,CAAC,UAAU,CAAC,IAAI,EAAE,OAAO,CAAC;YAAE,OAAO,KAAK,CAAC;QAC7C,MAAM,UAAU,GAAG,EAAE,CAAC,OAAO,CAAC,kBAAkB,CAAC,CAAC;QAClD,MAAM,aAAa,GAAG,UAAU,CAAC,QAAQ,CAAC,aAAa,CAAC,IAAI,UAAU,CAAC,QAAQ,CAAC,cAAc,CAAC,CAAC;QAChG,IAAI,CAAC,aAAa;YAAE,OAAO,KAAK,CAAC;QAEjC,MAAM,WAAW,GAAG,IAAI,CAAC,KAAK,CAAC,KAAK,CAAC,IAAI,CAAC,KAAK,CAAC,UAAU,CAAC,IAAI,EAAE,CAAC;QAClE,OAAO,IAAI,CAAC,KAAK,CAAC,SAAS,GAAG,CAAC,IAAI,WAAW,CAAC,IAAI,CAAC,KAAK,CAAC,SAAS,GAAG,CAAC,CAAC,KAAK,IAAI,CAAC;IAAA,CAClF;IAEO,WAAW,GAAS;QAC3B,IAAI,CAAC,kBAAkB,EAAE,CAAC;QAC1B,MAAM,MAAM,GAAG,IAAI,CAAC,kBAAkB,CAAC,IAAI,CAAC,KAAK,CAAC,KAAK,CAAC,IAAI,CAAC,IAAI,CAAC,CAAC,CAAC,IAAI,EAAE,CAAC;QAE3E,IAAI,CAAC,KAAK,GAAG,EAAE,KAAK,EAAE,CAAC,EAAE,CAAC,EAAE,UAAU,EAAE,CAAC,EAAE,SAAS,EAAE,CAAC,EAAE,CAAC;QAC1D,IAAI,CAAC,MAAM,CAAC,KAAK,EAAE,CAAC;QACpB,IAAI,CAAC,YAAY,GAAG,CAAC,CAAC;QACtB,IAAI,CAAC,YAAY,GAAG,CAAC,CAAC,CAAC;QACvB,IAAI,CAAC,YAAY,GAAG,CAAC,CAAC;QACtB,IAAI,CAAC,SAAS,CAAC,KAAK,EAAE,CAAC;QACvB,IAAI,CAAC,UAAU,GAAG,IAAI,CAAC;QAEvB,IAAI,IAAI,CAAC,QAAQ;YAAE,IAAI,CAAC,QAAQ,CAAC,EAAE,CAAC,CAAC;QACrC,IAAI,IAAI,CAAC,QAAQ;YAAE,IAAI,CAAC,QAAQ,CAAC,MAAM,CAAC,CAAC;IAAA,CACzC;IAEO,eAAe,GAAS;QAC/B,IAAI,CAAC,YAAY,GAAG,CAAC,CAAC,CAAC,CAAC,6BAA6B;QACrD,IAAI,CAAC,UAAU,GAAG,IAAI,CAAC;QAEvB,IAAI,IAAI,CAAC,KAAK,CAAC,SAAS,GAAG,CAAC,EAAE,CAAC;YAC9B,IAAI,CAAC,gBAAgB,EAAE,CAAC;YAExB,6EAA6E;YAC7E,MAAM,IAAI,GAAG,IAAI,CAAC,KAAK,CAAC,KAAK,CAAC,IAAI,CAAC,KAAK,CAAC,UAAU,CAAC,IAAI,EAAE,CAAC;YAC3D,MAAM,YAAY,GAAG,IAAI,CAAC,KAAK,CAAC,CAAC,EAAE,IAAI,CAAC,KAAK,CAAC,SAAS,CAAC,CAAC;YAEzD,mDAAmD;YACnD,MAAM,SAAS,GAAG,CAAC,GAAG,IAAI,CAAC,OAAO,CAAC,YAAY,CAAC,CAAC,CAAC;YAClD,MAAM,YAAY,GAAG,SAAS,CAAC,SAAS,CAAC,MAAM,GAAG,CAAC,CAAC,CAAC;YACrD,MAAM,cAAc,GAAG,YAAY,CAAC,CAAC,CAAC,YAAY,CAAC,OAAO,CAAC,MAAM,CAAC,CAAC,CAAC,CAAC,CAAC;YAEtE,MAAM,MAAM,GAAG,IAAI,CAAC,KAAK,CAAC,CAAC,EAAE,IAAI,CAAC,KAAK,CAAC,SAAS,GAAG,cAAc,CAAC,CAAC;YACpE,MAAM,KAAK,GAAG,IAAI,CAAC,KAAK,CAAC,IAAI,CAAC,KAAK,CAAC,SAAS,CAAC,CAAC;YAE/C,IAAI,CAAC,KAAK,CAAC,KAAK,CAAC,IAAI,CAAC,KAAK,CAAC,UAAU,CAAC,GAAG,MAAM,GAAG,KAAK,CAAC;YACzD,IAAI,CAAC,YAAY,CAAC,IAAI,CAAC,KAAK,CAAC,SAAS,GAAG,cAAc,CAAC,CAAC;QAC1D,CAAC;aAAM,IAAI,IAAI,CAAC,KAAK,CAAC,UAAU,GAAG,CAAC,EAAE,CAAC;YACtC,IAAI,CAAC,gBAAgB,EAAE,CAAC;YAExB,2BAA2B;YAC3B,MAAM,WAAW,GAAG,IAAI,CAAC,KAAK,CAAC,KAAK,CAAC,IAAI,CAAC,KAAK,CAAC,UAAU,CAAC,IAAI,EAAE,CAAC;YAClE,MAAM,YAAY,GAAG,IAAI,CAAC,KAAK,CAAC,KAAK,CAAC,IAAI,CAAC,KAAK,CAAC,UAAU,GAAG,CAAC,CAAC,IAAI,EAAE,CAAC;YAEvE,IAAI,CAAC,KAAK,CAAC,KAAK,CAAC,IAAI,CAAC,KAAK,CAAC,UAAU,GAAG,CAAC,CAAC,GAAG,YAAY,GAAG,WAAW,CAAC;YACzE,IAAI,CAAC,KAAK,CAAC,KAAK,CAAC,MAAM,CAAC,IAAI,CAAC,KAAK,CAAC,UAAU,EAAE,CAAC,CAAC,CAAC;YAElD,IAAI,CAAC,KAAK,CAAC,UAAU,EAAE,CAAC;YACxB,IAAI,CAAC,YAAY,CAAC,YAAY,CAAC,MAAM,CAAC,CAAC;QACxC,CAAC;QAED,IAAI,IAAI,CAAC,QAAQ,EAAE,CAAC;YACnB,IAAI,CAAC,QAAQ,CAAC,IAAI,CAAC,OAAO,EAAE,CAAC,CAAC;QAC/B,CAAC;QAED,oDAAoD;QACpD,IAAI,IAAI,CAAC,iBAAiB,EAAE,CAAC;YAC5B,IAAI,CAAC,kBAAkB,EAAE,CAAC;QAC3B,CAAC;aAAM,CAAC;YACP,2FAA2F;YAC3F,MAAM,WAAW,GAAG,IAAI,CAAC,KAAK,CAAC,KAAK,CAAC,IAAI,CAAC,KAAK,CAAC,UAAU,CAAC,IAAI,EAAE,CAAC;YAClE,MAAM,gBAAgB,GAAG,WAAW,CAAC,KAAK,CAAC,CAAC,EAAE,IAAI,CAAC,KAAK,CAAC,SAAS,CAAC,CAAC;YACpE,wBAAwB;YACxB,IAAI,IAAI,CAAC,uBAAuB,CAAC,gBAAgB,CAAC,EAAE,CAAC;gBACpD,IAAI,CAAC,sBAAsB,EAAE,CAAC;YAC/B,CAAC;YACD,8CAA8C;iBACzC,IAAI,gBAAgB,CAAC,KAAK,CAAC,uBAAuB,CAAC,EAAE,CAAC;gBAC1D,IAAI,CAAC,sBAAsB,EAAE,CAAC;YAC/B,CAAC;QACF,CAAC;IAAA,CACD;IAED;;;OAGG;IACK,YAAY,CAAC,GAAW,EAAQ;QACvC,IAAI,CAAC,KAAK,CAAC,SAAS,GAAG,GAAG,CAAC;QAC3B,IAAI,CAAC,kBAAkB,GAAG,IAAI,CAAC;QAC/B,IAAI,CAAC,oBAAoB,GAAG,IAAI,CAAC;IAAA,CACjC;IAED;;;OAGG;IACK,gBAAgB,CACvB,WAA6E,EAC7E,iBAAyB,EACzB,gBAAwB,EACjB;QACP,MAAM,SAAS,GAAG,WAAW,CAAC,iBAAiB,CAAC,CAAC;QACjD,MAAM,QAAQ,GAAG,WAAW,CAAC,gBAAgB,CAAC,CAAC;QAC/C,IAAI,CAAC,CAAC,SAAS,IAAI,QAAQ,CAAC;YAAE,OAAO;QAErC,uEAAuE;QACvE,uEAAuE;QACvE,6CAA6C;QAC7C,IAAI,gBAAwB,CAAC;QAC7B,IAAI,IAAI,CAAC,oBAAoB,KAAK,IAAI,EAAE,CAAC;YACxC,MAAM,OAAO,GAAG,IAAI,CAAC,gBAAgB,CAAC,WAAW,EAAE,SAAS,CAAC,WAAW,EAAE,IAAI,CAAC,oBAAoB,CAAC,CAAC;YACrG,gBAAgB,GAAG,IAAI,CAAC,oBAAoB,GAAG,WAAW,CAAC,OAAO,CAAC,CAAC,QAAQ,CAAC;QAC9E,CAAC;aAAM,CAAC;YACP,gBAAgB,GAAG,IAAI,CAAC,KAAK,CAAC,SAAS,GAAG,SAAS,CAAC,QAAQ,CAAC;QAC9D,CAAC;QAED,sEAAsE;QACtE,MAAM,mBAAmB,GACxB,iBAAiB,KAAK,WAAW,CAAC,MAAM,GAAG,CAAC;YAC5C,WAAW,CAAC,iBAAiB,GAAG,CAAC,CAAC,EAAE,WAAW,KAAK,SAAS,CAAC,WAAW,CAAC;QAC3E,MAAM,kBAAkB,GAAG,mBAAmB,CAAC,CAAC,CAAC,SAAS,CAAC,MAAM,CAAC,CAAC,CAAC,IAAI,CAAC,GAAG,CAAC,CAAC,EAAE,SAAS,CAAC,MAAM,GAAG,CAAC,CAAC,CAAC;QAEtG,MAAM,mBAAmB,GACxB,gBAAgB,KAAK,WAAW,CAAC,MAAM,GAAG,CAAC;YAC3C,WAAW,CAAC,gBAAgB,GAAG,CAAC,CAAC,EAAE,WAAW,KAAK,QAAQ,CAAC,WAAW,CAAC;QACzE,MAAM,kBAAkB,GAAG,mBAAmB,CAAC,CAAC,CAAC,QAAQ,CAAC,MAAM,CAAC,CAAC,CAAC,IAAI,CAAC,GAAG,CAAC,CAAC,EAAE,QAAQ,CAAC,MAAM,GAAG,CAAC,CAAC,CAAC;QAEpG,MAAM,eAAe,GAAG,IAAI,CAAC,yBAAyB,CAAC,gBAAgB,EAAE,kBAAkB,EAAE,kBAAkB,CAAC,CAAC;QAEjH,sBAAsB;QACtB,IAAI,CAAC,KAAK,CAAC,UAAU,GAAG,QAAQ,CAAC,WAAW,CAAC;QAC7C,MAAM,SAAS,GAAG,QAAQ,CAAC,QAAQ,GAAG,eAAe,CAAC;QACtD,MAAM,WAAW,GAAG,IAAI,CAAC,KAAK,CAAC,KAAK,CAAC,QAAQ,CAAC,WAAW,CAAC,IAAI,EAAE,CAAC;QACjE,IAAI,CAAC,KAAK,CAAC,SAAS,GAAG,IAAI,CAAC,GAAG,CAAC,SAAS,EAAE,WAAW,CAAC,MAAM,CAAC,CAAC;QAE/D,8DAA8D;QAC9D,oEAAoE;QACpE,gDAAgD;QAChD,MAAM,QAAQ,GAAG,CAAC,GAAG,IAAI,CAAC,OAAO,CAAC,WAAW,CAAC,CAAC,CAAC;QAChD,KAAK,MAAM,GAAG,IAAI,QAAQ,EAAE,CAAC;YAC5B,IAAI,GAAG,CAAC,KAAK,GAAG,IAAI,CAAC,KAAK,CAAC,SAAS;gBAAE,MAAM;YAC5C,IAAI,GAAG,CAAC,OAAO,CAAC,MAAM,IAAI,CAAC;gBAAE,SAAS;YACtC,IAAI,IAAI,CAAC,KAAK,CAAC,SAAS,GAAG,GAAG,CAAC,KAAK,GAAG,GAAG,CAAC,OAAO,CAAC,MAAM,EAAE,CAAC;gBAC3D,MAAM,cAAc,GAAG,GAAG,CAAC,KAAK,GAAG,QAAQ,CAAC,QAAQ,CAAC;gBACrD,MAAM,YAAY,GAAG,gBAAgB,GAAG,iBAAiB,CAAC;gBAE1D,IAAI,cAAc,IAAI,YAAY,EAAE,CAAC;oBACpC,wDAAwD;oBACxD,yDAAyD;oBACzD,qDAAqD;oBACrD,MAAM,MAAM,GAAG,GAAG,CAAC,KAAK,GAAG,GAAG,CAAC,OAAO,CAAC,MAAM,CAAC;oBAC9C,IAAI,IAAI,GAAG,gBAAgB,GAAG,CAAC,CAAC;oBAChC,OACC,IAAI,GAAG,WAAW,CAAC,MAAM;wBACzB,WAAW,CAAC,IAAI,CAAC,CAAC,WAAW,KAAK,QAAQ,CAAC,WAAW;wBACtD,WAAW,CAAC,IAAI,CAAC,CAAC,QAAQ,GAAG,MAAM,EAClC,CAAC;wBACF,IAAI,EAAE,CAAC;oBACR,CAAC;oBACD,IAAI,IAAI,GAAG,WAAW,CAAC,MAAM,EAAE,CAAC;wBAC/B,IAAI,CAAC,gBAAgB,CAAC,WAAW,EAAE,iBAAiB,EAAE,IAAI,CAAC,CAAC;wBAC5D,OAAO;oBACR,CAAC;gBACF,CAAC;gBAED,2DAA2D;gBAC3D,4DAA4D;gBAC5D,2CAA2C;gBAC3C,IAAI,CAAC,oBAAoB,GAAG,IAAI,CAAC,KAAK,CAAC,SAAS,CAAC;gBACjD,IAAI,CAAC,KAAK,CAAC,SAAS,GAAG,GAAG,CAAC,KAAK,CAAC;gBACjC,OAAO;YACR,CAAC;QACF,CAAC;QAED,2DAAyD;QACzD,IAAI,CAAC,oBAAoB,GAAG,IAAI,CAAC;IAAA,CACjC;IAED;;;;;;;;;;;;;;;;;;;OAmBG;IACK,yBAAyB,CAChC,gBAAwB,EACxB,kBAA0B,EAC1B,kBAA0B,EACjB;QACT,MAAM,YAAY,GAAG,IAAI,CAAC,kBAAkB,KAAK,IAAI,CAAC,CAAC,IAAI;QAC3D,MAAM,cAAc,GAAG,gBAAgB,GAAG,kBAAkB,CAAC,CAAC,IAAI;QAClE,MAAM,cAAc,GAAG,kBAAkB,GAAG,gBAAgB,CAAC,CAAC,IAAI;QAElE,IAAI,CAAC,YAAY,IAAI,cAAc,EAAE,CAAC;YACrC,IAAI,cAAc,EAAE,CAAC;gBACpB,gBAAgB;gBAChB,IAAI,CAAC,kBAAkB,GAAG,gBAAgB,CAAC;gBAC3C,OAAO,kBAAkB,CAAC;YAC3B,CAAC;YAED,gBAAgB;YAChB,IAAI,CAAC,kBAAkB,GAAG,IAAI,CAAC;YAC/B,OAAO,gBAAgB,CAAC;QACzB,CAAC;QAED,MAAM,sBAAsB,GAAG,kBAAkB,GAAG,IAAI,CAAC,kBAAmB,CAAC,CAAC,IAAI;QAClF,IAAI,cAAc,IAAI,sBAAsB,EAAE,CAAC;YAC9C,gBAAgB;YAChB,OAAO,kBAAkB,CAAC;QAC3B,CAAC;QAED,SAAS;QACT,MAAM,MAAM,GAAG,IAAI,CAAC,kBAAmB,CAAC;QACxC,IAAI,CAAC,kBAAkB,GAAG,IAAI,CAAC;QAC/B,OAAO,MAAM,CAAC;IAAA,CACd;IAEO,eAAe,GAAS;QAC/B,IAAI,CAAC,UAAU,GAAG,IAAI,CAAC;QACvB,IAAI,CAAC,YAAY,CAAC,CAAC,CAAC,CAAC;IAAA,CACrB;IAEO,aAAa,GAAS;QAC7B,IAAI,CAAC,UAAU,GAAG,IAAI,CAAC;QACvB,MAAM,WAAW,GAAG,IAAI,CAAC,KAAK,CAAC,KAAK,CAAC,IAAI,CAAC,KAAK,CAAC,UAAU,CAAC,IAAI,EAAE,CAAC;QAClE,IAAI,CAAC,YAAY,CAAC,WAAW,CAAC,MAAM,CAAC,CAAC;IAAA,CACtC;IAEO,mBAAmB,GAAS;QACnC,IAAI,CAAC,YAAY,GAAG,CAAC,CAAC,CAAC,CAAC,6BAA6B;QAErD,MAAM,WAAW,GAAG,IAAI,CAAC,KAAK,CAAC,KAAK,CAAC,IAAI,CAAC,KAAK,CAAC,UAAU,CAAC,IAAI,EAAE,CAAC;QAElE,IAAI,IAAI,CAAC,KAAK,CAAC,SAAS,GAAG,CAAC,EAAE,CAAC;YAC9B,IAAI,CAAC,gBAAgB,EAAE,CAAC;YAExB,mFAAmF;YACnF,MAAM,WAAW,GAAG,WAAW,CAAC,KAAK,CAAC,CAAC,EAAE,IAAI,CAAC,KAAK,CAAC,SAAS,CAAC,CAAC;YAC/D,IAAI,CAAC,QAAQ,CAAC,IAAI,CAAC,WAAW,EAAE,EAAE,OAAO,EAAE,IAAI,EAAE,UAAU,EAAE,IAAI,CAAC,UAAU,KAAK,MAAM,EAAE,CAAC,CAAC;YAC3F,IAAI,CAAC,UAAU,GAAG,MAAM,CAAC;YAEzB,yCAAyC;YACzC,IAAI,CAAC,KAAK,CAAC,KAAK,CAAC,IAAI,CAAC,KAAK,CAAC,UAAU,CAAC,GAAG,WAAW,CAAC,KAAK,CAAC,IAAI,CAAC,KAAK,CAAC,SAAS,CAAC,CAAC;YAClF,IAAI,CAAC,YAAY,CAAC,CAAC,CAAC,CAAC;QACtB,CAAC;aAAM,IAAI,IAAI,CAAC,KAAK,CAAC,UAAU,GAAG,CAAC,EAAE,CAAC;YACtC,IAAI,CAAC,gBAAgB,EAAE,CAAC;YAExB,gFAAgF;YAChF,IAAI,CAAC,QAAQ,CAAC,IAAI,CAAC,IAAI,EAAE,EAAE,OAAO,EAAE,IAAI,EAAE,UAAU,EAAE,IAAI,CAAC,UAAU,KAAK,MAAM,EAAE,CAAC,CAAC;YACpF,IAAI,CAAC,UAAU,GAAG,MAAM,CAAC;YAEzB,MAAM,YAAY,GAAG,IAAI,CAAC,KAAK,CAAC,KAAK,CAAC,IAAI,CAAC,KAAK,CAAC,UAAU,GAAG,CAAC,CAAC,IAAI,EAAE,CAAC;YACvE,IAAI,CAAC,KAAK,CAAC,KAAK,CAAC,IAAI,CAAC,KAAK,CAAC,UAAU,GAAG,CAAC,CAAC,GAAG,YAAY,GAAG,WAAW,CAAC;YACzE,IAAI,CAAC,KAAK,CAAC,KAAK,CAAC,MAAM,CAAC,IAAI,CAAC,KAAK,CAAC,UAAU,EAAE,CAAC,CAAC,CAAC;YAClD,IAAI,CAAC,KAAK,CAAC,UAAU,EAAE,CAAC;YACxB,IAAI,CAAC,YAAY,CAAC,YAAY,CAAC,MAAM,CAAC,CAAC;QACxC,CAAC;QAED,IAAI,IAAI,CAAC,QAAQ,EAAE,CAAC;YACnB,IAAI,CAAC,QAAQ,CAAC,IAAI,CAAC,OAAO,EAAE,CAAC,CAAC;QAC/B,CAAC;IAAA,CACD;IAEO,iBAAiB,GAAS;QACjC,IAAI,CAAC,YAAY,GAAG,CAAC,CAAC,CAAC,CAAC,6BAA6B;QAErD,MAAM,WAAW,GAAG,IAAI,CAAC,KAAK,CAAC,KAAK,CAAC,IAAI,CAAC,KAAK,CAAC,UAAU,CAAC,IAAI,EAAE,CAAC;QAElE,IAAI,IAAI,CAAC,KAAK,CAAC,SAAS,GAAG,WAAW,CAAC,MAAM,EAAE,CAAC;YAC/C,IAAI,CAAC,gBAAgB,EAAE,CAAC;YAExB,iFAAiF;YACjF,MAAM,WAAW,GAAG,WAAW,CAAC,KAAK,CAAC,IAAI,CAAC,KAAK,CAAC,SAAS,CAAC,CAAC;YAC5D,IAAI,CAAC,QAAQ,CAAC,IAAI,CAAC,WAAW,EAAE,EAAE,OAAO,EAAE,KAAK,EAAE,UAAU,EAAE,IAAI,CAAC,UAAU,KAAK,MAAM,EAAE,CAAC,CAAC;YAC5F,IAAI,CAAC,UAAU,GAAG,MAAM,CAAC;YAEzB,oCAAoC;YACpC,IAAI,CAAC,KAAK,CAAC,KAAK,CAAC,IAAI,CAAC,KAAK,CAAC,UAAU,CAAC,GAAG,WAAW,CAAC,KAAK,CAAC,CAAC,EAAE,IAAI,CAAC,KAAK,CAAC,SAAS,CAAC,CAAC;QACtF,CAAC;aAAM,IAAI,IAAI,CAAC,KAAK,CAAC,UAAU,GAAG,IAAI,CAAC,KAAK,CAAC,KAAK,CAAC,MAAM,GAAG,CAAC,EAAE,CAAC;YAChE,IAAI,CAAC,gBAAgB,EAAE,CAAC;YAExB,0EAA0E;YAC1E,IAAI,CAAC,QAAQ,CAAC,IAAI,CAAC,IAAI,EAAE,EAAE,OAAO,EAAE,KAAK,EAAE,UAAU,EAAE,IAAI,CAAC,UAAU,KAAK,MAAM,EAAE,CAAC,CAAC;YACrF,IAAI,CAAC,UAAU,GAAG,MAAM,CAAC;YAEzB,MAAM,QAAQ,GAAG,IAAI,CAAC,KAAK,CAAC,KAAK,CAAC,IAAI,CAAC,KAAK,CAAC,UAAU,GAAG,CAAC,CAAC,IAAI,EAAE,CAAC;YACnE,IAAI,CAAC,KAAK,CAAC,KAAK,CAAC,IAAI,CAAC,KAAK,CAAC,UAAU,CAAC,GAAG,WAAW,GAAG,QAAQ,CAAC;YACjE,IAAI,CAAC,KAAK,CAAC,KAAK,CAAC,MAAM,CAAC,IAAI,CAAC,KAAK,CAAC,UAAU,GAAG,CAAC,EAAE,CAAC,CAAC,CAAC;QACvD,CAAC;QAED,IAAI,IAAI,CAAC,QAAQ,EAAE,CAAC;YACnB,IAAI,CAAC,QAAQ,CAAC,IAAI,CAAC,OAAO,EAAE,CAAC,CAAC;QAC/B,CAAC;IAAA,CACD;IAEO,mBAAmB,GAAS;QACnC,IAAI,CAAC,YAAY,GAAG,CAAC,CAAC,CAAC,CAAC,6BAA6B;QAErD,MAAM,WAAW,GAAG,IAAI,CAAC,KAAK,CAAC,KAAK,CAAC,IAAI,CAAC,KAAK,CAAC,UAAU,CAAC,IAAI,EAAE,CAAC;QAElE,oFAAoF;QACpF,IAAI,IAAI,CAAC,KAAK,CAAC,SAAS,KAAK,CAAC,EAAE,CAAC;YAChC,IAAI,IAAI,CAAC,KAAK,CAAC,UAAU,GAAG,CAAC,EAAE,CAAC;gBAC/B,IAAI,CAAC,gBAAgB,EAAE,CAAC;gBAExB,8DAA8D;gBAC9D,IAAI,CAAC,QAAQ,CAAC,IAAI,CAAC,IAAI,EAAE,EAAE,OAAO,EAAE,IAAI,EAAE,UAAU,EAAE,IAAI,CAAC,UAAU,KAAK,MAAM,EAAE,CAAC,CAAC;gBACpF,IAAI,CAAC,UAAU,GAAG,MAAM,CAAC;gBAEzB,MAAM,YAAY,GAAG,IAAI,CAAC,KAAK,CAAC,KAAK,CAAC,IAAI,CAAC,KAAK,CAAC,UAAU,GAAG,CAAC,CAAC,IAAI,EAAE,CAAC;gBACvE,IAAI,CAAC,KAAK,CAAC,KAAK,CAAC,IAAI,CAAC,KAAK,CAAC,UAAU,GAAG,CAAC,CAAC,GAAG,YAAY,GAAG,WAAW,CAAC;gBACzE,IAAI,CAAC,KAAK,CAAC,KAAK,CAAC,MAAM,CAAC,IAAI,CAAC,KAAK,CAAC,UAAU,EAAE,CAAC,CAAC,CAAC;gBAClD,IAAI,CAAC,KAAK,CAAC,UAAU,EAAE,CAAC;gBACxB,IAAI,CAAC,YAAY,CAAC,YAAY,CAAC,MAAM,CAAC,CAAC;YACxC,CAAC;QACF,CAAC;aAAM,CAAC;YACP,IAAI,CAAC,gBAAgB,EAAE,CAAC;YAExB,uEAAuE;YACvE,MAAM,OAAO,GAAG,IAAI,CAAC,UAAU,KAAK,MAAM,CAAC;YAE3C,MAAM,YAAY,GAAG,IAAI,CAAC,KAAK,CAAC,SAAS,CAAC;YAC1C,IAAI,CAAC,iBAAiB,EAAE,CAAC;YACzB,MAAM,UAAU,GAAG,IAAI,CAAC,KAAK,CAAC,SAAS,CAAC;YACxC,IAAI,CAAC,YAAY,CAAC,YAAY,CAAC,CAAC;YAEhC,MAAM,WAAW,GAAG,WAAW,CAAC,KAAK,CAAC,UAAU,EAAE,IAAI,CAAC,KAAK,CAAC,SAAS,CAAC,CAAC;YACxE,IAAI,CAAC,QAAQ,CAAC,IAAI,CAAC,WAAW,EAAE,EAAE,OAAO,EAAE,IAAI,EAAE,UAAU,EAAE,OAAO,EAAE,CAAC,CAAC;YACxE,IAAI,CAAC,UAAU,GAAG,MAAM,CAAC;YAEzB,IAAI,CAAC,KAAK,CAAC,KAAK,CAAC,IAAI,CAAC,KAAK,CAAC,UAAU,CAAC;gBACtC,WAAW,CAAC,KAAK,CAAC,CAAC,EAAE,UAAU,CAAC,GAAG,WAAW,CAAC,KAAK,CAAC,IAAI,CAAC,KAAK,CAAC,SAAS,CAAC,CAAC;YAC5E,IAAI,CAAC,YAAY,CAAC,UAAU,CAAC,CAAC;QAC/B,CAAC;QAED,IAAI,IAAI,CAAC,QAAQ,EAAE,CAAC;YACnB,IAAI,CAAC,QAAQ,CAAC,IAAI,CAAC,OAAO,EAAE,CAAC,CAAC;QAC/B,CAAC;IAAA,CACD;IAEO,iBAAiB,GAAS;QACjC,IAAI,CAAC,YAAY,GAAG,CAAC,CAAC,CAAC,CAAC,6BAA6B;QAErD,MAAM,WAAW,GAAG,IAAI,CAAC,KAAK,CAAC,KAAK,CAAC,IAAI,CAAC,KAAK,CAAC,UAAU,CAAC,IAAI,EAAE,CAAC;QAElE,+DAA+D;QAC/D,IAAI,IAAI,CAAC,KAAK,CAAC,SAAS,IAAI,WAAW,CAAC,MAAM,EAAE,CAAC;YAChD,IAAI,IAAI,CAAC,KAAK,CAAC,UAAU,GAAG,IAAI,CAAC,KAAK,CAAC,KAAK,CAAC,MAAM,GAAG,CAAC,EAAE,CAAC;gBACzD,IAAI,CAAC,gBAAgB,EAAE,CAAC;gBAExB,4DAA4D;gBAC5D,IAAI,CAAC,QAAQ,CAAC,IAAI,CAAC,IAAI,EAAE,EAAE,OAAO,EAAE,KAAK,EAAE,UAAU,EAAE,IAAI,CAAC,UAAU,KAAK,MAAM,EAAE,CAAC,CAAC;gBACrF,IAAI,CAAC,UAAU,GAAG,MAAM,CAAC;gBAEzB,MAAM,QAAQ,GAAG,IAAI,CAAC,KAAK,CAAC,KAAK,CAAC,IAAI,CAAC,KAAK,CAAC,UAAU,GAAG,CAAC,CAAC,IAAI,EAAE,CAAC;gBACnE,IAAI,CAAC,KAAK,CAAC,KAAK,CAAC,IAAI,CAAC,KAAK,CAAC,UAAU,CAAC,GAAG,WAAW,GAAG,QAAQ,CAAC;gBACjE,IAAI,CAAC,KAAK,CAAC,KAAK,CAAC,MAAM,CAAC,IAAI,CAAC,KAAK,CAAC,UAAU,GAAG,CAAC,EAAE,CAAC,CAAC,CAAC;YACvD,CAAC;QACF,CAAC;aAAM,CAAC;YACP,IAAI,CAAC,gBAAgB,EAAE,CAAC;YAExB,sEAAsE;YACtE,MAAM,OAAO,GAAG,IAAI,CAAC,UAAU,KAAK,MAAM,CAAC;YAE3C,MAAM,YAAY,GAAG,IAAI,CAAC,KAAK,CAAC,SAAS,CAAC;YAC1C,IAAI,CAAC,gBAAgB,EAAE,CAAC;YACxB,MAAM,QAAQ,GAAG,IAAI,CAAC,KAAK,CAAC,SAAS,CAAC;YACtC,IAAI,CAAC,YAAY,CAAC,YAAY,CAAC,CAAC;YAEhC,MAAM,WAAW,GAAG,WAAW,CAAC,KAAK,CAAC,IAAI,CAAC,KAAK,CAAC,SAAS,EAAE,QAAQ,CAAC,CAAC;YACtE,IAAI,CAAC,QAAQ,CAAC,IAAI,CAAC,WAAW,EAAE,EAAE,OAAO,EAAE,KAAK,EAAE,UAAU,EAAE,OAAO,EAAE,CAAC,CAAC;YACzE,IAAI,CAAC,UAAU,GAAG,MAAM,CAAC;YAEzB,IAAI,CAAC,KAAK,CAAC,KAAK,CAAC,IAAI,CAAC,KAAK,CAAC,UAAU,CAAC;gBACtC,WAAW,CAAC,KAAK,CAAC,CAAC,EAAE,IAAI,CAAC,KAAK,CAAC,SAAS,CAAC,GAAG,WAAW,CAAC,KAAK,CAAC,QAAQ,CAAC,CAAC;QAC3E,CAAC;QAED,IAAI,IAAI,CAAC,QAAQ,EAAE,CAAC;YACnB,IAAI,CAAC,QAAQ,CAAC,IAAI,CAAC,OAAO,EAAE,CAAC,CAAC;QAC/B,CAAC;IAAA,CACD;IAEO,mBAAmB,GAAS;QACnC,IAAI,CAAC,YAAY,GAAG,CAAC,CAAC,CAAC,CAAC,6BAA6B;QACrD,IAAI,CAAC,UAAU,GAAG,IAAI,CAAC;QAEvB,MAAM,WAAW,GAAG,IAAI,CAAC,KAAK,CAAC,KAAK,CAAC,IAAI,CAAC,KAAK,CAAC,UAAU,CAAC,IAAI,EAAE,CAAC;QAElE,IAAI,IAAI,CAAC,KAAK,CAAC,SAAS,GAAG,WAAW,CAAC,MAAM,EAAE,CAAC;YAC/C,IAAI,CAAC,gBAAgB,EAAE,CAAC;YAExB,kFAAkF;YAClF,MAAM,WAAW,GAAG,WAAW,CAAC,KAAK,CAAC,IAAI,CAAC,KAAK,CAAC,SAAS,CAAC,CAAC;YAE5D,oCAAoC;YACpC,MAAM,SAAS,GAAG,CAAC,GAAG,IAAI,CAAC,OAAO,CAAC,WAAW,CAAC,CAAC,CAAC;YACjD,MAAM,aAAa,GAAG,SAAS,CAAC,CAAC,CAAC,CAAC;YACnC,MAAM,cAAc,GAAG,aAAa,CAAC,CAAC,CAAC,aAAa,CAAC,OAAO,CAAC,MAAM,CAAC,CAAC,CAAC,CAAC,CAAC;YAExE,MAAM,MAAM,GAAG,WAAW,CAAC,KAAK,CAAC,CAAC,EAAE,IAAI,CAAC,KAAK,CAAC,SAAS,CAAC,CAAC;YAC1D,MAAM,KAAK,GAAG,WAAW,CAAC,KAAK,CAAC,IAAI,CAAC,KAAK,CAAC,SAAS,GAAG,cAAc,CAAC,CAAC;YACvE,IAAI,CAAC,KAAK,CAAC,KAAK,CAAC,IAAI,CAAC,KAAK,CAAC,UAAU,CAAC,GAAG,MAAM,GAAG,KAAK,CAAC;QAC1D,CAAC;aAAM,IAAI,IAAI,CAAC,KAAK,CAAC,UAAU,GAAG,IAAI,CAAC,KAAK,CAAC,KAAK,CAAC,MAAM,GAAG,CAAC,EAAE,CAAC;YAChE,IAAI,CAAC,gBAAgB,EAAE,CAAC;YAExB,wCAAwC;YACxC,MAAM,QAAQ,GAAG,IAAI,CAAC,KAAK,CAAC,KAAK,CAAC,IAAI,CAAC,KAAK,CAAC,UAAU,GAAG,CAAC,CAAC,IAAI,EAAE,CAAC;YACnE,IAAI,CAAC,KAAK,CAAC,KAAK,CAAC,IAAI,CAAC,KAAK,CAAC,UAAU,CAAC,GAAG,WAAW,GAAG,QAAQ,CAAC;YACjE,IAAI,CAAC,KAAK,CAAC,KAAK,CAAC,MAAM,CAAC,IAAI,CAAC,KAAK,CAAC,UAAU,GAAG,CAAC,EAAE,CAAC,CAAC,CAAC;QACvD,CAAC;QAED,IAAI,IAAI,CAAC,QAAQ,EAAE,CAAC;YACnB,IAAI,CAAC,QAAQ,CAAC,IAAI,CAAC,OAAO,EAAE,CAAC,CAAC;QAC/B,CAAC;QAED,yDAAyD;QACzD,IAAI,IAAI,CAAC,iBAAiB,EAAE,CAAC;YAC5B,IAAI,CAAC,kBAAkB,EAAE,CAAC;QAC3B,CAAC;aAAM,CAAC;YACP,MAAM,WAAW,GAAG,IAAI,CAAC,KAAK,CAAC,KAAK,CAAC,IAAI,CAAC,KAAK,CAAC,UAAU,CAAC,IAAI,EAAE,CAAC;YAClE,MAAM,gBAAgB,GAAG,WAAW,CAAC,KAAK,CAAC,CAAC,EAAE,IAAI,CAAC,KAAK,CAAC,SAAS,CAAC,CAAC;YACpE,wBAAwB;YACxB,IAAI,IAAI,CAAC,uBAAuB,CAAC,gBAAgB,CAAC,EAAE,CAAC;gBACpD,IAAI,CAAC,sBAAsB,EAAE,CAAC;YAC/B,CAAC;YACD,8CAA8C;iBACzC,IAAI,gBAAgB,CAAC,KAAK,CAAC,uBAAuB,CAAC,EAAE,CAAC;gBAC1D,IAAI,CAAC,sBAAsB,EAAE,CAAC;YAC/B,CAAC;QACF,CAAC;IAAA,CACD;IAED;;;;;;OAMG;IACK,kBAAkB,CAAC,KAAa,EAAoE;QAC3G,MAAM,WAAW,GAAqE,EAAE,CAAC;QAEzF,KAAK,IAAI,CAAC,GAAG,CAAC,EAAE,CAAC,GAAG,IAAI,CAAC,KAAK,CAAC,KAAK,CAAC,MAAM,EAAE,CAAC,EAAE,EAAE,CAAC;YAClD,MAAM,IAAI,GAAG,IAAI,CAAC,KAAK,CAAC,KAAK,CAAC,CAAC,CAAC,IAAI,EAAE,CAAC;YACvC,MAAM,YAAY,GAAG,YAAY,CAAC,IAAI,CAAC,CAAC;YACxC,IAAI,IAAI,CAAC,MAAM,KAAK,CAAC,EAAE,CAAC;gBACvB,yCAAyC;gBACzC,WAAW,CAAC,IAAI,CAAC,EAAE,WAAW,EAAE,CAAC,EAAE,QAAQ,EAAE,CAAC,EAAE,MAAM,EAAE,CAAC,EAAE,CAAC,CAAC;YAC9D,CAAC;iBAAM,IAAI,YAAY,IAAI,KAAK,EAAE,CAAC;gBAClC,WAAW,CAAC,IAAI,CAAC,EAAE,WAAW,EAAE,CAAC,EAAE,QAAQ,EAAE,CAAC,EAAE,MAAM,EAAE,IAAI,CAAC,MAAM,EAAE,CAAC,CAAC;YACxE,CAAC;iBAAM,CAAC;gBACP,gDAAgD;gBAChD,MAAM,MAAM,GAAG,YAAY,CAAC,IAAI,EAAE,KAAK,EAAE,CAAC,GAAG,IAAI,CAAC,OAAO,CAAC,IAAI,CAAC,CAAC,CAAC,CAAC;gBAClE,KAAK,MAAM,KAAK,IAAI,MAAM,EAAE,CAAC;oBAC5B,WAAW,CAAC,IAAI,CAAC;wBAChB,WAAW,EAAE,CAAC;wBACd,QAAQ,EAAE,KAAK,CAAC,UAAU;wBAC1B,MAAM,EAAE,KAAK,CAAC,QAAQ,GAAG,KAAK,CAAC,UAAU;qBACzC,CAAC,CAAC;gBACJ,CAAC;YACF,CAAC;QACF,CAAC;QAED,OAAO,WAAW,CAAC;IAAA,CACnB;IAED;;OAEG;IACK,gBAAgB,CACvB,WAA6E,EAC7E,IAAY,EACZ,GAAW,EACF;QACT,KAAK,IAAI,CAAC,GAAG,CAAC,EAAE,CAAC,GAAG,WAAW,CAAC,MAAM,EAAE,CAAC,EAAE,EAAE,CAAC;YAC7C,MAAM,EAAE,GAAG,WAAW,CAAC,CAAC,CAAC,CAAC;YAC1B,IAAI,CAAC,EAAE,IAAI,EAAE,CAAC,WAAW,KAAK,IAAI;gBAAE,SAAS;YAC7C,MAAM,MAAM,GAAG,GAAG,GAAG,EAAE,CAAC,QAAQ,CAAC;YACjC,+DAA+D;YAC/D,oEAAoE;YACpE,MAAM,mBAAmB,GAAG,CAAC,KAAK,WAAW,CAAC,MAAM,GAAG,CAAC,IAAI,WAAW,CAAC,CAAC,GAAG,CAAC,CAAC,EAAE,WAAW,KAAK,EAAE,CAAC,WAAW,CAAC;YAC/G,IAAI,MAAM,IAAI,CAAC,IAAI,CAAC,MAAM,GAAG,EAAE,CAAC,MAAM,IAAI,CAAC,mBAAmB,IAAI,MAAM,KAAK,EAAE,CAAC,MAAM,CAAC,CAAC,EAAE,CAAC;gBAC1F,OAAO,CAAC,CAAC;YACV,CAAC;QACF,CAAC;QACD,OAAO,WAAW,CAAC,MAAM,GAAG,CAAC,CAAC;IAAA,CAC9B;IAED;;OAEG;IACK,qBAAqB,CAC5B,WAA6E,EACpE;QACT,OAAO,IAAI,CAAC,gBAAgB,CAAC,WAAW,EAAE,IAAI,CAAC,KAAK,CAAC,UAAU,EAAE,IAAI,CAAC,KAAK,CAAC,SAAS,CAAC,CAAC;IAAA,CACvF;IAEO,UAAU,CAAC,SAAiB,EAAE,QAAgB,EAAQ;QAC7D,IAAI,CAAC,UAAU,GAAG,IAAI,CAAC;QACvB,MAAM,WAAW,GAAG,IAAI,CAAC,kBAAkB,CAAC,IAAI,CAAC,SAAS,CAAC,CAAC;QAC5D,MAAM,iBAAiB,GAAG,IAAI,CAAC,qBAAqB,CAAC,WAAW,CAAC,CAAC;QAElE,IAAI,SAAS,KAAK,CAAC,EAAE,CAAC;YACrB,MAAM,gBAAgB,GAAG,iBAAiB,GAAG,SAAS,CAAC;YAEvD,IAAI,gBAAgB,IAAI,CAAC,IAAI,gBAAgB,GAAG,WAAW,CAAC,MAAM,EAAE,CAAC;gBACpE,IAAI,CAAC,gBAAgB,CAAC,WAAW,EAAE,iBAAiB,EAAE,gBAAgB,CAAC,CAAC;YACzE,CAAC;QACF,CAAC;QAED,IAAI,QAAQ,KAAK,CAAC,EAAE,CAAC;YACpB,MAAM,WAAW,GAAG,IAAI,CAAC,KAAK,CAAC,KAAK,CAAC,IAAI,CAAC,KAAK,CAAC,UAAU,CAAC,IAAI,EAAE,CAAC;YAElE,IAAI,QAAQ,GAAG,CAAC,EAAE,CAAC;gBAClB,mFAAmF;gBACnF,IAAI,IAAI,CAAC,KAAK,CAAC,SAAS,GAAG,WAAW,CAAC,MAAM,EAAE,CAAC;oBAC/C,MAAM,WAAW,GAAG,WAAW,CAAC,KAAK,CAAC,IAAI,CAAC,KAAK,CAAC,SAAS,CAAC,CAAC;oBAC5D,MAAM,SAAS,GAAG,CAAC,GAAG,IAAI,CAAC,OAAO,CAAC,WAAW,CAAC,CAAC,CAAC;oBACjD,MAAM,aAAa,GAAG,SAAS,CAAC,CAAC,CAAC,CAAC;oBACnC,IAAI,CAAC,YAAY,CAAC,IAAI,CAAC,KAAK,CAAC,SAAS,GAAG,CAAC,aAAa,CAAC,CAAC,CAAC,aAAa,CAAC,OAAO,CAAC,MAAM,CAAC,CAAC,CAAC,CAAC,CAAC,CAAC,CAAC;gBAC9F,CAAC;qBAAM,IAAI,IAAI,CAAC,KAAK,CAAC,UAAU,GAAG,IAAI,CAAC,KAAK,CAAC,KAAK,CAAC,MAAM,GAAG,CAAC,EAAE,CAAC;oBAChE,qCAAqC;oBACrC,IAAI,CAAC,KAAK,CAAC,UAAU,EAAE,CAAC;oBACxB,IAAI,CAAC,YAAY,CAAC,CAAC,CAAC,CAAC;gBACtB,CAAC;qBAAM,CAAC;oBACP,sFAAsF;oBACtF,MAAM,SAAS,GAAG,WAAW,CAAC,iBAAiB,CAAC,CAAC;oBACjD,IAAI,SAAS,EAAE,CAAC;wBACf,IAAI,CAAC,kBAAkB,GAAG,IAAI,CAAC,KAAK,CAAC,SAAS,GAAG,SAAS,CAAC,QAAQ,CAAC;oBACrE,CAAC;gBACF,CAAC;YACF,CAAC;iBAAM,CAAC;gBACP,kFAAkF;gBAClF,IAAI,IAAI,CAAC,KAAK,CAAC,SAAS,GAAG,CAAC,EAAE,CAAC;oBAC9B,MAAM,YAAY,GAAG,WAAW,CAAC,KAAK,CAAC,CAAC,EAAE,IAAI,CAAC,KAAK,CAAC,SAAS,CAAC,CAAC;oBAChE,MAAM,SAAS,GAAG,CAAC,GAAG,IAAI,CAAC,OAAO,CAAC,YAAY,CAAC,CAAC,CAAC;oBAClD,MAAM,YAAY,GAAG,SAAS,CAAC,SAAS,CAAC,MAAM,GAAG,CAAC,CAAC,CAAC;oBACrD,IAAI,CAAC,YAAY,CAAC,IAAI,CAAC,KAAK,CAAC,SAAS,GAAG,CAAC,YAAY,CAAC,CAAC,CAAC,YAAY,CAAC,OAAO,CAAC,MAAM,CAAC,CAAC,CAAC,CAAC,CAAC,CAAC,CAAC;gBAC5F,CAAC;qBAAM,IAAI,IAAI,CAAC,KAAK,CAAC,UAAU,GAAG,CAAC,EAAE,CAAC;oBACtC,uCAAuC;oBACvC,IAAI,CAAC,KAAK,CAAC,UAAU,EAAE,CAAC;oBACxB,MAAM,QAAQ,GAAG,IAAI,CAAC,KAAK,CAAC,KAAK,CAAC,IAAI,CAAC,KAAK,CAAC,UAAU,CAAC,IAAI,EAAE,CAAC;oBAC/D,IAAI,CAAC,YAAY,CAAC,QAAQ,CAAC,MAAM,CAAC,CAAC;gBACpC,CAAC;YACF,CAAC;QACF,CAAC;IAAA,CACD;IAED;;;OAGG;IACK,UAAU,CAAC,SAAiB,EAAQ;QAC3C,IAAI,CAAC,UAAU,GAAG,IAAI,CAAC;QACvB,MAAM,YAAY,GAAG,IAAI,CAAC,GAAG,CAAC,QAAQ,CAAC,IAAI,CAAC;QAC5C,MAAM,QAAQ,GAAG,IAAI,CAAC,GAAG,CAAC,CAAC,EAAE,IAAI,CAAC,KAAK,CAAC,YAAY,GAAG,GAAG,CAAC,CAAC,CAAC;QAE7D,MAAM,WAAW,GAAG,IAAI,CAAC,kBAAkB,CAAC,IAAI,CAAC,SAAS,CAAC,CAAC;QAC5D,MAAM,iBAAiB,GAAG,IAAI,CAAC,qBAAqB,CAAC,WAAW,CAAC,CAAC;QAClE,MAAM,gBAAgB,GAAG,IAAI,CAAC,GAAG,CAAC,CAAC,EAAE,IAAI,CAAC,GAAG,CAAC,WAAW,CAAC,MAAM,GAAG,CAAC,EAAE,iBAAiB,GAAG,SAAS,GAAG,QAAQ,CAAC,CAAC,CAAC;QAEjH,IAAI,CAAC,gBAAgB,CAAC,WAAW,EAAE,iBAAiB,EAAE,gBAAgB,CAAC,CAAC;IAAA,CACxE;IAEO,iBAAiB,GAAS;QACjC,IAAI,CAAC,UAAU,GAAG,IAAI,CAAC;QACvB,MAAM,WAAW,GAAG,IAAI,CAAC,KAAK,CAAC,KAAK,CAAC,IAAI,CAAC,KAAK,CAAC,UAAU,CAAC,IAAI,EAAE,CAAC;QAElE,oDAAoD;QACpD,IAAI,IAAI,CAAC,KAAK,CAAC,SAAS,KAAK,CAAC,EAAE,CAAC;YAChC,IAAI,IAAI,CAAC,KAAK,CAAC,UAAU,GAAG,CAAC,EAAE,CAAC;gBAC/B,IAAI,CAAC,KAAK,CAAC,UAAU,EAAE,CAAC;gBACxB,MAAM,QAAQ,GAAG,IAAI,CAAC,KAAK,CAAC,KAAK,CAAC,IAAI,CAAC,KAAK,CAAC,UAAU,CAAC,IAAI,EAAE,CAAC;gBAC/D,IAAI,CAAC,YAAY,CAAC,QAAQ,CAAC,MAAM,CAAC,CAAC;YACpC,CAAC;YACD,OAAO;QACR,CAAC;QAED,MAAM,gBAAgB,GAAG,WAAW,CAAC,KAAK,CAAC,CAAC,EAAE,IAAI,CAAC,KAAK,CAAC,SAAS,CAAC,CAAC;QACpE,MAAM,SAAS,GAAG,CAAC,GAAG,IAAI,CAAC,OAAO,CAAC,gBAAgB,CAAC,CAAC,CAAC;QACtD,IAAI,MAAM,GAAG,IAAI,CAAC,KAAK,CAAC,SAAS,CAAC;QAElC,2BAA2B;QAC3B,OACC,SAAS,CAAC,MAAM,GAAG,CAAC;YACpB,CAAC,aAAa,CAAC,SAAS,CAAC,SAAS,CAAC,MAAM,GAAG,CAAC,CAAC,EAAE,OAAO,IAAI,EAAE,CAAC;YAC9D,gBAAgB,CAAC,SAAS,CAAC,SAAS,CAAC,MAAM,GAAG,CAAC,CAAC,EAAE,OAAO,IAAI,EAAE,CAAC,EAC/D,CAAC;YACF,MAAM,IAAI,SAAS,CAAC,GAAG,EAAE,EAAE,OAAO,CAAC,MAAM,IAAI,CAAC,CAAC;QAChD,CAAC;QAED,IAAI,SAAS,CAAC,MAAM,GAAG,CAAC,EAAE,CAAC;YAC1B,MAAM,YAAY,GAAG,SAAS,CAAC,SAAS,CAAC,MAAM,GAAG,CAAC,CAAC,EAAE,OAAO,IAAI,EAAE,CAAC;YACpE,IAAI,aAAa,CAAC,YAAY,CAAC,EAAE,CAAC;gBACjC,uCAAuC;gBACvC,MAAM,IAAI,SAAS,CAAC,GAAG,EAAE,EAAE,OAAO,CAAC,MAAM,IAAI,CAAC,CAAC;YAChD,CAAC;iBAAM,IAAI,iBAAiB,CAAC,YAAY,CAAC,EAAE,CAAC;gBAC5C,uBAAuB;gBACvB,OACC,SAAS,CAAC,MAAM,GAAG,CAAC;oBACpB,iBAAiB,CAAC,SAAS,CAAC,SAAS,CAAC,MAAM,GAAG,CAAC,CAAC,EAAE,OAAO,IAAI,EAAE,CAAC;oBACjE,CAAC,aAAa,CAAC,SAAS,CAAC,SAAS,CAAC,MAAM,GAAG,CAAC,CAAC,EAAE,OAAO,IAAI,EAAE,CAAC,EAC7D,CAAC;oBACF,MAAM,IAAI,SAAS,CAAC,GAAG,EAAE,EAAE,OAAO,CAAC,MAAM,IAAI,CAAC,CAAC;gBAChD,CAAC;YACF,CAAC;iBAAM,CAAC;gBACP,gBAAgB;gBAChB,OACC,SAAS,CAAC,MAAM,GAAG,CAAC;oBACpB,CAAC,gBAAgB,CAAC,SAAS,CAAC,SAAS,CAAC,MAAM,GAAG,CAAC,CAAC,EAAE,OAAO,IAAI,EAAE,CAAC;oBACjE,CAAC,iBAAiB,CAAC,SAAS,CAAC,SAAS,CAAC,MAAM,GAAG,CAAC,CAAC,EAAE,OAAO,IAAI,EAAE,CAAC;oBAClE,CAAC,aAAa,CAAC,SAAS,CAAC,SAAS,CAAC,MAAM,GAAG,CAAC,CAAC,EAAE,OAAO,IAAI,EAAE,CAAC,EAC7D,CAAC;oBACF,MAAM,IAAI,SAAS,CAAC,GAAG,EAAE,EAAE,OAAO,CAAC,MAAM,IAAI,CAAC,CAAC;gBAChD,CAAC;YACF,CAAC;QACF,CAAC;QAED,IAAI,CAAC,YAAY,CAAC,MAAM,CAAC,CAAC;IAAA,CAC1B;IAED;;OAEG;IACK,IAAI,GAAS;QACpB,IAAI,IAAI,CAAC,QAAQ,CAAC,MAAM,KAAK,CAAC;YAAE,OAAO;QAEvC,IAAI,CAAC,gBAAgB,EAAE,CAAC;QAExB,MAAM,IAAI,GAAG,IAAI,CAAC,QAAQ,CAAC,IAAI,EAAG,CAAC;QACnC,IAAI,CAAC,gBAAgB,CAAC,IAAI,CAAC,CAAC;QAE5B,IAAI,CAAC,UAAU,GAAG,MAAM,CAAC;IAAA,CACzB;IAED;;;OAGG;IACK,OAAO,GAAS;QACvB,4DAA4D;QAC5D,IAAI,IAAI,CAAC,UAAU,KAAK,MAAM,IAAI,IAAI,CAAC,QAAQ,CAAC,MAAM,IAAI,CAAC;YAAE,OAAO;QAEpE,IAAI,CAAC,gBAAgB,EAAE,CAAC;QAExB,2EAA2E;QAC3E,IAAI,CAAC,gBAAgB,EAAE,CAAC;QAExB,qCAAqC;QACrC,IAAI,CAAC,QAAQ,CAAC,MAAM,EAAE,CAAC;QAEvB,+DAA+D;QAC/D,MAAM,IAAI,GAAG,IAAI,CAAC,QAAQ,CAAC,IAAI,EAAG,CAAC;QACnC,IAAI,CAAC,gBAAgB,CAAC,IAAI,CAAC,CAAC;QAE5B,IAAI,CAAC,UAAU,GAAG,MAAM,CAAC;IAAA,CACzB;IAED;;OAEG;IACK,gBAAgB,CAAC,IAAY,EAAQ;QAC5C,IAAI,CAAC,YAAY,GAAG,CAAC,CAAC,CAAC,CAAC,6BAA6B;QACrD,MAAM,KAAK,GAAG,IAAI,CAAC,KAAK,CAAC,IAAI,CAAC,CAAC;QAE/B,IAAI,KAAK,CAAC,MAAM,KAAK,CAAC,EAAE,CAAC;YACxB,iCAAiC;YACjC,MAAM,WAAW,GAAG,IAAI,CAAC,KAAK,CAAC,KAAK,CAAC,IAAI,CAAC,KAAK,CAAC,UAAU,CAAC,IAAI,EAAE,CAAC;YAClE,MAAM,MAAM,GAAG,WAAW,CAAC,KAAK,CAAC,CAAC,EAAE,IAAI,CAAC,KAAK,CAAC,SAAS,CAAC,CAAC;YAC1D,MAAM,KAAK,GAAG,WAAW,CAAC,KAAK,CAAC,IAAI,CAAC,KAAK,CAAC,SAAS,CAAC,CAAC;YACtD,IAAI,CAAC,KAAK,CAAC,KAAK,CAAC,IAAI,CAAC,KAAK,CAAC,UAAU,CAAC,GAAG,MAAM,GAAG,IAAI,GAAG,KAAK,CAAC;YAChE,IAAI,CAAC,YAAY,CAAC,IAAI,CAAC,KAAK,CAAC,SAAS,GAAG,IAAI,CAAC,MAAM,CAAC,CAAC;QACvD,CAAC;aAAM,CAAC;YACP,oBAAoB;YACpB,MAAM,WAAW,GAAG,IAAI,CAAC,KAAK,CAAC,KAAK,CAAC,IAAI,CAAC,KAAK,CAAC,UAAU,CAAC,IAAI,EAAE,CAAC;YAClE,MAAM,MAAM,GAAG,WAAW,CAAC,KAAK,CAAC,CAAC,EAAE,IAAI,CAAC,KAAK,CAAC,SAAS,CAAC,CAAC;YAC1D,MAAM,KAAK,GAAG,WAAW,CAAC,KAAK,CAAC,IAAI,CAAC,KAAK,CAAC,SAAS,CAAC,CAAC;YAEtD,4CAA4C;YAC5C,IAAI,CAAC,KAAK,CAAC,KAAK,CAAC,IAAI,CAAC,KAAK,CAAC,UAAU,CAAC,GAAG,MAAM,GAAG,CAAC,KAAK,CAAC,CAAC,CAAC,IAAI,EAAE,CAAC,CAAC;YAEpE,sBAAsB;YACtB,KAAK,IAAI,CAAC,GAAG,CAAC,EAAE,CAAC,GAAG,KAAK,CAAC,MAAM,GAAG,CAAC,EAAE,CAAC,EAAE,EAAE,CAAC;gBAC3C,IAAI,CAAC,KAAK,CAAC,KAAK,CAAC,MAAM,CAAC,IAAI,CAAC,KAAK,CAAC,UAAU,GAAG,CAAC,EAAE,CAAC,EAAE,KAAK,CAAC,CAAC,CAAC,IAAI,EAAE,CAAC,CAAC;YACvE,CAAC;YAED,0CAA0C;YAC1C,MAAM,aAAa,GAAG,IAAI,CAAC,KAAK,CAAC,UAAU,GAAG,KAAK,CAAC,MAAM,GAAG,CAAC,CAAC;YAC/D,IAAI,CAAC,KAAK,CAAC,KAAK,CAAC,MAAM,CAAC,aAAa,EAAE,CAAC,EAAE,CAAC,KAAK,CAAC,KAAK,CAAC,MAAM,GAAG,CAAC,CAAC,IAAI,EAAE,CAAC,GAAG,KAAK,CAAC,CAAC;YAEnF,yBAAyB;YACzB,IAAI,CAAC,KAAK,CAAC,UAAU,GAAG,aAAa,CAAC;YACtC,IAAI,CAAC,YAAY,CAAC,CAAC,KAAK,CAAC,KAAK,CAAC,MAAM,GAAG,CAAC,CAAC,IAAI,EAAE,CAAC,CAAC,MAAM,CAAC,CAAC;QAC3D,CAAC;QAED,IAAI,IAAI,CAAC,QAAQ,EAAE,CAAC;YACnB,IAAI,CAAC,QAAQ,CAAC,IAAI,CAAC,OAAO,EAAE,CAAC,CAAC;QAC/B,CAAC;IAAA,CACD;IAED;;;OAGG;IACK,gBAAgB,GAAS;QAChC,MAAM,UAAU,GAAG,IAAI,CAAC,QAAQ,CAAC,IAAI,EAAE,CAAC;QACxC,IAAI,CAAC,UAAU;YAAE,OAAO;QAExB,MAAM,SAAS,GAAG,UAAU,CAAC,KAAK,CAAC,IAAI,CAAC,CAAC;QAEzC,IAAI,SAAS,CAAC,MAAM,KAAK,CAAC,EAAE,CAAC;YAC5B,4CAA4C;YAC5C,MAAM,WAAW,GAAG,IAAI,CAAC,KAAK,CAAC,KAAK,CAAC,IAAI,CAAC,KAAK,CAAC,UAAU,CAAC,IAAI,EAAE,CAAC;YAClE,MAAM,SAAS,GAAG,UAAU,CAAC,MAAM,CAAC;YACpC,MAAM,MAAM,GAAG,WAAW,CAAC,KAAK,CAAC,CAAC,EAAE,IAAI,CAAC,KAAK,CAAC,SAAS,GAAG,SAAS,CAAC,CAAC;YACtE,MAAM,KAAK,GAAG,WAAW,CAAC,KAAK,CAAC,IAAI,CAAC,KAAK,CAAC,SAAS,CAAC,CAAC;YACtD,IAAI,CAAC,KAAK,CAAC,KAAK,CAAC,IAAI,CAAC,KAAK,CAAC,UAAU,CAAC,GAAG,MAAM,GAAG,KAAK,CAAC;YACzD,IAAI,CAAC,YAAY,CAAC,IAAI,CAAC,KAAK,CAAC,SAAS,GAAG,SAAS,CAAC,CAAC;QACrD,CAAC;aAAM,CAAC;YACP,2DAA2D;YAC3D,MAAM,SAAS,GAAG,IAAI,CAAC,KAAK,CAAC,UAAU,GAAG,CAAC,SAAS,CAAC,MAAM,GAAG,CAAC,CAAC,CAAC;YACjE,MAAM,QAAQ,GAAG,CAAC,IAAI,CAAC,KAAK,CAAC,KAAK,CAAC,SAAS,CAAC,IAAI,EAAE,CAAC,CAAC,MAAM,GAAG,CAAC,SAAS,CAAC,CAAC,CAAC,IAAI,EAAE,CAAC,CAAC,MAAM,CAAC;YAE1F,wCAAwC;YACxC,MAAM,WAAW,GAAG,CAAC,IAAI,CAAC,KAAK,CAAC,KAAK,CAAC,IAAI,CAAC,KAAK,CAAC,UAAU,CAAC,IAAI,EAAE,CAAC,CAAC,KAAK,CAAC,IAAI,CAAC,KAAK,CAAC,SAAS,CAAC,CAAC;YAEhG,sCAAsC;YACtC,MAAM,UAAU,GAAG,CAAC,IAAI,CAAC,KAAK,CAAC,KAAK,CAAC,SAAS,CAAC,IAAI,EAAE,CAAC,CAAC,KAAK,CAAC,CAAC,EAAE,QAAQ,CAAC,CAAC;YAE1E,6EAA6E;YAC7E,IAAI,CAAC,KAAK,CAAC,KAAK,CAAC,MAAM,CAAC,SAAS,EAAE,SAAS,CAAC,MAAM,EAAE,UAAU,GAAG,WAAW,CAAC,CAAC;YAE/E,gBAAgB;YAChB,IAAI,CAAC,KAAK,CAAC,UAAU,GAAG,SAAS,CAAC;YAClC,IAAI,CAAC,YAAY,CAAC,QAAQ,CAAC,CAAC;QAC7B,CAAC;QAED,IAAI,IAAI,CAAC,QAAQ,EAAE,CAAC;YACnB,IAAI,CAAC,QAAQ,CAAC,IAAI,CAAC,OAAO,EAAE,CAAC,CAAC;QAC/B,CAAC;IAAA,CACD;IAEO,gBAAgB,GAAS;QAChC,IAAI,CAAC,SAAS,CAAC,IAAI,CAAC,IAAI,CAAC,KAAK,CAAC,CAAC;IAAA,CAChC;IAEO,IAAI,GAAS;QACpB,IAAI,CAAC,YAAY,GAAG,CAAC,CAAC,CAAC,CAAC,6BAA6B;QACrD,MAAM,QAAQ,GAAG,IAAI,CAAC,SAAS,CAAC,GAAG,EAAE,CAAC;QACtC,IAAI,CAAC,QAAQ;YAAE,OAAO;QACtB,MAAM,CAAC,MAAM,CAAC,IAAI,CAAC,KAAK,EAAE,QAAQ,CAAC,CAAC;QACpC,IAAI,CAAC,UAAU,GAAG,IAAI,CAAC;QACvB,IAAI,CAAC,kBAAkB,GAAG,IAAI,CAAC;QAC/B,IAAI,IAAI,CAAC,QAAQ,EAAE,CAAC;YACnB,IAAI,CAAC,QAAQ,CAAC,IAAI,CAAC,OAAO,EAAE,CAAC,CAAC;QAC/B,CAAC;IAAA,CACD;IAED;;;OAGG;IACK,UAAU,CAAC,IAAY,EAAE,SAAiC,EAAQ;QACzE,IAAI,CAAC,UAAU,GAAG,IAAI,CAAC;QACvB,MAAM,SAAS,GAAG,SAAS,KAAK,SAAS,CAAC;QAC1C,MAAM,KAAK,GAAG,IAAI,CAAC,KAAK,CAAC,KAAK,CAAC;QAE/B,MAAM,GAAG,GAAG,SAAS,CAAC,CAAC,CAAC,KAAK,CAAC,MAAM,CAAC,CAAC,CAAC,CAAC,CAAC,CAAC;QAC1C,MAAM,IAAI,GAAG,SAAS,CAAC,CAAC,CAAC,CAAC,CAAC,CAAC,CAAC,CAAC,CAAC,CAAC;QAEhC,KAAK,IAAI,OAAO,GAAG,IAAI,CAAC,KAAK,CAAC,UAAU,EAAE,OAAO,KAAK,GAAG,EAAE,OAAO,IAAI,IAAI,EAAE,CAAC;YAC5E,MAAM,IAAI,GAAG,KAAK,CAAC,OAAO,CAAC,IAAI,EAAE,CAAC;YAClC,MAAM,aAAa,GAAG,OAAO,KAAK,IAAI,CAAC,KAAK,CAAC,UAAU,CAAC;YAExD,yEAAyE;YACzE,MAAM,UAAU,GAAG,aAAa;gBAC/B,CAAC,CAAC,SAAS;oBACV,CAAC,CAAC,IAAI,CAAC,KAAK,CAAC,SAAS,GAAG,CAAC;oBAC1B,CAAC,CAAC,IAAI,CAAC,KAAK,CAAC,SAAS,GAAG,CAAC;gBAC3B,CAAC,CAAC,SAAS,CAAC;YAEb,MAAM,GAAG,GAAG,SAAS,CAAC,CAAC,CAAC,IAAI,CAAC,OAAO,CAAC,IAAI,EAAE,UAAU,CAAC,CAAC,CAAC,CAAC,IAAI,CAAC,WAAW,CAAC,IAAI,EAAE,UAAU,CAAC,CAAC;YAE5F,IAAI,GAAG,KAAK,CAAC,CAAC,EAAE,CAAC;gBAChB,IAAI,CAAC,KAAK,CAAC,UAAU,GAAG,OAAO,CAAC;gBAChC,IAAI,CAAC,YAAY,CAAC,GAAG,CAAC,CAAC;gBACvB,OAAO;YACR,CAAC;QACF,CAAC;QACD,yCAAyC;IADxC,CAED;IAEO,gBAAgB,GAAS;QAChC,IAAI,CAAC,UAAU,GAAG,IAAI,CAAC;QACvB,MAAM,WAAW,GAAG,IAAI,CAAC,KAAK,CAAC,KAAK,CAAC,IAAI,CAAC,KAAK,CAAC,UAAU,CAAC,IAAI,EAAE,CAAC;QAElE,gDAAgD;QAChD,IAAI,IAAI,CAAC,KAAK,CAAC,SAAS,IAAI,WAAW,CAAC,MAAM,EAAE,CAAC;YAChD,IAAI,IAAI,CAAC,KAAK,CAAC,UAAU,GAAG,IAAI,CAAC,KAAK,CAAC,KAAK,CAAC,MAAM,GAAG,CAAC,EAAE,CAAC;gBACzD,IAAI,CAAC,KAAK,CAAC,UAAU,EAAE,CAAC;gBACxB,IAAI,CAAC,YAAY,CAAC,CAAC,CAAC,CAAC;YACtB,CAAC;YACD,OAAO;QACR,CAAC;QAED,MAAM,eAAe,GAAG,WAAW,CAAC,KAAK,CAAC,IAAI,CAAC,KAAK,CAAC,SAAS,CAAC,CAAC;QAChE,MAAM,QAAQ,GAAG,IAAI,CAAC,OAAO,CAAC,eAAe,CAAC,CAAC;QAC/C,MAAM,QAAQ,GAAG,QAAQ,CAAC,MAAM,CAAC,QAAQ,CAAC,EAAE,CAAC;QAC7C,IAAI,IAAI,GAAG,QAAQ,CAAC,IAAI,EAAE,CAAC;QAC3B,IAAI,MAAM,GAAG,IAAI,CAAC,KAAK,CAAC,SAAS,CAAC;QAElC,0BAA0B;QAC1B,OAAO,CAAC,IAAI,CAAC,IAAI,IAAI,CAAC,aAAa,CAAC,IAAI,CAAC,KAAK,CAAC,OAAO,CAAC,IAAI,gBAAgB,CAAC,IAAI,CAAC,KAAK,CAAC,OAAO,CAAC,EAAE,CAAC;YACjG,MAAM,IAAI,IAAI,CAAC,KAAK,CAAC,OAAO,CAAC,MAAM,CAAC;YACpC,IAAI,GAAG,QAAQ,CAAC,IAAI,EAAE,CAAC;QACxB,CAAC;QAED,IAAI,CAAC,IAAI,CAAC,IAAI,EAAE,CAAC;YAChB,MAAM,aAAa,GAAG,IAAI,CAAC,KAAK,CAAC,OAAO,CAAC;YACzC,IAAI,aAAa,CAAC,aAAa,CAAC,EAAE,CAAC;gBAClC,uCAAuC;gBACvC,MAAM,IAAI,aAAa,CAAC,MAAM,CAAC;YAChC,CAAC;iBAAM,IAAI,iBAAiB,CAAC,aAAa,CAAC,EAAE,CAAC;gBAC7C,uBAAuB;gBACvB,OAAO,CAAC,IAAI,CAAC,IAAI,IAAI,iBAAiB,CAAC,IAAI,CAAC,KAAK,CAAC,OAAO,CAAC,IAAI,CAAC,aAAa,CAAC,IAAI,CAAC,KAAK,CAAC,OAAO,CAAC,EAAE,CAAC;oBAClG,MAAM,IAAI,IAAI,CAAC,KAAK,CAAC,OAAO,CAAC,MAAM,CAAC;oBACpC,IAAI,GAAG,QAAQ,CAAC,IAAI,EAAE,CAAC;gBACxB,CAAC;YACF,CAAC;iBAAM,CAAC;gBACP,gBAAgB;gBAChB,OACC,CAAC,IAAI,CAAC,IAAI;oBACV,CAAC,gBAAgB,CAAC,IAAI,CAAC,KAAK,CAAC,OAAO,CAAC;oBACrC,CAAC,iBAAiB,CAAC,IAAI,CAAC,KAAK,CAAC,OAAO,CAAC;oBACtC,CAAC,aAAa,CAAC,IAAI,CAAC,KAAK,CAAC,OAAO,CAAC,EACjC,CAAC;oBACF,MAAM,IAAI,IAAI,CAAC,KAAK,CAAC,OAAO,CAAC,MAAM,CAAC;oBACpC,IAAI,GAAG,QAAQ,CAAC,IAAI,EAAE,CAAC;gBACxB,CAAC;YACF,CAAC;QACF,CAAC;QAED,IAAI,CAAC,YAAY,CAAC,MAAM,CAAC,CAAC;IAAA,CAC1B;IAED,0DAA0D;IAClD,kBAAkB,GAAY;QACrC,OAAO,IAAI,CAAC,KAAK,CAAC,UAAU,KAAK,CAAC,CAAC;IAAA,CACnC;IAED,wFAAwF;IAChF,kBAAkB,GAAY;QACrC,IAAI,CAAC,IAAI,CAAC,kBAAkB,EAAE;YAAE,OAAO,KAAK,CAAC;QAC7C,MAAM,WAAW,GAAG,IAAI,CAAC,KAAK,CAAC,KAAK,CAAC,IAAI,CAAC,KAAK,CAAC,UAAU,CAAC,IAAI,EAAE,CAAC;QAClE,MAAM,YAAY,GAAG,WAAW,CAAC,KAAK,CAAC,CAAC,EAAE,IAAI,CAAC,KAAK,CAAC,SAAS,CAAC,CAAC;QAChE,OAAO,YAAY,CAAC,IAAI,EAAE,KAAK,EAAE,IAAI,YAAY,CAAC,IAAI,EAAE,KAAK,GAAG,CAAC;IAAA,CACjE;IAEO,uBAAuB,CAAC,gBAAwB,EAAW;QAClE,OAAO,IAAI,CAAC,kBAAkB,EAAE,IAAI,gBAAgB,CAAC,SAAS,EAAE,CAAC,UAAU,CAAC,GAAG,CAAC,CAAC;IAAA,CACjF;IAED,uBAAuB;IACvB;;;;;;;;;;OAUG;IACK,6BAA6B,CAAC,KAA8C,EAAE,MAAc,EAAU;QAC7G,IAAI,CAAC,MAAM;YAAE,OAAO,CAAC,CAAC,CAAC;QAEvB,IAAI,gBAAgB,GAAG,CAAC,CAAC,CAAC;QAE1B,KAAK,IAAI,CAAC,GAAG,CAAC,EAAE,CAAC,GAAG,KAAK,CAAC,MAAM,EAAE,CAAC,EAAE,EAAE,CAAC;YACvC,MAAM,KAAK,GAAG,KAAK,CAAC,CAAC,CAAE,CAAC,KAAK,CAAC;YAC9B,IAAI,KAAK,KAAK,MAAM,EAAE,CAAC;gBACtB,OAAO,CAAC,CAAC,CAAC,0BAA0B;YACrC,CAAC;YACD,IAAI,gBAAgB,KAAK,CAAC,CAAC,IAAI,KAAK,CAAC,UAAU,CAAC,MAAM,CAAC,EAAE,CAAC;gBACzD,gBAAgB,GAAG,CAAC,CAAC;YACtB,CAAC;QACF,CAAC;QAED,OAAO,gBAAgB,CAAC;IAAA,CACxB;IAEO,sBAAsB,CAC7B,MAAc,EACd,KAAoE,EACvD;QACb,MAAM,MAAM,GAAG,MAAM,CAAC,UAAU,CAAC,GAAG,CAAC,CAAC,CAAC,CAAC,gCAAgC,CAAC,CAAC,CAAC,SAAS,CAAC;QACrF,OAAO,IAAI,UAAU,CAAC,KAAK,EAAE,IAAI,CAAC,sBAAsB,EAAE,IAAI,CAAC,KAAK,CAAC,UAAU,EAAE,MAAM,CAAC,CAAC;IAAA,CACzF;IAEO,sBAAsB,CAAC,WAAW,GAAY,KAAK,EAAQ;QAClE,IAAI,CAAC,mBAAmB,CAAC,EAAE,KAAK,EAAE,KAAK,EAAE,WAAW,EAAE,CAAC,CAAC;IAAA,CACxD;IAEO,mBAAmB,GAAS;QACnC,IAAI,CAAC,IAAI,CAAC,oBAAoB;YAAE,OAAO;QAEvC,MAAM,WAAW,GAAG,IAAI,CAAC,KAAK,CAAC,KAAK,CAAC,IAAI,CAAC,KAAK,CAAC,UAAU,CAAC,IAAI,EAAE,CAAC;QAClE,MAAM,YAAY,GAAG,WAAW,CAAC,KAAK,CAAC,CAAC,EAAE,IAAI,CAAC,KAAK,CAAC,SAAS,CAAC,CAAC;QAEhE,IAAI,IAAI,CAAC,uBAAuB,CAAC,YAAY,CAAC,IAAI,CAAC,YAAY,CAAC,SAAS,EAAE,CAAC,QAAQ,CAAC,GAAG,CAAC,EAAE,CAAC;YAC3F,IAAI,CAAC,4BAA4B,EAAE,CAAC;QACrC,CAAC;aAAM,CAAC;YACP,IAAI,CAAC,qBAAqB,CAAC,IAAI,CAAC,CAAC;QAClC,CAAC;IAAA,CACD;IAEO,4BAA4B,GAAS;QAC5C,IAAI,CAAC,mBAAmB,CAAC,EAAE,KAAK,EAAE,KAAK,EAAE,WAAW,EAAE,IAAI,EAAE,CAAC,CAAC;IAAA,CAC9D;IAEO,qBAAqB,CAAC,WAAW,GAAY,KAAK,EAAQ;QACjE,IAAI,CAAC,mBAAmB,CAAC,EAAE,KAAK,EAAE,IAAI,EAAE,WAAW,EAAE,CAAC,CAAC;IAAA,CACvD;IAEO,mBAAmB,CAAC,OAAiD,EAAQ;QACpF,IAAI,CAAC,IAAI,CAAC,oBAAoB;YAAE,OAAO;QAEvC,IAAI,OAAO,CAAC,KAAK,EAAE,CAAC;YACnB,MAAM,aAAa,GAClB,CAAC,IAAI,CAAC,oBAAoB,CAAC,2BAA2B;gBACtD,IAAI,CAAC,oBAAoB,CAAC,2BAA2B,CACpD,IAAI,CAAC,KAAK,CAAC,KAAK,EAChB,IAAI,CAAC,KAAK,CAAC,UAAU,EACrB,IAAI,CAAC,KAAK,CAAC,SAAS,CACpB,CAAC;YACH,IAAI,CAAC,aAAa,EAAE,CAAC;gBACpB,OAAO;YACR,CAAC;QACF,CAAC;QAED,IAAI,CAAC,yBAAyB,EAAE,CAAC;QACjC,MAAM,UAAU,GAAG,EAAE,IAAI,CAAC,sBAAsB,CAAC;QAEjD,MAAM,UAAU,GAAG,IAAI,CAAC,yBAAyB,CAAC,OAAO,CAAC,CAAC;QAC3D,IAAI,UAAU,GAAG,CAAC,EAAE,CAAC;YACpB,IAAI,CAAC,yBAAyB,GAAG,UAAU,CAAC,GAAG,EAAE,CAAC;gBACjD,IAAI,CAAC,yBAAyB,GAAG,SAAS,CAAC;gBAC3C,KAAK,IAAI,CAAC,wBAAwB,CAAC,UAAU,EAAE,OAAO,CAAC,CAAC;YAAA,CACxD,EAAE,UAAU,CAAC,CAAC;YACf,OAAO;QACR,CAAC;QAED,KAAK,IAAI,CAAC,wBAAwB,CAAC,UAAU,EAAE,OAAO,CAAC,CAAC;IAAA,CACxD;IAEO,KAAK,CAAC,wBAAwB,CACrC,UAAkB,EAClB,OAAiD,EACjC;QAChB,MAAM,YAAY,GAAG,IAAI,CAAC,uBAAuB,CAAC;QAClD,IAAI,CAAC,uBAAuB,GAAG,CAAC,KAAK,IAAI,EAAE,CAAC;YAC3C,MAAM,YAAY,CAAC;YACnB,IAAI,UAAU,KAAK,IAAI,CAAC,sBAAsB,IAAI,CAAC,IAAI,CAAC,oBAAoB,EAAE,CAAC;gBAC9E,OAAO;YACR,CAAC;YAED,MAAM,UAAU,GAAG,IAAI,eAAe,EAAE,CAAC;YACzC,IAAI,CAAC,iBAAiB,GAAG,UAAU,CAAC;YACpC,MAAM,SAAS,GAAG,EAAE,IAAI,CAAC,qBAAqB,CAAC;YAC/C,MAAM,YAAY,GAAG,IAAI,CAAC,OAAO,EAAE,CAAC;YACpC,MAAM,YAAY,GAAG,IAAI,CAAC,KAAK,CAAC,UAAU,CAAC;YAC3C,MAAM,WAAW,GAAG,IAAI,CAAC,KAAK,CAAC,SAAS,CAAC;YAEzC,MAAM,IAAI,CAAC,sBAAsB,CAAC,SAAS,EAAE,UAAU,EAAE,YAAY,EAAE,YAAY,EAAE,WAAW,EAAE,OAAO,CAAC,CAAC;QAAA,CAC3G,CAAC,EAAE,CAAC;QACL,MAAM,IAAI,CAAC,uBAAuB,CAAC;IAAA,CACnC;IAEO,yBAAyB,CAAC,OAAiD,EAAU;QAC5F,IAAI,OAAO,CAAC,WAAW,IAAI,OAAO,CAAC,KAAK,EAAE,CAAC;YAC1C,OAAO,CAAC,CAAC;QACV,CAAC;QAED,MAAM,WAAW,GAAG,IAAI,CAAC,KAAK,CAAC,KAAK,CAAC,IAAI,CAAC,KAAK,CAAC,UAAU,CAAC,IAAI,EAAE,CAAC;QAClE,MAAM,gBAAgB,GAAG,WAAW,CAAC,KAAK,CAAC,CAAC,EAAE,IAAI,CAAC,KAAK,CAAC,SAAS,CAAC,CAAC;QACpE,MAAM,2BAA2B,GAAG,4CAA4C,CAAC,IAAI,CAAC,gBAAgB,CAAC,CAAC;QACxG,OAAO,2BAA2B,CAAC,CAAC,CAAC,mCAAmC,CAAC,CAAC,CAAC,CAAC,CAAC;IAAA,CAC7E;IAEO,KAAK,CAAC,sBAAsB,CACnC,SAAiB,EACjB,UAA2B,EAC3B,YAAoB,EACpB,YAAoB,EACpB,WAAmB,EACnB,OAAiD,EACjC;QAChB,IAAI,CAAC,IAAI,CAAC,oBAAoB;YAAE,OAAO;QAEvC,MAAM,WAAW,GAAG,MAAM,IAAI,CAAC,oBAAoB,CAAC,cAAc,CACjE,IAAI,CAAC,KAAK,CAAC,KAAK,EAChB,IAAI,CAAC,KAAK,CAAC,UAAU,EACrB,IAAI,CAAC,KAAK,CAAC,SAAS,EACpB,EAAE,MAAM,EAAE,UAAU,CAAC,MAAM,EAAE,KAAK,EAAE,OAAO,CAAC,KAAK,EAAE,CACnD,CAAC;QAEF,IAAI,CAAC,IAAI,CAAC,4BAA4B,CAAC,SAAS,EAAE,UAAU,EAAE,YAAY,EAAE,YAAY,EAAE,WAAW,CAAC,EAAE,CAAC;YACxG,OAAO;QACR,CAAC;QAED,IAAI,CAAC,iBAAiB,GAAG,SAAS,CAAC;QAEnC,IAAI,CAAC,WAAW,IAAI,CAAC,KAAK,CAAC,OAAO,CAAC,WAAW,CAAC,KAAK,CAAC,IAAI,WAAW,CAAC,KAAK,CAAC,MAAM,KAAK,CAAC,EAAE,CAAC;YACzF,IAAI,CAAC,kBAAkB,EAAE,CAAC;YAC1B,IAAI,CAAC,GAAG,CAAC,aAAa,EAAE,CAAC;YACzB,OAAO;QACR,CAAC;QAED,IAAI,OAAO,CAAC,KAAK,IAAI,OAAO,CAAC,WAAW,IAAI,WAAW,CAAC,KAAK,CAAC,MAAM,KAAK,CAAC,EAAE,CAAC;YAC5E,MAAM,IAAI,GAAG,WAAW,CAAC,KAAK,CAAC,CAAC,CAAE,CAAC;YACnC,IAAI,CAAC,gBAAgB,EAAE,CAAC;YACxB,IAAI,CAAC,UAAU,GAAG,IAAI,CAAC;YACvB,MAAM,MAAM,GAAG,IAAI,CAAC,oBAAoB,CAAC,eAAe,CACvD,IAAI,CAAC,KAAK,CAAC,KAAK,EAChB,IAAI,CAAC,KAAK,CAAC,UAAU,EACrB,IAAI,CAAC,KAAK,CAAC,SAAS,EACpB,IAAI,EACJ,WAAW,CAAC,MAAM,CAClB,CAAC;YACF,IAAI,CAAC,KAAK,CAAC,KAAK,GAAG,MAAM,CAAC,KAAK,CAAC;YAChC,IAAI,CAAC,KAAK,CAAC,UAAU,GAAG,MAAM,CAAC,UAAU,CAAC;YAC1C,IAAI,CAAC,YAAY,CAAC,MAAM,CAAC,SAAS,CAAC,CAAC;YACpC,IAAI,IAAI,CAAC,QAAQ;gBAAE,IAAI,CAAC,QAAQ,CAAC,IAAI,CAAC,OAAO,EAAE,CAAC,CAAC;YACjD,IAAI,CAAC,GAAG,CAAC,aAAa,EAAE,CAAC;YACzB,OAAO;QACR,CAAC;QAED,IAAI,CAAC,4BAA4B,CAAC,WAAW,EAAE,OAAO,CAAC,KAAK,CAAC,CAAC,CAAC,OAAO,CAAC,CAAC,CAAC,SAAS,CAAC,CAAC;QACpF,IAAI,CAAC,GAAG,CAAC,aAAa,EAAE,CAAC;IAAA,CACzB;IAEO,4BAA4B,CACnC,SAAiB,EACjB,UAA2B,EAC3B,YAAoB,EACpB,YAAoB,EACpB,WAAmB,EACT;QACV,OAAO,CACN,CAAC,UAAU,CAAC,MAAM,CAAC,OAAO;YAC1B,SAAS,KAAK,IAAI,CAAC,qBAAqB;YACxC,IAAI,CAAC,OAAO,EAAE,KAAK,YAAY;YAC/B,IAAI,CAAC,KAAK,CAAC,UAAU,KAAK,YAAY;YACtC,IAAI,CAAC,KAAK,CAAC,SAAS,KAAK,WAAW,CACpC,CAAC;IAAA,CACF;IAEO,4BAA4B,CAAC,WAAoC,EAAE,KAA0B,EAAQ;QAC5G,IAAI,CAAC,kBAAkB,GAAG,WAAW,CAAC,MAAM,CAAC;QAC7C,IAAI,CAAC,gBAAgB,GAAG,IAAI,CAAC,sBAAsB,CAAC,WAAW,CAAC,MAAM,EAAE,WAAW,CAAC,KAAK,CAAC,CAAC;QAE3F,MAAM,cAAc,GAAG,IAAI,CAAC,6BAA6B,CAAC,WAAW,CAAC,KAAK,EAAE,WAAW,CAAC,MAAM,CAAC,CAAC;QACjG,IAAI,cAAc,IAAI,CAAC,EAAE,CAAC;YACzB,IAAI,CAAC,gBAAgB,CAAC,gBAAgB,CAAC,cAAc,CAAC,CAAC;QACxD,CAAC;QAED,IAAI,CAAC,iBAAiB,GAAG,KAAK,CAAC;IAAA,CAC/B;IAEO,yBAAyB,GAAS;QACzC,IAAI,CAAC,sBAAsB,IAAI,CAAC,CAAC;QACjC,IAAI,IAAI,CAAC,yBAAyB,EAAE,CAAC;YACpC,YAAY,CAAC,IAAI,CAAC,yBAAyB,CAAC,CAAC;YAC7C,IAAI,CAAC,yBAAyB,GAAG,SAAS,CAAC;QAC5C,CAAC;QACD,IAAI,CAAC,iBAAiB,EAAE,KAAK,EAAE,CAAC;QAChC,IAAI,CAAC,iBAAiB,GAAG,SAAS,CAAC;IAAA,CACnC;IAEO,mBAAmB,GAAS;QACnC,IAAI,CAAC,iBAAiB,GAAG,IAAI,CAAC;QAC9B,IAAI,CAAC,gBAAgB,GAAG,SAAS,CAAC;QAClC,IAAI,CAAC,kBAAkB,GAAG,EAAE,CAAC;IAAA,CAC7B;IAEO,kBAAkB,GAAS;QAClC,IAAI,CAAC,yBAAyB,EAAE,CAAC;QACjC,IAAI,CAAC,mBAAmB,EAAE,CAAC;IAAA,CAC3B;IAEM,qBAAqB,GAAY;QACvC,OAAO,IAAI,CAAC,iBAAiB,KAAK,IAAI,CAAC;IAAA,CACvC;IAEO,kBAAkB,GAAS;QAClC,IAAI,CAAC,IAAI,CAAC,iBAAiB,IAAI,CAAC,IAAI,CAAC,oBAAoB;YAAE,OAAO;QAClE,IAAI,CAAC,mBAAmB,CAAC,EAAE,KAAK,EAAE,IAAI,CAAC,iBAAiB,KAAK,OAAO,EAAE,WAAW,EAAE,KAAK,EAAE,CAAC,CAAC;IAAA,CAC5F;CACD","sourcesContent":["import type { AutocompleteProvider, AutocompleteSuggestions } from \"../autocomplete.js\";\nimport { getKeybindings } from \"../keybindings.js\";\nimport { decodePrintableKey, matchesKey } from \"../keys.js\";\nimport { KillRing } from \"../kill-ring.js\";\nimport { type Component, CURSOR_MARKER, type Focusable, type TUI } from \"../tui.js\";\nimport { UndoStack } from \"../undo-stack.js\";\nimport { getSegmenter, isPunctuationChar, isWhitespaceChar, truncateToWidth, visibleWidth } from \"../utils.js\";\nimport { SelectList, type SelectListLayoutOptions, type SelectListTheme } from \"./select-list.js\";\n\nconst baseSegmenter = getSegmenter();\n\n/** Regex matching paste markers like `[paste #1 +123 lines]` or `[paste #2 1234 chars]`. */\nconst PASTE_MARKER_REGEX = /\\[paste #(\\d+)( (\\+\\d+ lines|\\d+ chars))?\\]/g;\n\n/** Non-global version for single-segment testing. */\nconst PASTE_MARKER_SINGLE = /^\\[paste #(\\d+)( (\\+\\d+ lines|\\d+ chars))?\\]$/;\n\n/** Check if a segment is a paste marker (i.e. was merged by segmentWithMarkers). */\nfunction isPasteMarker(segment: string): boolean {\n\treturn segment.length >= 10 && PASTE_MARKER_SINGLE.test(segment);\n}\n\n/**\n * A segmenter that wraps Intl.Segmenter and merges graphemes that fall\n * within paste markers into single atomic segments.  This makes cursor\n * movement, deletion, word-wrap, etc. treat paste markers as single units.\n *\n * Only markers whose numeric ID exists in `validIds` are merged.\n */\nfunction segmentWithMarkers(text: string, validIds: Set<number>): Iterable<Intl.SegmentData> {\n\t// Fast path: no paste markers in the text or no valid IDs.\n\tif (validIds.size === 0 || !text.includes(\"[paste #\")) {\n\t\treturn baseSegmenter.segment(text);\n\t}\n\n\t// Find all marker spans with valid IDs.\n\tconst markers: Array<{ start: number; end: number }> = [];\n\tfor (const m of text.matchAll(PASTE_MARKER_REGEX)) {\n\t\tconst id = Number.parseInt(m[1]!, 10);\n\t\tif (!validIds.has(id)) continue;\n\t\tmarkers.push({ start: m.index, end: m.index + m[0].length });\n\t}\n\tif (markers.length === 0) {\n\t\treturn baseSegmenter.segment(text);\n\t}\n\n\t// Build merged segment list.\n\tconst baseSegments = baseSegmenter.segment(text);\n\tconst result: Intl.SegmentData[] = [];\n\tlet markerIdx = 0;\n\n\tfor (const seg of baseSegments) {\n\t\t// Skip past markers that are entirely before this segment.\n\t\twhile (markerIdx < markers.length && markers[markerIdx]!.end <= seg.index) {\n\t\t\tmarkerIdx++;\n\t\t}\n\n\t\tconst marker = markerIdx < markers.length ? markers[markerIdx]! : null;\n\n\t\tif (marker && seg.index >= marker.start && seg.index < marker.end) {\n\t\t\t// This segment falls inside a marker.\n\t\t\t// If this is the first segment of the marker, emit a merged segment.\n\t\t\tif (seg.index === marker.start) {\n\t\t\t\tconst markerText = text.slice(marker.start, marker.end);\n\t\t\t\tresult.push({\n\t\t\t\t\tsegment: markerText,\n\t\t\t\t\tindex: marker.start,\n\t\t\t\t\tinput: text,\n\t\t\t\t});\n\t\t\t}\n\t\t\t// Otherwise skip (already merged into the first segment).\n\t\t} else {\n\t\t\tresult.push(seg);\n\t\t}\n\t}\n\n\treturn result;\n}\n\n/**\n * Represents a chunk of text for word-wrap layout.\n * Tracks both the text content and its position in the original line.\n */\nexport interface TextChunk {\n\ttext: string;\n\tstartIndex: number;\n\tendIndex: number;\n}\n\n/**\n * Split a line into word-wrapped chunks.\n * Wraps at word boundaries when possible, falling back to character-level\n * wrapping for words longer than the available width.\n *\n * @param line - The text line to wrap\n * @param maxWidth - Maximum visible width per chunk\n * @param preSegmented - Optional pre-segmented graphemes (e.g. with paste-marker awareness).\n *                       When omitted the default Intl.Segmenter is used.\n * @returns Array of chunks with text and position information\n */\nexport function wordWrapLine(line: string, maxWidth: number, preSegmented?: Intl.SegmentData[]): TextChunk[] {\n\tif (!line || maxWidth <= 0) {\n\t\treturn [{ text: \"\", startIndex: 0, endIndex: 0 }];\n\t}\n\n\tconst lineWidth = visibleWidth(line);\n\tif (lineWidth <= maxWidth) {\n\t\treturn [{ text: line, startIndex: 0, endIndex: line.length }];\n\t}\n\n\tconst chunks: TextChunk[] = [];\n\tconst segments = preSegmented ?? [...baseSegmenter.segment(line)];\n\n\tlet currentWidth = 0;\n\tlet chunkStart = 0;\n\n\t// Wrap opportunity: the position after the last whitespace before a non-whitespace\n\t// grapheme, i.e. where a line break is allowed.\n\tlet wrapOppIndex = -1;\n\tlet wrapOppWidth = 0;\n\n\tfor (let i = 0; i < segments.length; i++) {\n\t\tconst seg = segments[i]!;\n\t\tconst grapheme = seg.segment;\n\t\tconst gWidth = visibleWidth(grapheme);\n\t\tconst charIndex = seg.index;\n\t\tconst isWs = !isPasteMarker(grapheme) && isWhitespaceChar(grapheme);\n\n\t\t// Overflow check before advancing.\n\t\tif (currentWidth + gWidth > maxWidth) {\n\t\t\tif (wrapOppIndex >= 0 && currentWidth - wrapOppWidth + gWidth <= maxWidth) {\n\t\t\t\t// Backtrack to last wrap opportunity (the remaining content\n\t\t\t\t// plus the current grapheme still fits within maxWidth).\n\t\t\t\tchunks.push({ text: line.slice(chunkStart, wrapOppIndex), startIndex: chunkStart, endIndex: wrapOppIndex });\n\t\t\t\tchunkStart = wrapOppIndex;\n\t\t\t\tcurrentWidth -= wrapOppWidth;\n\t\t\t} else if (chunkStart < charIndex) {\n\t\t\t\t// No viable wrap opportunity: force-break at current position.\n\t\t\t\t// This also handles the case where backtracking to a word\n\t\t\t\t// boundary wouldn't help because the remaining content plus\n\t\t\t\t// the current grapheme (e.g. a wide character) still exceeds\n\t\t\t\t// maxWidth.\n\t\t\t\tchunks.push({ text: line.slice(chunkStart, charIndex), startIndex: chunkStart, endIndex: charIndex });\n\t\t\t\tchunkStart = charIndex;\n\t\t\t\tcurrentWidth = 0;\n\t\t\t}\n\t\t\twrapOppIndex = -1;\n\t\t}\n\n\t\tif (gWidth > maxWidth) {\n\t\t\t// Single atomic segment wider than maxWidth (e.g. paste marker\n\t\t\t// in a narrow terminal). Re-wrap it at grapheme granularity.\n\n\t\t\t// The segment remains logically atomic for cursor\n\t\t\t// movement / editing — the split is purely visual for word-wrap layout.\n\t\t\tconst subChunks = wordWrapLine(grapheme, maxWidth);\n\t\t\tfor (let j = 0; j < subChunks.length - 1; j++) {\n\t\t\t\tconst sc = subChunks[j]!;\n\t\t\t\tchunks.push({ text: sc.text, startIndex: charIndex + sc.startIndex, endIndex: charIndex + sc.endIndex });\n\t\t\t}\n\t\t\tconst last = subChunks[subChunks.length - 1]!;\n\t\t\tchunkStart = charIndex + last.startIndex;\n\t\t\tcurrentWidth = visibleWidth(last.text);\n\t\t\twrapOppIndex = -1;\n\t\t\tcontinue;\n\t\t}\n\n\t\t// Advance.\n\t\tcurrentWidth += gWidth;\n\n\t\t// Record wrap opportunity: whitespace followed by non-whitespace.\n\t\t// Multiple spaces join (no break between them); the break point is\n\t\t// after the last space before the next word.\n\t\tconst next = segments[i + 1];\n\t\tif (isWs && next && (isPasteMarker(next.segment) || !isWhitespaceChar(next.segment))) {\n\t\t\twrapOppIndex = next.index;\n\t\t\twrapOppWidth = currentWidth;\n\t\t}\n\t}\n\n\t// Push final chunk.\n\tchunks.push({ text: line.slice(chunkStart), startIndex: chunkStart, endIndex: line.length });\n\n\treturn chunks;\n}\n\n// Kitty CSI-u sequences for printable keys, including optional shifted/base codepoints.\ninterface EditorState {\n\tlines: string[];\n\tcursorLine: number;\n\tcursorCol: number;\n}\n\ninterface LayoutLine {\n\ttext: string;\n\thasCursor: boolean;\n\tcursorPos?: number;\n}\n\nexport interface EditorTheme {\n\tborderColor: (str: string) => string;\n\tselectList: SelectListTheme;\n}\n\nexport interface EditorOptions {\n\tpaddingX?: number;\n\tautocompleteMaxVisible?: number;\n}\n\nconst SLASH_COMMAND_SELECT_LIST_LAYOUT: SelectListLayoutOptions = {\n\tminPrimaryColumnWidth: 12,\n\tmaxPrimaryColumnWidth: 32,\n};\n\nconst ATTACHMENT_AUTOCOMPLETE_DEBOUNCE_MS = 20;\n\nexport class Editor implements Component, Focusable {\n\tprivate state: EditorState = {\n\t\tlines: [\"\"],\n\t\tcursorLine: 0,\n\t\tcursorCol: 0,\n\t};\n\n\t/** Focusable interface - set by TUI when focus changes */\n\tfocused: boolean = false;\n\n\tprotected tui: TUI;\n\tprivate theme: EditorTheme;\n\tprivate paddingX: number = 0;\n\n\t// Store last render width for cursor navigation\n\tprivate lastWidth: number = 80;\n\n\t// Vertical scrolling support\n\tprivate scrollOffset: number = 0;\n\n\t// Border color (can be changed dynamically)\n\tpublic borderColor: (str: string) => string;\n\n\t// Autocomplete support\n\tprivate autocompleteProvider?: AutocompleteProvider;\n\tprivate autocompleteList?: SelectList;\n\tprivate autocompleteState: \"regular\" | \"force\" | null = null;\n\tprivate autocompletePrefix: string = \"\";\n\tprivate autocompleteMaxVisible: number = 5;\n\tprivate autocompleteAbort?: AbortController;\n\tprivate autocompleteDebounceTimer?: ReturnType<typeof setTimeout>;\n\tprivate autocompleteRequestTask: Promise<void> = Promise.resolve();\n\tprivate autocompleteStartToken: number = 0;\n\tprivate autocompleteRequestId: number = 0;\n\n\t// Paste tracking for large pastes\n\tprivate pastes: Map<number, string> = new Map();\n\tprivate pasteCounter: number = 0;\n\n\t// Bracketed paste mode buffering\n\tprivate pasteBuffer: string = \"\";\n\tprivate isInPaste: boolean = false;\n\n\t// Prompt history for up/down navigation\n\tprivate history: string[] = [];\n\tprivate historyIndex: number = -1; // -1 = not browsing, 0 = most recent, 1 = older, etc.\n\n\t// Kill ring for Emacs-style kill/yank operations\n\tprivate killRing = new KillRing();\n\tprivate lastAction: \"kill\" | \"yank\" | \"type-word\" | null = null;\n\n\t// Character jump mode\n\tprivate jumpMode: \"forward\" | \"backward\" | null = null;\n\n\t// Preferred visual column for vertical cursor movement (sticky column)\n\tprivate preferredVisualCol: number | null = null;\n\n\t// When the cursor is snapped to the start of an atomic segment, e.g. a\n\t// paste marker, cursorCol no longer reflects where the cursor would have\n\t// landed. This field stores the pre-snap cursorCol so that the next\n\t// vertical move can resolve it to a visual column on whatever VL it belongs\n\t// to.\n\tprivate snappedFromCursorCol: number | null = null;\n\n\t// Undo support\n\tprivate undoStack = new UndoStack<EditorState>();\n\n\tpublic onSubmit?: (text: string) => void;\n\tpublic onChange?: (text: string) => void;\n\tpublic disableSubmit: boolean = false;\n\n\tconstructor(tui: TUI, theme: EditorTheme, options: EditorOptions = {}) {\n\t\tthis.tui = tui;\n\t\tthis.theme = theme;\n\t\tthis.borderColor = theme.borderColor;\n\t\tconst paddingX = options.paddingX ?? 0;\n\t\tthis.paddingX = Number.isFinite(paddingX) ? Math.max(0, Math.floor(paddingX)) : 0;\n\t\tconst maxVisible = options.autocompleteMaxVisible ?? 5;\n\t\tthis.autocompleteMaxVisible = Number.isFinite(maxVisible) ? Math.max(3, Math.min(20, Math.floor(maxVisible))) : 5;\n\t}\n\n\t/** Set of currently valid paste IDs, for marker-aware segmentation. */\n\tprivate validPasteIds(): Set<number> {\n\t\treturn new Set(this.pastes.keys());\n\t}\n\n\t/** Segment text with paste-marker awareness, only merging markers with valid IDs. */\n\tprivate segment(text: string): Iterable<Intl.SegmentData> {\n\t\treturn segmentWithMarkers(text, this.validPasteIds());\n\t}\n\n\tgetPaddingX(): number {\n\t\treturn this.paddingX;\n\t}\n\n\tsetPaddingX(padding: number): void {\n\t\tconst newPadding = Number.isFinite(padding) ? Math.max(0, Math.floor(padding)) : 0;\n\t\tif (this.paddingX !== newPadding) {\n\t\t\tthis.paddingX = newPadding;\n\t\t\tthis.tui.requestRender();\n\t\t}\n\t}\n\n\tgetAutocompleteMaxVisible(): number {\n\t\treturn this.autocompleteMaxVisible;\n\t}\n\n\tsetAutocompleteMaxVisible(maxVisible: number): void {\n\t\tconst newMaxVisible = Number.isFinite(maxVisible) ? Math.max(3, Math.min(20, Math.floor(maxVisible))) : 5;\n\t\tif (this.autocompleteMaxVisible !== newMaxVisible) {\n\t\t\tthis.autocompleteMaxVisible = newMaxVisible;\n\t\t\tthis.tui.requestRender();\n\t\t}\n\t}\n\n\tsetAutocompleteProvider(provider: AutocompleteProvider): void {\n\t\tthis.cancelAutocomplete();\n\t\tthis.autocompleteProvider = provider;\n\t}\n\n\t/**\n\t * Add a prompt to history for up/down arrow navigation.\n\t * Called after successful submission.\n\t */\n\taddToHistory(text: string): void {\n\t\tconst trimmed = text.trim();\n\t\tif (!trimmed) return;\n\t\t// Don't add consecutive duplicates\n\t\tif (this.history.length > 0 && this.history[0] === trimmed) return;\n\t\tthis.history.unshift(trimmed);\n\t\t// Limit history size\n\t\tif (this.history.length > 100) {\n\t\t\tthis.history.pop();\n\t\t}\n\t}\n\n\tprivate isEditorEmpty(): boolean {\n\t\treturn this.state.lines.length === 1 && this.state.lines[0] === \"\";\n\t}\n\n\tprivate isOnFirstVisualLine(): boolean {\n\t\tconst visualLines = this.buildVisualLineMap(this.lastWidth);\n\t\tconst currentVisualLine = this.findCurrentVisualLine(visualLines);\n\t\treturn currentVisualLine === 0;\n\t}\n\n\tprivate isOnLastVisualLine(): boolean {\n\t\tconst visualLines = this.buildVisualLineMap(this.lastWidth);\n\t\tconst currentVisualLine = this.findCurrentVisualLine(visualLines);\n\t\treturn currentVisualLine === visualLines.length - 1;\n\t}\n\n\tprivate navigateHistory(direction: 1 | -1): void {\n\t\tthis.lastAction = null;\n\t\tif (this.history.length === 0) return;\n\n\t\tconst newIndex = this.historyIndex - direction; // Up(-1) increases index, Down(1) decreases\n\t\tif (newIndex < -1 || newIndex >= this.history.length) return;\n\n\t\t// Capture state when first entering history browsing mode\n\t\tif (this.historyIndex === -1 && newIndex >= 0) {\n\t\t\tthis.pushUndoSnapshot();\n\t\t}\n\n\t\tthis.historyIndex = newIndex;\n\n\t\tif (this.historyIndex === -1) {\n\t\t\t// Returned to \"current\" state - clear editor\n\t\t\tthis.setTextInternal(\"\");\n\t\t} else {\n\t\t\tthis.setTextInternal(this.history[this.historyIndex] || \"\");\n\t\t}\n\t}\n\n\t/** Internal setText that doesn't reset history state - used by navigateHistory */\n\tprivate setTextInternal(text: string): void {\n\t\tconst lines = text.split(\"\\n\");\n\t\tthis.state.lines = lines.length === 0 ? [\"\"] : lines;\n\t\tthis.state.cursorLine = this.state.lines.length - 1;\n\t\tthis.setCursorCol(this.state.lines[this.state.cursorLine]?.length || 0);\n\t\t// Reset scroll - render() will adjust to show cursor\n\t\tthis.scrollOffset = 0;\n\n\t\tif (this.onChange) {\n\t\t\tthis.onChange(this.getText());\n\t\t}\n\t}\n\n\tinvalidate(): void {\n\t\t// No cached state to invalidate currently\n\t}\n\n\trender(width: number): string[] {\n\t\tconst maxPadding = Math.max(0, Math.floor((width - 1) / 2));\n\t\tconst paddingX = Math.min(this.paddingX, maxPadding);\n\t\tconst contentWidth = Math.max(1, width - paddingX * 2);\n\n\t\t// Layout width: with padding the cursor can overflow into it,\n\t\t// without padding we reserve 1 column for the cursor.\n\t\tconst layoutWidth = Math.max(1, contentWidth - (paddingX ? 0 : 1));\n\n\t\t// Store for cursor navigation (must match wrapping width)\n\t\tthis.lastWidth = layoutWidth;\n\n\t\tconst horizontal = this.borderColor(\"─\");\n\n\t\t// Layout the text\n\t\tconst layoutLines = this.layoutText(layoutWidth);\n\n\t\t// Calculate max visible lines: 30% of terminal height, minimum 5 lines\n\t\tconst terminalRows = this.tui.terminal.rows;\n\t\tconst maxVisibleLines = Math.max(5, Math.floor(terminalRows * 0.3));\n\n\t\t// Find the cursor line index in layoutLines\n\t\tlet cursorLineIndex = layoutLines.findIndex((line) => line.hasCursor);\n\t\tif (cursorLineIndex === -1) cursorLineIndex = 0;\n\n\t\t// Adjust scroll offset to keep cursor visible\n\t\tif (cursorLineIndex < this.scrollOffset) {\n\t\t\tthis.scrollOffset = cursorLineIndex;\n\t\t} else if (cursorLineIndex >= this.scrollOffset + maxVisibleLines) {\n\t\t\tthis.scrollOffset = cursorLineIndex - maxVisibleLines + 1;\n\t\t}\n\n\t\t// Clamp scroll offset to valid range\n\t\tconst maxScrollOffset = Math.max(0, layoutLines.length - maxVisibleLines);\n\t\tthis.scrollOffset = Math.max(0, Math.min(this.scrollOffset, maxScrollOffset));\n\n\t\t// Get visible lines slice\n\t\tconst visibleLines = layoutLines.slice(this.scrollOffset, this.scrollOffset + maxVisibleLines);\n\n\t\tconst result: string[] = [];\n\t\tconst leftPadding = \" \".repeat(paddingX);\n\t\tconst rightPadding = leftPadding;\n\n\t\t// Render top border (with scroll indicator if scrolled down)\n\t\tif (this.scrollOffset > 0) {\n\t\t\tconst indicator = `─── ↑ ${this.scrollOffset} more `;\n\t\t\tconst remaining = width - visibleWidth(indicator);\n\t\t\tif (remaining >= 0) {\n\t\t\t\tresult.push(this.borderColor(indicator + \"─\".repeat(remaining)));\n\t\t\t} else {\n\t\t\t\tresult.push(this.borderColor(truncateToWidth(indicator, width)));\n\t\t\t}\n\t\t} else {\n\t\t\tresult.push(horizontal.repeat(width));\n\t\t}\n\n\t\t// Render each visible layout line\n\t\t// Emit hardware cursor marker only when focused and not showing autocomplete\n\t\tconst emitCursorMarker = this.focused && !this.autocompleteState;\n\n\t\tfor (const layoutLine of visibleLines) {\n\t\t\tlet displayText = layoutLine.text;\n\t\t\tlet lineVisibleWidth = visibleWidth(layoutLine.text);\n\t\t\tlet cursorInPadding = false;\n\n\t\t\t// Add cursor if this line has it\n\t\t\tif (layoutLine.hasCursor && layoutLine.cursorPos !== undefined) {\n\t\t\t\tconst before = displayText.slice(0, layoutLine.cursorPos);\n\t\t\t\tconst after = displayText.slice(layoutLine.cursorPos);\n\n\t\t\t\t// Hardware cursor marker (zero-width, emitted before fake cursor for IME positioning)\n\t\t\t\tconst marker = emitCursorMarker ? CURSOR_MARKER : \"\";\n\n\t\t\t\tif (after.length > 0) {\n\t\t\t\t\t// Cursor is on a character (grapheme) - replace it with highlighted version\n\t\t\t\t\t// Get the first grapheme from 'after'\n\t\t\t\t\tconst afterGraphemes = [...this.segment(after)];\n\t\t\t\t\tconst firstGrapheme = afterGraphemes[0]?.segment || \"\";\n\t\t\t\t\tconst restAfter = after.slice(firstGrapheme.length);\n\t\t\t\t\tconst cursor = `\\x1b[7m${firstGrapheme}\\x1b[0m`;\n\t\t\t\t\tdisplayText = before + marker + cursor + restAfter;\n\t\t\t\t\t// lineVisibleWidth stays the same - we're replacing, not adding\n\t\t\t\t} else {\n\t\t\t\t\t// Cursor is at the end - add highlighted space\n\t\t\t\t\tconst cursor = \"\\x1b[7m \\x1b[0m\";\n\t\t\t\t\tdisplayText = before + marker + cursor;\n\t\t\t\t\tlineVisibleWidth = lineVisibleWidth + 1;\n\t\t\t\t\t// If cursor overflows content width into the padding, flag it\n\t\t\t\t\tif (lineVisibleWidth > contentWidth && paddingX > 0) {\n\t\t\t\t\t\tcursorInPadding = true;\n\t\t\t\t\t}\n\t\t\t\t}\n\t\t\t}\n\n\t\t\t// Calculate padding based on actual visible width\n\t\t\tconst padding = \" \".repeat(Math.max(0, contentWidth - lineVisibleWidth));\n\t\t\tconst lineRightPadding = cursorInPadding ? rightPadding.slice(1) : rightPadding;\n\n\t\t\t// Render the line (no side borders, just horizontal lines above and below)\n\t\t\tresult.push(`${leftPadding}${displayText}${padding}${lineRightPadding}`);\n\t\t}\n\n\t\t// Render bottom border (with scroll indicator if more content below)\n\t\tconst linesBelow = layoutLines.length - (this.scrollOffset + visibleLines.length);\n\t\tif (linesBelow > 0) {\n\t\t\tconst indicator = `─── ↓ ${linesBelow} more `;\n\t\t\tconst remaining = width - visibleWidth(indicator);\n\t\t\tresult.push(this.borderColor(indicator + \"─\".repeat(Math.max(0, remaining))));\n\t\t} else {\n\t\t\tresult.push(horizontal.repeat(width));\n\t\t}\n\n\t\t// Add autocomplete list if active\n\t\tif (this.autocompleteState && this.autocompleteList) {\n\t\t\tconst autocompleteResult = this.autocompleteList.render(contentWidth);\n\t\t\tfor (const line of autocompleteResult) {\n\t\t\t\tconst lineWidth = visibleWidth(line);\n\t\t\t\tconst linePadding = \" \".repeat(Math.max(0, contentWidth - lineWidth));\n\t\t\t\tresult.push(`${leftPadding}${line}${linePadding}${rightPadding}`);\n\t\t\t}\n\t\t}\n\n\t\treturn result;\n\t}\n\n\thandleInput(data: string): void {\n\t\tconst kb = getKeybindings();\n\n\t\t// Handle character jump mode (awaiting next character to jump to)\n\t\tif (this.jumpMode !== null) {\n\t\t\t// Cancel if the hotkey is pressed again\n\t\t\tif (kb.matches(data, \"tui.editor.jumpForward\") || kb.matches(data, \"tui.editor.jumpBackward\")) {\n\t\t\t\tthis.jumpMode = null;\n\t\t\t\treturn;\n\t\t\t}\n\n\t\t\tconst printable = decodePrintableKey(data) ?? (data.charCodeAt(0) >= 32 ? data : undefined);\n\t\t\tif (printable !== undefined) {\n\t\t\t\t// Printable character - perform the jump\n\t\t\t\tconst direction = this.jumpMode;\n\t\t\t\tthis.jumpMode = null;\n\t\t\t\tthis.jumpToChar(printable, direction);\n\t\t\t\treturn;\n\t\t\t}\n\n\t\t\t// Control character - cancel and fall through to normal handling\n\t\t\tthis.jumpMode = null;\n\t\t}\n\n\t\t// Handle bracketed paste mode\n\t\tif (data.includes(\"\\x1b[200~\")) {\n\t\t\tthis.isInPaste = true;\n\t\t\tthis.pasteBuffer = \"\";\n\t\t\tdata = data.replace(\"\\x1b[200~\", \"\");\n\t\t}\n\n\t\tif (this.isInPaste) {\n\t\t\tthis.pasteBuffer += data;\n\t\t\tconst endIndex = this.pasteBuffer.indexOf(\"\\x1b[201~\");\n\t\t\tif (endIndex !== -1) {\n\t\t\t\tconst pasteContent = this.pasteBuffer.substring(0, endIndex);\n\t\t\t\tif (pasteContent.length > 0) {\n\t\t\t\t\tthis.handlePaste(pasteContent);\n\t\t\t\t}\n\t\t\t\tthis.isInPaste = false;\n\t\t\t\tconst remaining = this.pasteBuffer.substring(endIndex + 6);\n\t\t\t\tthis.pasteBuffer = \"\";\n\t\t\t\tif (remaining.length > 0) {\n\t\t\t\t\tthis.handleInput(remaining);\n\t\t\t\t}\n\t\t\t\treturn;\n\t\t\t}\n\t\t\treturn;\n\t\t}\n\n\t\t// Ctrl+C - let parent handle (exit/clear)\n\t\tif (kb.matches(data, \"tui.input.copy\")) {\n\t\t\treturn;\n\t\t}\n\n\t\t// Undo\n\t\tif (kb.matches(data, \"tui.editor.undo\")) {\n\t\t\tthis.undo();\n\t\t\treturn;\n\t\t}\n\n\t\t// Handle autocomplete mode\n\t\tif (this.autocompleteState && this.autocompleteList) {\n\t\t\tif (kb.matches(data, \"tui.select.cancel\")) {\n\t\t\t\tthis.cancelAutocomplete();\n\t\t\t\treturn;\n\t\t\t}\n\n\t\t\tif (kb.matches(data, \"tui.select.up\") || kb.matches(data, \"tui.select.down\")) {\n\t\t\t\tthis.autocompleteList.handleInput(data);\n\t\t\t\treturn;\n\t\t\t}\n\n\t\t\tif (kb.matches(data, \"tui.input.tab\")) {\n\t\t\t\tconst selected = this.autocompleteList.getSelectedItem();\n\t\t\t\tif (selected && this.autocompleteProvider) {\n\t\t\t\t\tthis.pushUndoSnapshot();\n\t\t\t\t\tthis.lastAction = null;\n\t\t\t\t\tconst result = this.autocompleteProvider.applyCompletion(\n\t\t\t\t\t\tthis.state.lines,\n\t\t\t\t\t\tthis.state.cursorLine,\n\t\t\t\t\t\tthis.state.cursorCol,\n\t\t\t\t\t\tselected,\n\t\t\t\t\t\tthis.autocompletePrefix,\n\t\t\t\t\t);\n\t\t\t\t\tthis.state.lines = result.lines;\n\t\t\t\t\tthis.state.cursorLine = result.cursorLine;\n\t\t\t\t\tthis.setCursorCol(result.cursorCol);\n\t\t\t\t\tthis.cancelAutocomplete();\n\t\t\t\t\tif (this.onChange) this.onChange(this.getText());\n\t\t\t\t}\n\t\t\t\treturn;\n\t\t\t}\n\n\t\t\tif (kb.matches(data, \"tui.select.confirm\")) {\n\t\t\t\tconst selected = this.autocompleteList.getSelectedItem();\n\t\t\t\tif (selected && this.autocompleteProvider) {\n\t\t\t\t\tthis.pushUndoSnapshot();\n\t\t\t\t\tthis.lastAction = null;\n\t\t\t\t\tconst result = this.autocompleteProvider.applyCompletion(\n\t\t\t\t\t\tthis.state.lines,\n\t\t\t\t\t\tthis.state.cursorLine,\n\t\t\t\t\t\tthis.state.cursorCol,\n\t\t\t\t\t\tselected,\n\t\t\t\t\t\tthis.autocompletePrefix,\n\t\t\t\t\t);\n\t\t\t\t\tthis.state.lines = result.lines;\n\t\t\t\t\tthis.state.cursorLine = result.cursorLine;\n\t\t\t\t\tthis.setCursorCol(result.cursorCol);\n\n\t\t\t\t\tif (this.autocompletePrefix.startsWith(\"/\")) {\n\t\t\t\t\t\tthis.cancelAutocomplete();\n\t\t\t\t\t\t// Fall through to submit\n\t\t\t\t\t} else {\n\t\t\t\t\t\tthis.cancelAutocomplete();\n\t\t\t\t\t\tif (this.onChange) this.onChange(this.getText());\n\t\t\t\t\t\treturn;\n\t\t\t\t\t}\n\t\t\t\t}\n\t\t\t}\n\t\t}\n\n\t\t// Tab - trigger completion\n\t\tif (kb.matches(data, \"tui.input.tab\") && !this.autocompleteState) {\n\t\t\tthis.handleTabCompletion();\n\t\t\treturn;\n\t\t}\n\n\t\t// Deletion actions\n\t\tif (kb.matches(data, \"tui.editor.deleteToLineEnd\")) {\n\t\t\tthis.deleteToEndOfLine();\n\t\t\treturn;\n\t\t}\n\t\tif (kb.matches(data, \"tui.editor.deleteToLineStart\")) {\n\t\t\tthis.deleteToStartOfLine();\n\t\t\treturn;\n\t\t}\n\t\tif (kb.matches(data, \"tui.editor.deleteWordBackward\")) {\n\t\t\tthis.deleteWordBackwards();\n\t\t\treturn;\n\t\t}\n\t\tif (kb.matches(data, \"tui.editor.deleteWordForward\")) {\n\t\t\tthis.deleteWordForward();\n\t\t\treturn;\n\t\t}\n\t\tif (kb.matches(data, \"tui.editor.deleteCharBackward\") || matchesKey(data, \"shift+backspace\")) {\n\t\t\tthis.handleBackspace();\n\t\t\treturn;\n\t\t}\n\t\tif (kb.matches(data, \"tui.editor.deleteCharForward\") || matchesKey(data, \"shift+delete\")) {\n\t\t\tthis.handleForwardDelete();\n\t\t\treturn;\n\t\t}\n\n\t\t// Kill ring actions\n\t\tif (kb.matches(data, \"tui.editor.yank\")) {\n\t\t\tthis.yank();\n\t\t\treturn;\n\t\t}\n\t\tif (kb.matches(data, \"tui.editor.yankPop\")) {\n\t\t\tthis.yankPop();\n\t\t\treturn;\n\t\t}\n\n\t\t// Cursor movement actions\n\t\tif (kb.matches(data, \"tui.editor.cursorLineStart\")) {\n\t\t\tthis.moveToLineStart();\n\t\t\treturn;\n\t\t}\n\t\tif (kb.matches(data, \"tui.editor.cursorLineEnd\")) {\n\t\t\tthis.moveToLineEnd();\n\t\t\treturn;\n\t\t}\n\t\tif (kb.matches(data, \"tui.editor.cursorWordLeft\")) {\n\t\t\tthis.moveWordBackwards();\n\t\t\treturn;\n\t\t}\n\t\tif (kb.matches(data, \"tui.editor.cursorWordRight\")) {\n\t\t\tthis.moveWordForwards();\n\t\t\treturn;\n\t\t}\n\n\t\t// New line\n\t\tif (\n\t\t\tkb.matches(data, \"tui.input.newLine\") ||\n\t\t\t(data.charCodeAt(0) === 10 && data.length > 1) ||\n\t\t\tdata === \"\\x1b\\r\" ||\n\t\t\tdata === \"\\x1b[13;2~\" ||\n\t\t\t(data.length > 1 && data.includes(\"\\x1b\") && data.includes(\"\\r\")) ||\n\t\t\t(data === \"\\n\" && data.length === 1)\n\t\t) {\n\t\t\tif (this.shouldSubmitOnBackslashEnter(data, kb)) {\n\t\t\t\tthis.handleBackspace();\n\t\t\t\tthis.submitValue();\n\t\t\t\treturn;\n\t\t\t}\n\t\t\tthis.addNewLine();\n\t\t\treturn;\n\t\t}\n\n\t\t// Submit (Enter)\n\t\tif (kb.matches(data, \"tui.input.submit\")) {\n\t\t\tif (this.disableSubmit) return;\n\n\t\t\t// Workaround for terminals without Shift+Enter support:\n\t\t\t// If char before cursor is \\, delete it and insert newline instead of submitting.\n\t\t\tconst currentLine = this.state.lines[this.state.cursorLine] || \"\";\n\t\t\tif (this.state.cursorCol > 0 && currentLine[this.state.cursorCol - 1] === \"\\\\\") {\n\t\t\t\tthis.handleBackspace();\n\t\t\t\tthis.addNewLine();\n\t\t\t\treturn;\n\t\t\t}\n\n\t\t\tthis.submitValue();\n\t\t\treturn;\n\t\t}\n\n\t\t// Arrow key navigation (with history support)\n\t\tif (kb.matches(data, \"tui.editor.cursorUp\")) {\n\t\t\tif (this.isEditorEmpty()) {\n\t\t\t\tthis.navigateHistory(-1);\n\t\t\t} else if (this.historyIndex > -1 && this.isOnFirstVisualLine()) {\n\t\t\t\tthis.navigateHistory(-1);\n\t\t\t} else if (this.isOnFirstVisualLine()) {\n\t\t\t\t// Already at top - jump to start of line\n\t\t\t\tthis.moveToLineStart();\n\t\t\t} else {\n\t\t\t\tthis.moveCursor(-1, 0);\n\t\t\t}\n\t\t\treturn;\n\t\t}\n\t\tif (kb.matches(data, \"tui.editor.cursorDown\")) {\n\t\t\tif (this.historyIndex > -1 && this.isOnLastVisualLine()) {\n\t\t\t\tthis.navigateHistory(1);\n\t\t\t} else if (this.isOnLastVisualLine()) {\n\t\t\t\t// Already at bottom - jump to end of line\n\t\t\t\tthis.moveToLineEnd();\n\t\t\t} else {\n\t\t\t\tthis.moveCursor(1, 0);\n\t\t\t}\n\t\t\treturn;\n\t\t}\n\t\tif (kb.matches(data, \"tui.editor.cursorRight\")) {\n\t\t\tthis.moveCursor(0, 1);\n\t\t\treturn;\n\t\t}\n\t\tif (kb.matches(data, \"tui.editor.cursorLeft\")) {\n\t\t\tthis.moveCursor(0, -1);\n\t\t\treturn;\n\t\t}\n\n\t\t// Page up/down - scroll by page and move cursor\n\t\tif (kb.matches(data, \"tui.editor.pageUp\")) {\n\t\t\tthis.pageScroll(-1);\n\t\t\treturn;\n\t\t}\n\t\tif (kb.matches(data, \"tui.editor.pageDown\")) {\n\t\t\tthis.pageScroll(1);\n\t\t\treturn;\n\t\t}\n\n\t\t// Character jump mode triggers\n\t\tif (kb.matches(data, \"tui.editor.jumpForward\")) {\n\t\t\tthis.jumpMode = \"forward\";\n\t\t\treturn;\n\t\t}\n\t\tif (kb.matches(data, \"tui.editor.jumpBackward\")) {\n\t\t\tthis.jumpMode = \"backward\";\n\t\t\treturn;\n\t\t}\n\n\t\t// Shift+Space - insert regular space\n\t\tif (matchesKey(data, \"shift+space\")) {\n\t\t\tthis.insertCharacter(\" \");\n\t\t\treturn;\n\t\t}\n\n\t\tconst printable = decodePrintableKey(data);\n\t\tif (printable !== undefined) {\n\t\t\tthis.insertCharacter(printable);\n\t\t\treturn;\n\t\t}\n\n\t\t// Regular characters\n\t\tif (data.charCodeAt(0) >= 32) {\n\t\t\tthis.insertCharacter(data);\n\t\t}\n\t}\n\n\tprivate layoutText(contentWidth: number): LayoutLine[] {\n\t\tconst layoutLines: LayoutLine[] = [];\n\n\t\tif (this.state.lines.length === 0 || (this.state.lines.length === 1 && this.state.lines[0] === \"\")) {\n\t\t\t// Empty editor\n\t\t\tlayoutLines.push({\n\t\t\t\ttext: \"\",\n\t\t\t\thasCursor: true,\n\t\t\t\tcursorPos: 0,\n\t\t\t});\n\t\t\treturn layoutLines;\n\t\t}\n\n\t\t// Process each logical line\n\t\tfor (let i = 0; i < this.state.lines.length; i++) {\n\t\t\tconst line = this.state.lines[i] || \"\";\n\t\t\tconst isCurrentLine = i === this.state.cursorLine;\n\t\t\tconst lineVisibleWidth = visibleWidth(line);\n\n\t\t\tif (lineVisibleWidth <= contentWidth) {\n\t\t\t\t// Line fits in one layout line\n\t\t\t\tif (isCurrentLine) {\n\t\t\t\t\tlayoutLines.push({\n\t\t\t\t\t\ttext: line,\n\t\t\t\t\t\thasCursor: true,\n\t\t\t\t\t\tcursorPos: this.state.cursorCol,\n\t\t\t\t\t});\n\t\t\t\t} else {\n\t\t\t\t\tlayoutLines.push({\n\t\t\t\t\t\ttext: line,\n\t\t\t\t\t\thasCursor: false,\n\t\t\t\t\t});\n\t\t\t\t}\n\t\t\t} else {\n\t\t\t\t// Line needs wrapping - use word-aware wrapping\n\t\t\t\tconst chunks = wordWrapLine(line, contentWidth, [...this.segment(line)]);\n\n\t\t\t\tfor (let chunkIndex = 0; chunkIndex < chunks.length; chunkIndex++) {\n\t\t\t\t\tconst chunk = chunks[chunkIndex];\n\t\t\t\t\tif (!chunk) continue;\n\n\t\t\t\t\tconst cursorPos = this.state.cursorCol;\n\t\t\t\t\tconst isLastChunk = chunkIndex === chunks.length - 1;\n\n\t\t\t\t\t// Determine if cursor is in this chunk\n\t\t\t\t\t// For word-wrapped chunks, we need to handle the case where\n\t\t\t\t\t// cursor might be in trimmed whitespace at end of chunk\n\t\t\t\t\tlet hasCursorInChunk = false;\n\t\t\t\t\tlet adjustedCursorPos = 0;\n\n\t\t\t\t\tif (isCurrentLine) {\n\t\t\t\t\t\tif (isLastChunk) {\n\t\t\t\t\t\t\t// Last chunk: cursor belongs here if >= startIndex\n\t\t\t\t\t\t\thasCursorInChunk = cursorPos >= chunk.startIndex;\n\t\t\t\t\t\t\tadjustedCursorPos = cursorPos - chunk.startIndex;\n\t\t\t\t\t\t} else {\n\t\t\t\t\t\t\t// Non-last chunk: cursor belongs here if in range [startIndex, endIndex)\n\t\t\t\t\t\t\t// But we need to handle the visual position in the trimmed text\n\t\t\t\t\t\t\thasCursorInChunk = cursorPos >= chunk.startIndex && cursorPos < chunk.endIndex;\n\t\t\t\t\t\t\tif (hasCursorInChunk) {\n\t\t\t\t\t\t\t\tadjustedCursorPos = cursorPos - chunk.startIndex;\n\t\t\t\t\t\t\t\t// Clamp to text length (in case cursor was in trimmed whitespace)\n\t\t\t\t\t\t\t\tif (adjustedCursorPos > chunk.text.length) {\n\t\t\t\t\t\t\t\t\tadjustedCursorPos = chunk.text.length;\n\t\t\t\t\t\t\t\t}\n\t\t\t\t\t\t\t}\n\t\t\t\t\t\t}\n\t\t\t\t\t}\n\n\t\t\t\t\tif (hasCursorInChunk) {\n\t\t\t\t\t\tlayoutLines.push({\n\t\t\t\t\t\t\ttext: chunk.text,\n\t\t\t\t\t\t\thasCursor: true,\n\t\t\t\t\t\t\tcursorPos: adjustedCursorPos,\n\t\t\t\t\t\t});\n\t\t\t\t\t} else {\n\t\t\t\t\t\tlayoutLines.push({\n\t\t\t\t\t\t\ttext: chunk.text,\n\t\t\t\t\t\t\thasCursor: false,\n\t\t\t\t\t\t});\n\t\t\t\t\t}\n\t\t\t\t}\n\t\t\t}\n\t\t}\n\n\t\treturn layoutLines;\n\t}\n\n\tgetText(): string {\n\t\treturn this.state.lines.join(\"\\n\");\n\t}\n\n\tprivate expandPasteMarkers(text: string): string {\n\t\tlet result = text;\n\t\tfor (const [pasteId, pasteContent] of this.pastes) {\n\t\t\tconst markerRegex = new RegExp(`\\\\[paste #${pasteId}( (\\\\+\\\\d+ lines|\\\\d+ chars))?\\\\]`, \"g\");\n\t\t\tresult = result.replace(markerRegex, () => pasteContent);\n\t\t}\n\t\treturn result;\n\t}\n\n\t/**\n\t * Get text with paste markers expanded to their actual content.\n\t * Use this when you need the full content (e.g., for external editor).\n\t */\n\tgetExpandedText(): string {\n\t\treturn this.expandPasteMarkers(this.state.lines.join(\"\\n\"));\n\t}\n\n\tgetLines(): string[] {\n\t\treturn [...this.state.lines];\n\t}\n\n\tgetCursor(): { line: number; col: number } {\n\t\treturn { line: this.state.cursorLine, col: this.state.cursorCol };\n\t}\n\n\tsetText(text: string): void {\n\t\tthis.cancelAutocomplete();\n\t\tthis.lastAction = null;\n\t\tthis.historyIndex = -1; // Exit history browsing mode\n\t\tconst normalized = this.normalizeText(text);\n\t\t// Push undo snapshot if content differs (makes programmatic changes undoable)\n\t\tif (this.getText() !== normalized) {\n\t\t\tthis.pushUndoSnapshot();\n\t\t}\n\t\tthis.setTextInternal(normalized);\n\t}\n\n\t/**\n\t * Insert text at the current cursor position.\n\t * Used for programmatic insertion (e.g., clipboard image markers).\n\t * This is atomic for undo - single undo restores entire pre-insert state.\n\t */\n\tinsertTextAtCursor(text: string): void {\n\t\tif (!text) return;\n\t\tthis.cancelAutocomplete();\n\t\tthis.pushUndoSnapshot();\n\t\tthis.lastAction = null;\n\t\tthis.historyIndex = -1;\n\t\tthis.insertTextAtCursorInternal(text);\n\t}\n\n\t/**\n\t * Normalize text for editor storage:\n\t * - Normalize line endings (\\r\\n and \\r -> \\n)\n\t * - Expand tabs to 4 spaces\n\t */\n\tprivate normalizeText(text: string): string {\n\t\treturn text.replace(/\\r\\n/g, \"\\n\").replace(/\\r/g, \"\\n\").replace(/\\t/g, \"    \");\n\t}\n\n\t/**\n\t * Internal text insertion at cursor. Handles single and multi-line text.\n\t * Does not push undo snapshots or trigger autocomplete - caller is responsible.\n\t * Normalizes line endings and calls onChange once at the end.\n\t */\n\tprivate insertTextAtCursorInternal(text: string): void {\n\t\tif (!text) return;\n\n\t\t// Normalize line endings and tabs\n\t\tconst normalized = this.normalizeText(text);\n\t\tconst insertedLines = normalized.split(\"\\n\");\n\n\t\tconst currentLine = this.state.lines[this.state.cursorLine] || \"\";\n\t\tconst beforeCursor = currentLine.slice(0, this.state.cursorCol);\n\t\tconst afterCursor = currentLine.slice(this.state.cursorCol);\n\n\t\tif (insertedLines.length === 1) {\n\t\t\t// Single line - insert at cursor position\n\t\t\tthis.state.lines[this.state.cursorLine] = beforeCursor + normalized + afterCursor;\n\t\t\tthis.setCursorCol(this.state.cursorCol + normalized.length);\n\t\t} else {\n\t\t\t// Multi-line insertion\n\t\t\tthis.state.lines = [\n\t\t\t\t// All lines before current line\n\t\t\t\t...this.state.lines.slice(0, this.state.cursorLine),\n\n\t\t\t\t// The first inserted line merged with text before cursor\n\t\t\t\tbeforeCursor + insertedLines[0],\n\n\t\t\t\t// All middle inserted lines\n\t\t\t\t...insertedLines.slice(1, -1),\n\n\t\t\t\t// The last inserted line with text after cursor\n\t\t\t\tinsertedLines[insertedLines.length - 1] + afterCursor,\n\n\t\t\t\t// All lines after current line\n\t\t\t\t...this.state.lines.slice(this.state.cursorLine + 1),\n\t\t\t];\n\n\t\t\tthis.state.cursorLine += insertedLines.length - 1;\n\t\t\tthis.setCursorCol((insertedLines[insertedLines.length - 1] || \"\").length);\n\t\t}\n\n\t\tif (this.onChange) {\n\t\t\tthis.onChange(this.getText());\n\t\t}\n\t}\n\n\t// All the editor methods from before...\n\tprivate insertCharacter(char: string, skipUndoCoalescing?: boolean): void {\n\t\tthis.historyIndex = -1; // Exit history browsing mode\n\n\t\t// Undo coalescing (fish-style):\n\t\t// - Consecutive word chars coalesce into one undo unit\n\t\t// - Space captures state before itself (so undo removes space+following word together)\n\t\t// - Each space is separately undoable\n\t\t// Skip coalescing when called from atomic operations (e.g., handlePaste)\n\t\tif (!skipUndoCoalescing) {\n\t\t\tif (isWhitespaceChar(char) || this.lastAction !== \"type-word\") {\n\t\t\t\tthis.pushUndoSnapshot();\n\t\t\t}\n\t\t\tthis.lastAction = \"type-word\";\n\t\t}\n\n\t\tconst line = this.state.lines[this.state.cursorLine] || \"\";\n\n\t\tconst before = line.slice(0, this.state.cursorCol);\n\t\tconst after = line.slice(this.state.cursorCol);\n\n\t\tthis.state.lines[this.state.cursorLine] = before + char + after;\n\t\tthis.setCursorCol(this.state.cursorCol + char.length);\n\n\t\tif (this.onChange) {\n\t\t\tthis.onChange(this.getText());\n\t\t}\n\n\t\t// Check if we should trigger or update autocomplete\n\t\tif (!this.autocompleteState) {\n\t\t\t// Auto-trigger for \"/\" at the start of a line (slash commands)\n\t\t\tif (char === \"/\" && this.isAtStartOfMessage()) {\n\t\t\t\tthis.tryTriggerAutocomplete();\n\t\t\t}\n\t\t\t// Auto-trigger for symbol-based completion like @ or # at token boundaries\n\t\t\telse if (char === \"@\" || char === \"#\") {\n\t\t\t\tconst currentLine = this.state.lines[this.state.cursorLine] || \"\";\n\t\t\t\tconst textBeforeCursor = currentLine.slice(0, this.state.cursorCol);\n\t\t\t\tconst charBeforeSymbol = textBeforeCursor[textBeforeCursor.length - 2];\n\t\t\t\tif (textBeforeCursor.length === 1 || charBeforeSymbol === \" \" || charBeforeSymbol === \"\\t\") {\n\t\t\t\t\tthis.tryTriggerAutocomplete();\n\t\t\t\t}\n\t\t\t}\n\t\t\t// Also auto-trigger when typing letters in a slash command or symbol completion context\n\t\t\telse if (/[a-zA-Z0-9.\\-_]/.test(char)) {\n\t\t\t\tconst currentLine = this.state.lines[this.state.cursorLine] || \"\";\n\t\t\t\tconst textBeforeCursor = currentLine.slice(0, this.state.cursorCol);\n\t\t\t\t// Check if we're in a slash command (with or without space for arguments)\n\t\t\t\tif (this.isInSlashCommandContext(textBeforeCursor)) {\n\t\t\t\t\tthis.tryTriggerAutocomplete();\n\t\t\t\t}\n\t\t\t\t// Check if we're in a symbol-based completion context like @ or #\n\t\t\t\telse if (textBeforeCursor.match(/(?:^|[\\s])[@#][^\\s]*$/)) {\n\t\t\t\t\tthis.tryTriggerAutocomplete();\n\t\t\t\t}\n\t\t\t}\n\t\t} else {\n\t\t\tthis.updateAutocomplete();\n\t\t}\n\t}\n\n\tprivate handlePaste(pastedText: string): void {\n\t\tthis.cancelAutocomplete();\n\t\tthis.historyIndex = -1; // Exit history browsing mode\n\t\tthis.lastAction = null;\n\n\t\tthis.pushUndoSnapshot();\n\n\t\t// Some terminals (e.g. tmux popups with extended-keys-format=csi-u) re-encode\n\t\t// control bytes inside bracketed paste as CSI-u Ctrl+<letter> sequences\n\t\t// (ESC [ <codepoint> ; 5 u). Decode those back to their literal byte so the\n\t\t// per-char filter below preserves newlines instead of stripping ESC and\n\t\t// leaking the printable tail (e.g. \"[106;5u\") into the editor.\n\t\tconst decodedText = pastedText.replace(/\\x1b\\[(\\d+);5u/g, (match, code) => {\n\t\t\tconst cp = Number(code);\n\t\t\tif (cp >= 97 && cp <= 122) return String.fromCharCode(cp - 96);\n\t\t\tif (cp >= 65 && cp <= 90) return String.fromCharCode(cp - 64);\n\t\t\treturn match;\n\t\t});\n\n\t\t// Clean the pasted text: normalize line endings, expand tabs\n\t\tconst cleanText = this.normalizeText(decodedText);\n\n\t\t// Filter out non-printable characters except newlines\n\t\tlet filteredText = cleanText\n\t\t\t.split(\"\")\n\t\t\t.filter((char) => char === \"\\n\" || char.charCodeAt(0) >= 32)\n\t\t\t.join(\"\");\n\n\t\t// If pasting a file path (starts with /, ~, or .) and the character before\n\t\t// the cursor is a word character, prepend a space for better readability\n\t\tif (/^[/~.]/.test(filteredText)) {\n\t\t\tconst currentLine = this.state.lines[this.state.cursorLine] || \"\";\n\t\t\tconst charBeforeCursor = this.state.cursorCol > 0 ? currentLine[this.state.cursorCol - 1] : \"\";\n\t\t\tif (charBeforeCursor && /\\w/.test(charBeforeCursor)) {\n\t\t\t\tfilteredText = ` ${filteredText}`;\n\t\t\t}\n\t\t}\n\n\t\t// Split into lines to check for large paste\n\t\tconst pastedLines = filteredText.split(\"\\n\");\n\n\t\t// Check if this is a large paste (> 10 lines or > 1000 characters)\n\t\tconst totalChars = filteredText.length;\n\t\tif (pastedLines.length > 10 || totalChars > 1000) {\n\t\t\t// Store the paste and insert a marker\n\t\t\tthis.pasteCounter++;\n\t\t\tconst pasteId = this.pasteCounter;\n\t\t\tthis.pastes.set(pasteId, filteredText);\n\n\t\t\t// Insert marker like \"[paste #1 +123 lines]\" or \"[paste #1 1234 chars]\"\n\t\t\tconst marker =\n\t\t\t\tpastedLines.length > 10\n\t\t\t\t\t? `[paste #${pasteId} +${pastedLines.length} lines]`\n\t\t\t\t\t: `[paste #${pasteId} ${totalChars} chars]`;\n\t\t\tthis.insertTextAtCursorInternal(marker);\n\t\t\treturn;\n\t\t}\n\n\t\tif (pastedLines.length === 1) {\n\t\t\t// Single line - insert atomically (do not trigger autocomplete during paste)\n\t\t\tthis.insertTextAtCursorInternal(filteredText);\n\t\t\treturn;\n\t\t}\n\n\t\t// Multi-line paste - use direct state manipulation\n\t\tthis.insertTextAtCursorInternal(filteredText);\n\t}\n\n\tprivate addNewLine(): void {\n\t\tthis.cancelAutocomplete();\n\t\tthis.historyIndex = -1; // Exit history browsing mode\n\t\tthis.lastAction = null;\n\n\t\tthis.pushUndoSnapshot();\n\n\t\tconst currentLine = this.state.lines[this.state.cursorLine] || \"\";\n\n\t\tconst before = currentLine.slice(0, this.state.cursorCol);\n\t\tconst after = currentLine.slice(this.state.cursorCol);\n\n\t\t// Split current line\n\t\tthis.state.lines[this.state.cursorLine] = before;\n\t\tthis.state.lines.splice(this.state.cursorLine + 1, 0, after);\n\n\t\t// Move cursor to start of new line\n\t\tthis.state.cursorLine++;\n\t\tthis.setCursorCol(0);\n\n\t\tif (this.onChange) {\n\t\t\tthis.onChange(this.getText());\n\t\t}\n\t}\n\n\tprivate shouldSubmitOnBackslashEnter(data: string, kb: ReturnType<typeof getKeybindings>): boolean {\n\t\tif (this.disableSubmit) return false;\n\t\tif (!matchesKey(data, \"enter\")) return false;\n\t\tconst submitKeys = kb.getKeys(\"tui.input.submit\");\n\t\tconst hasShiftEnter = submitKeys.includes(\"shift+enter\") || submitKeys.includes(\"shift+return\");\n\t\tif (!hasShiftEnter) return false;\n\n\t\tconst currentLine = this.state.lines[this.state.cursorLine] || \"\";\n\t\treturn this.state.cursorCol > 0 && currentLine[this.state.cursorCol - 1] === \"\\\\\";\n\t}\n\n\tprivate submitValue(): void {\n\t\tthis.cancelAutocomplete();\n\t\tconst result = this.expandPasteMarkers(this.state.lines.join(\"\\n\")).trim();\n\n\t\tthis.state = { lines: [\"\"], cursorLine: 0, cursorCol: 0 };\n\t\tthis.pastes.clear();\n\t\tthis.pasteCounter = 0;\n\t\tthis.historyIndex = -1;\n\t\tthis.scrollOffset = 0;\n\t\tthis.undoStack.clear();\n\t\tthis.lastAction = null;\n\n\t\tif (this.onChange) this.onChange(\"\");\n\t\tif (this.onSubmit) this.onSubmit(result);\n\t}\n\n\tprivate handleBackspace(): void {\n\t\tthis.historyIndex = -1; // Exit history browsing mode\n\t\tthis.lastAction = null;\n\n\t\tif (this.state.cursorCol > 0) {\n\t\t\tthis.pushUndoSnapshot();\n\n\t\t\t// Delete grapheme before cursor (handles emojis, combining characters, etc.)\n\t\t\tconst line = this.state.lines[this.state.cursorLine] || \"\";\n\t\t\tconst beforeCursor = line.slice(0, this.state.cursorCol);\n\n\t\t\t// Find the last grapheme in the text before cursor\n\t\t\tconst graphemes = [...this.segment(beforeCursor)];\n\t\t\tconst lastGrapheme = graphemes[graphemes.length - 1];\n\t\t\tconst graphemeLength = lastGrapheme ? lastGrapheme.segment.length : 1;\n\n\t\t\tconst before = line.slice(0, this.state.cursorCol - graphemeLength);\n\t\t\tconst after = line.slice(this.state.cursorCol);\n\n\t\t\tthis.state.lines[this.state.cursorLine] = before + after;\n\t\t\tthis.setCursorCol(this.state.cursorCol - graphemeLength);\n\t\t} else if (this.state.cursorLine > 0) {\n\t\t\tthis.pushUndoSnapshot();\n\n\t\t\t// Merge with previous line\n\t\t\tconst currentLine = this.state.lines[this.state.cursorLine] || \"\";\n\t\t\tconst previousLine = this.state.lines[this.state.cursorLine - 1] || \"\";\n\n\t\t\tthis.state.lines[this.state.cursorLine - 1] = previousLine + currentLine;\n\t\t\tthis.state.lines.splice(this.state.cursorLine, 1);\n\n\t\t\tthis.state.cursorLine--;\n\t\t\tthis.setCursorCol(previousLine.length);\n\t\t}\n\n\t\tif (this.onChange) {\n\t\t\tthis.onChange(this.getText());\n\t\t}\n\n\t\t// Update or re-trigger autocomplete after backspace\n\t\tif (this.autocompleteState) {\n\t\t\tthis.updateAutocomplete();\n\t\t} else {\n\t\t\t// If autocomplete was cancelled (no matches), re-trigger if we're in a completable context\n\t\t\tconst currentLine = this.state.lines[this.state.cursorLine] || \"\";\n\t\t\tconst textBeforeCursor = currentLine.slice(0, this.state.cursorCol);\n\t\t\t// Slash command context\n\t\t\tif (this.isInSlashCommandContext(textBeforeCursor)) {\n\t\t\t\tthis.tryTriggerAutocomplete();\n\t\t\t}\n\t\t\t// Symbol-based completion context like @ or #\n\t\t\telse if (textBeforeCursor.match(/(?:^|[\\s])[@#][^\\s]*$/)) {\n\t\t\t\tthis.tryTriggerAutocomplete();\n\t\t\t}\n\t\t}\n\t}\n\n\t/**\n\t * Set cursor column and clear preferredVisualCol.\n\t * Use this for all non-vertical cursor movements to reset sticky column behavior.\n\t */\n\tprivate setCursorCol(col: number): void {\n\t\tthis.state.cursorCol = col;\n\t\tthis.preferredVisualCol = null;\n\t\tthis.snappedFromCursorCol = null;\n\t}\n\n\t/**\n\t * Move cursor to a target visual line, applying sticky column logic.\n\t * Shared by moveCursor() and pageScroll().\n\t */\n\tprivate moveToVisualLine(\n\t\tvisualLines: Array<{ logicalLine: number; startCol: number; length: number }>,\n\t\tcurrentVisualLine: number,\n\t\ttargetVisualLine: number,\n\t): void {\n\t\tconst currentVL = visualLines[currentVisualLine];\n\t\tconst targetVL = visualLines[targetVisualLine];\n\t\tif (!(currentVL && targetVL)) return;\n\n\t\t// When the cursor was snapped to a segment start, resolve the pre-snap\n\t\t// position against the VL it belongs to. This gives the correct visual\n\t\t// column even after a resize reshuffles VLs.\n\t\tlet currentVisualCol: number;\n\t\tif (this.snappedFromCursorCol !== null) {\n\t\t\tconst vlIndex = this.findVisualLineAt(visualLines, currentVL.logicalLine, this.snappedFromCursorCol);\n\t\t\tcurrentVisualCol = this.snappedFromCursorCol - visualLines[vlIndex].startCol;\n\t\t} else {\n\t\t\tcurrentVisualCol = this.state.cursorCol - currentVL.startCol;\n\t\t}\n\n\t\t// For non-last segments, clamp to length-1 to stay within the segment\n\t\tconst isLastSourceSegment =\n\t\t\tcurrentVisualLine === visualLines.length - 1 ||\n\t\t\tvisualLines[currentVisualLine + 1]?.logicalLine !== currentVL.logicalLine;\n\t\tconst sourceMaxVisualCol = isLastSourceSegment ? currentVL.length : Math.max(0, currentVL.length - 1);\n\n\t\tconst isLastTargetSegment =\n\t\t\ttargetVisualLine === visualLines.length - 1 ||\n\t\t\tvisualLines[targetVisualLine + 1]?.logicalLine !== targetVL.logicalLine;\n\t\tconst targetMaxVisualCol = isLastTargetSegment ? targetVL.length : Math.max(0, targetVL.length - 1);\n\n\t\tconst moveToVisualCol = this.computeVerticalMoveColumn(currentVisualCol, sourceMaxVisualCol, targetMaxVisualCol);\n\n\t\t// Set cursor position\n\t\tthis.state.cursorLine = targetVL.logicalLine;\n\t\tconst targetCol = targetVL.startCol + moveToVisualCol;\n\t\tconst logicalLine = this.state.lines[targetVL.logicalLine] || \"\";\n\t\tthis.state.cursorCol = Math.min(targetCol, logicalLine.length);\n\n\t\t// Snap cursor to atomic segment boundary (e.g. paste markers)\n\t\t// so the cursor never lands in the middle of a multi-grapheme unit.\n\t\t// Single-grapheme segments don't need snapping.\n\t\tconst segments = [...this.segment(logicalLine)];\n\t\tfor (const seg of segments) {\n\t\t\tif (seg.index > this.state.cursorCol) break;\n\t\t\tif (seg.segment.length <= 1) continue;\n\t\t\tif (this.state.cursorCol < seg.index + seg.segment.length) {\n\t\t\t\tconst isContinuation = seg.index < targetVL.startCol;\n\t\t\t\tconst isMovingDown = targetVisualLine > currentVisualLine;\n\n\t\t\t\tif (isContinuation && isMovingDown) {\n\t\t\t\t\t// The segment started on a previous visual line, and we\n\t\t\t\t\t// already visited it on the way down. Skip all remaining\n\t\t\t\t\t// continuation VLs and land on the first VL past it.\n\t\t\t\t\tconst segEnd = seg.index + seg.segment.length;\n\t\t\t\t\tlet next = targetVisualLine + 1;\n\t\t\t\t\twhile (\n\t\t\t\t\t\tnext < visualLines.length &&\n\t\t\t\t\t\tvisualLines[next].logicalLine === targetVL.logicalLine &&\n\t\t\t\t\t\tvisualLines[next].startCol < segEnd\n\t\t\t\t\t) {\n\t\t\t\t\t\tnext++;\n\t\t\t\t\t}\n\t\t\t\t\tif (next < visualLines.length) {\n\t\t\t\t\t\tthis.moveToVisualLine(visualLines, currentVisualLine, next);\n\t\t\t\t\t\treturn;\n\t\t\t\t\t}\n\t\t\t\t}\n\n\t\t\t\t// Snap to the start of the segment so it gets highlighted.\n\t\t\t\t// Store the pre-snap position so the next vertical move can\n\t\t\t\t// resolve it to the correct visual column.\n\t\t\t\tthis.snappedFromCursorCol = this.state.cursorCol;\n\t\t\t\tthis.state.cursorCol = seg.index;\n\t\t\t\treturn;\n\t\t\t}\n\t\t}\n\n\t\t// No snap occurred – we moved out of the atomic segment.\n\t\tthis.snappedFromCursorCol = null;\n\t}\n\n\t/**\n\t * Compute the target visual column for vertical cursor movement.\n\t * Implements the sticky column decision table:\n\t *\n\t * | P | S | T | U | Scenario                                             | Set Preferred | Move To     |\n\t * |---|---|---|---| ---------------------------------------------------- |---------------|-------------|\n\t * | 0 | * | 0 | - | Start nav, target fits                               | null          | current     |\n\t * | 0 | * | 1 | - | Start nav, target shorter                            | current       | target end  |\n\t * | 1 | 0 | 0 | 0 | Clamped, target fits preferred                       | null          | preferred   |\n\t * | 1 | 0 | 0 | 1 | Clamped, target longer but still can't fit preferred | keep          | target end  |\n\t * | 1 | 0 | 1 | - | Clamped, target even shorter                         | keep          | target end  |\n\t * | 1 | 1 | 0 | - | Rewrapped, target fits current                       | null          | current     |\n\t * | 1 | 1 | 1 | - | Rewrapped, target shorter than current               | current       | target end  |\n\t *\n\t * Where:\n\t * - P = preferred col is set\n\t * - S = cursor in middle of source line (not clamped to end)\n\t * - T = target line shorter than current visual col\n\t * - U = target line shorter than preferred col\n\t */\n\tprivate computeVerticalMoveColumn(\n\t\tcurrentVisualCol: number,\n\t\tsourceMaxVisualCol: number,\n\t\ttargetMaxVisualCol: number,\n\t): number {\n\t\tconst hasPreferred = this.preferredVisualCol !== null; // P\n\t\tconst cursorInMiddle = currentVisualCol < sourceMaxVisualCol; // S\n\t\tconst targetTooShort = targetMaxVisualCol < currentVisualCol; // T\n\n\t\tif (!hasPreferred || cursorInMiddle) {\n\t\t\tif (targetTooShort) {\n\t\t\t\t// Cases 2 and 7\n\t\t\t\tthis.preferredVisualCol = currentVisualCol;\n\t\t\t\treturn targetMaxVisualCol;\n\t\t\t}\n\n\t\t\t// Cases 1 and 6\n\t\t\tthis.preferredVisualCol = null;\n\t\t\treturn currentVisualCol;\n\t\t}\n\n\t\tconst targetCantFitPreferred = targetMaxVisualCol < this.preferredVisualCol!; // U\n\t\tif (targetTooShort || targetCantFitPreferred) {\n\t\t\t// Cases 4 and 5\n\t\t\treturn targetMaxVisualCol;\n\t\t}\n\n\t\t// Case 3\n\t\tconst result = this.preferredVisualCol!;\n\t\tthis.preferredVisualCol = null;\n\t\treturn result;\n\t}\n\n\tprivate moveToLineStart(): void {\n\t\tthis.lastAction = null;\n\t\tthis.setCursorCol(0);\n\t}\n\n\tprivate moveToLineEnd(): void {\n\t\tthis.lastAction = null;\n\t\tconst currentLine = this.state.lines[this.state.cursorLine] || \"\";\n\t\tthis.setCursorCol(currentLine.length);\n\t}\n\n\tprivate deleteToStartOfLine(): void {\n\t\tthis.historyIndex = -1; // Exit history browsing mode\n\n\t\tconst currentLine = this.state.lines[this.state.cursorLine] || \"\";\n\n\t\tif (this.state.cursorCol > 0) {\n\t\t\tthis.pushUndoSnapshot();\n\n\t\t\t// Calculate text to be deleted and save to kill ring (backward deletion = prepend)\n\t\t\tconst deletedText = currentLine.slice(0, this.state.cursorCol);\n\t\t\tthis.killRing.push(deletedText, { prepend: true, accumulate: this.lastAction === \"kill\" });\n\t\t\tthis.lastAction = \"kill\";\n\n\t\t\t// Delete from start of line up to cursor\n\t\t\tthis.state.lines[this.state.cursorLine] = currentLine.slice(this.state.cursorCol);\n\t\t\tthis.setCursorCol(0);\n\t\t} else if (this.state.cursorLine > 0) {\n\t\t\tthis.pushUndoSnapshot();\n\n\t\t\t// At start of line - merge with previous line, treating newline as deleted text\n\t\t\tthis.killRing.push(\"\\n\", { prepend: true, accumulate: this.lastAction === \"kill\" });\n\t\t\tthis.lastAction = \"kill\";\n\n\t\t\tconst previousLine = this.state.lines[this.state.cursorLine - 1] || \"\";\n\t\t\tthis.state.lines[this.state.cursorLine - 1] = previousLine + currentLine;\n\t\t\tthis.state.lines.splice(this.state.cursorLine, 1);\n\t\t\tthis.state.cursorLine--;\n\t\t\tthis.setCursorCol(previousLine.length);\n\t\t}\n\n\t\tif (this.onChange) {\n\t\t\tthis.onChange(this.getText());\n\t\t}\n\t}\n\n\tprivate deleteToEndOfLine(): void {\n\t\tthis.historyIndex = -1; // Exit history browsing mode\n\n\t\tconst currentLine = this.state.lines[this.state.cursorLine] || \"\";\n\n\t\tif (this.state.cursorCol < currentLine.length) {\n\t\t\tthis.pushUndoSnapshot();\n\n\t\t\t// Calculate text to be deleted and save to kill ring (forward deletion = append)\n\t\t\tconst deletedText = currentLine.slice(this.state.cursorCol);\n\t\t\tthis.killRing.push(deletedText, { prepend: false, accumulate: this.lastAction === \"kill\" });\n\t\t\tthis.lastAction = \"kill\";\n\n\t\t\t// Delete from cursor to end of line\n\t\t\tthis.state.lines[this.state.cursorLine] = currentLine.slice(0, this.state.cursorCol);\n\t\t} else if (this.state.cursorLine < this.state.lines.length - 1) {\n\t\t\tthis.pushUndoSnapshot();\n\n\t\t\t// At end of line - merge with next line, treating newline as deleted text\n\t\t\tthis.killRing.push(\"\\n\", { prepend: false, accumulate: this.lastAction === \"kill\" });\n\t\t\tthis.lastAction = \"kill\";\n\n\t\t\tconst nextLine = this.state.lines[this.state.cursorLine + 1] || \"\";\n\t\t\tthis.state.lines[this.state.cursorLine] = currentLine + nextLine;\n\t\t\tthis.state.lines.splice(this.state.cursorLine + 1, 1);\n\t\t}\n\n\t\tif (this.onChange) {\n\t\t\tthis.onChange(this.getText());\n\t\t}\n\t}\n\n\tprivate deleteWordBackwards(): void {\n\t\tthis.historyIndex = -1; // Exit history browsing mode\n\n\t\tconst currentLine = this.state.lines[this.state.cursorLine] || \"\";\n\n\t\t// If at start of line, behave like backspace at column 0 (merge with previous line)\n\t\tif (this.state.cursorCol === 0) {\n\t\t\tif (this.state.cursorLine > 0) {\n\t\t\t\tthis.pushUndoSnapshot();\n\n\t\t\t\t// Treat newline as deleted text (backward deletion = prepend)\n\t\t\t\tthis.killRing.push(\"\\n\", { prepend: true, accumulate: this.lastAction === \"kill\" });\n\t\t\t\tthis.lastAction = \"kill\";\n\n\t\t\t\tconst previousLine = this.state.lines[this.state.cursorLine - 1] || \"\";\n\t\t\t\tthis.state.lines[this.state.cursorLine - 1] = previousLine + currentLine;\n\t\t\t\tthis.state.lines.splice(this.state.cursorLine, 1);\n\t\t\t\tthis.state.cursorLine--;\n\t\t\t\tthis.setCursorCol(previousLine.length);\n\t\t\t}\n\t\t} else {\n\t\t\tthis.pushUndoSnapshot();\n\n\t\t\t// Save lastAction before cursor movement (moveWordBackwards resets it)\n\t\t\tconst wasKill = this.lastAction === \"kill\";\n\n\t\t\tconst oldCursorCol = this.state.cursorCol;\n\t\t\tthis.moveWordBackwards();\n\t\t\tconst deleteFrom = this.state.cursorCol;\n\t\t\tthis.setCursorCol(oldCursorCol);\n\n\t\t\tconst deletedText = currentLine.slice(deleteFrom, this.state.cursorCol);\n\t\t\tthis.killRing.push(deletedText, { prepend: true, accumulate: wasKill });\n\t\t\tthis.lastAction = \"kill\";\n\n\t\t\tthis.state.lines[this.state.cursorLine] =\n\t\t\t\tcurrentLine.slice(0, deleteFrom) + currentLine.slice(this.state.cursorCol);\n\t\t\tthis.setCursorCol(deleteFrom);\n\t\t}\n\n\t\tif (this.onChange) {\n\t\t\tthis.onChange(this.getText());\n\t\t}\n\t}\n\n\tprivate deleteWordForward(): void {\n\t\tthis.historyIndex = -1; // Exit history browsing mode\n\n\t\tconst currentLine = this.state.lines[this.state.cursorLine] || \"\";\n\n\t\t// If at end of line, merge with next line (delete the newline)\n\t\tif (this.state.cursorCol >= currentLine.length) {\n\t\t\tif (this.state.cursorLine < this.state.lines.length - 1) {\n\t\t\t\tthis.pushUndoSnapshot();\n\n\t\t\t\t// Treat newline as deleted text (forward deletion = append)\n\t\t\t\tthis.killRing.push(\"\\n\", { prepend: false, accumulate: this.lastAction === \"kill\" });\n\t\t\t\tthis.lastAction = \"kill\";\n\n\t\t\t\tconst nextLine = this.state.lines[this.state.cursorLine + 1] || \"\";\n\t\t\t\tthis.state.lines[this.state.cursorLine] = currentLine + nextLine;\n\t\t\t\tthis.state.lines.splice(this.state.cursorLine + 1, 1);\n\t\t\t}\n\t\t} else {\n\t\t\tthis.pushUndoSnapshot();\n\n\t\t\t// Save lastAction before cursor movement (moveWordForwards resets it)\n\t\t\tconst wasKill = this.lastAction === \"kill\";\n\n\t\t\tconst oldCursorCol = this.state.cursorCol;\n\t\t\tthis.moveWordForwards();\n\t\t\tconst deleteTo = this.state.cursorCol;\n\t\t\tthis.setCursorCol(oldCursorCol);\n\n\t\t\tconst deletedText = currentLine.slice(this.state.cursorCol, deleteTo);\n\t\t\tthis.killRing.push(deletedText, { prepend: false, accumulate: wasKill });\n\t\t\tthis.lastAction = \"kill\";\n\n\t\t\tthis.state.lines[this.state.cursorLine] =\n\t\t\t\tcurrentLine.slice(0, this.state.cursorCol) + currentLine.slice(deleteTo);\n\t\t}\n\n\t\tif (this.onChange) {\n\t\t\tthis.onChange(this.getText());\n\t\t}\n\t}\n\n\tprivate handleForwardDelete(): void {\n\t\tthis.historyIndex = -1; // Exit history browsing mode\n\t\tthis.lastAction = null;\n\n\t\tconst currentLine = this.state.lines[this.state.cursorLine] || \"\";\n\n\t\tif (this.state.cursorCol < currentLine.length) {\n\t\t\tthis.pushUndoSnapshot();\n\n\t\t\t// Delete grapheme at cursor position (handles emojis, combining characters, etc.)\n\t\t\tconst afterCursor = currentLine.slice(this.state.cursorCol);\n\n\t\t\t// Find the first grapheme at cursor\n\t\t\tconst graphemes = [...this.segment(afterCursor)];\n\t\t\tconst firstGrapheme = graphemes[0];\n\t\t\tconst graphemeLength = firstGrapheme ? firstGrapheme.segment.length : 1;\n\n\t\t\tconst before = currentLine.slice(0, this.state.cursorCol);\n\t\t\tconst after = currentLine.slice(this.state.cursorCol + graphemeLength);\n\t\t\tthis.state.lines[this.state.cursorLine] = before + after;\n\t\t} else if (this.state.cursorLine < this.state.lines.length - 1) {\n\t\t\tthis.pushUndoSnapshot();\n\n\t\t\t// At end of line - merge with next line\n\t\t\tconst nextLine = this.state.lines[this.state.cursorLine + 1] || \"\";\n\t\t\tthis.state.lines[this.state.cursorLine] = currentLine + nextLine;\n\t\t\tthis.state.lines.splice(this.state.cursorLine + 1, 1);\n\t\t}\n\n\t\tif (this.onChange) {\n\t\t\tthis.onChange(this.getText());\n\t\t}\n\n\t\t// Update or re-trigger autocomplete after forward delete\n\t\tif (this.autocompleteState) {\n\t\t\tthis.updateAutocomplete();\n\t\t} else {\n\t\t\tconst currentLine = this.state.lines[this.state.cursorLine] || \"\";\n\t\t\tconst textBeforeCursor = currentLine.slice(0, this.state.cursorCol);\n\t\t\t// Slash command context\n\t\t\tif (this.isInSlashCommandContext(textBeforeCursor)) {\n\t\t\t\tthis.tryTriggerAutocomplete();\n\t\t\t}\n\t\t\t// Symbol-based completion context like @ or #\n\t\t\telse if (textBeforeCursor.match(/(?:^|[\\s])[@#][^\\s]*$/)) {\n\t\t\t\tthis.tryTriggerAutocomplete();\n\t\t\t}\n\t\t}\n\t}\n\n\t/**\n\t * Build a mapping from visual lines to logical positions.\n\t * Returns an array where each element represents a visual line with:\n\t * - logicalLine: index into this.state.lines\n\t * - startCol: starting column in the logical line\n\t * - length: length of this visual line segment\n\t */\n\tprivate buildVisualLineMap(width: number): Array<{ logicalLine: number; startCol: number; length: number }> {\n\t\tconst visualLines: Array<{ logicalLine: number; startCol: number; length: number }> = [];\n\n\t\tfor (let i = 0; i < this.state.lines.length; i++) {\n\t\t\tconst line = this.state.lines[i] || \"\";\n\t\t\tconst lineVisWidth = visibleWidth(line);\n\t\t\tif (line.length === 0) {\n\t\t\t\t// Empty line still takes one visual line\n\t\t\t\tvisualLines.push({ logicalLine: i, startCol: 0, length: 0 });\n\t\t\t} else if (lineVisWidth <= width) {\n\t\t\t\tvisualLines.push({ logicalLine: i, startCol: 0, length: line.length });\n\t\t\t} else {\n\t\t\t\t// Line needs wrapping - use word-aware wrapping\n\t\t\t\tconst chunks = wordWrapLine(line, width, [...this.segment(line)]);\n\t\t\t\tfor (const chunk of chunks) {\n\t\t\t\t\tvisualLines.push({\n\t\t\t\t\t\tlogicalLine: i,\n\t\t\t\t\t\tstartCol: chunk.startIndex,\n\t\t\t\t\t\tlength: chunk.endIndex - chunk.startIndex,\n\t\t\t\t\t});\n\t\t\t\t}\n\t\t\t}\n\t\t}\n\n\t\treturn visualLines;\n\t}\n\n\t/**\n\t * Find the visual line index that contains the given logical position.\n\t */\n\tprivate findVisualLineAt(\n\t\tvisualLines: Array<{ logicalLine: number; startCol: number; length: number }>,\n\t\tline: number,\n\t\tcol: number,\n\t): number {\n\t\tfor (let i = 0; i < visualLines.length; i++) {\n\t\t\tconst vl = visualLines[i];\n\t\t\tif (!vl || vl.logicalLine !== line) continue;\n\t\t\tconst offset = col - vl.startCol;\n\t\t\t// Cursor is in this segment if it's within range. For the last\n\t\t\t// segment of a logical line, cursor can be at length (end position)\n\t\t\tconst isLastSegmentOfLine = i === visualLines.length - 1 || visualLines[i + 1]?.logicalLine !== vl.logicalLine;\n\t\t\tif (offset >= 0 && (offset < vl.length || (isLastSegmentOfLine && offset === vl.length))) {\n\t\t\t\treturn i;\n\t\t\t}\n\t\t}\n\t\treturn visualLines.length - 1;\n\t}\n\n\t/**\n\t * Find the visual line index for the current cursor position.\n\t */\n\tprivate findCurrentVisualLine(\n\t\tvisualLines: Array<{ logicalLine: number; startCol: number; length: number }>,\n\t): number {\n\t\treturn this.findVisualLineAt(visualLines, this.state.cursorLine, this.state.cursorCol);\n\t}\n\n\tprivate moveCursor(deltaLine: number, deltaCol: number): void {\n\t\tthis.lastAction = null;\n\t\tconst visualLines = this.buildVisualLineMap(this.lastWidth);\n\t\tconst currentVisualLine = this.findCurrentVisualLine(visualLines);\n\n\t\tif (deltaLine !== 0) {\n\t\t\tconst targetVisualLine = currentVisualLine + deltaLine;\n\n\t\t\tif (targetVisualLine >= 0 && targetVisualLine < visualLines.length) {\n\t\t\t\tthis.moveToVisualLine(visualLines, currentVisualLine, targetVisualLine);\n\t\t\t}\n\t\t}\n\n\t\tif (deltaCol !== 0) {\n\t\t\tconst currentLine = this.state.lines[this.state.cursorLine] || \"\";\n\n\t\t\tif (deltaCol > 0) {\n\t\t\t\t// Moving right - move by one grapheme (handles emojis, combining characters, etc.)\n\t\t\t\tif (this.state.cursorCol < currentLine.length) {\n\t\t\t\t\tconst afterCursor = currentLine.slice(this.state.cursorCol);\n\t\t\t\t\tconst graphemes = [...this.segment(afterCursor)];\n\t\t\t\t\tconst firstGrapheme = graphemes[0];\n\t\t\t\t\tthis.setCursorCol(this.state.cursorCol + (firstGrapheme ? firstGrapheme.segment.length : 1));\n\t\t\t\t} else if (this.state.cursorLine < this.state.lines.length - 1) {\n\t\t\t\t\t// Wrap to start of next logical line\n\t\t\t\t\tthis.state.cursorLine++;\n\t\t\t\t\tthis.setCursorCol(0);\n\t\t\t\t} else {\n\t\t\t\t\t// At end of last line - can't move, but set preferredVisualCol for up/down navigation\n\t\t\t\t\tconst currentVL = visualLines[currentVisualLine];\n\t\t\t\t\tif (currentVL) {\n\t\t\t\t\t\tthis.preferredVisualCol = this.state.cursorCol - currentVL.startCol;\n\t\t\t\t\t}\n\t\t\t\t}\n\t\t\t} else {\n\t\t\t\t// Moving left - move by one grapheme (handles emojis, combining characters, etc.)\n\t\t\t\tif (this.state.cursorCol > 0) {\n\t\t\t\t\tconst beforeCursor = currentLine.slice(0, this.state.cursorCol);\n\t\t\t\t\tconst graphemes = [...this.segment(beforeCursor)];\n\t\t\t\t\tconst lastGrapheme = graphemes[graphemes.length - 1];\n\t\t\t\t\tthis.setCursorCol(this.state.cursorCol - (lastGrapheme ? lastGrapheme.segment.length : 1));\n\t\t\t\t} else if (this.state.cursorLine > 0) {\n\t\t\t\t\t// Wrap to end of previous logical line\n\t\t\t\t\tthis.state.cursorLine--;\n\t\t\t\t\tconst prevLine = this.state.lines[this.state.cursorLine] || \"\";\n\t\t\t\t\tthis.setCursorCol(prevLine.length);\n\t\t\t\t}\n\t\t\t}\n\t\t}\n\t}\n\n\t/**\n\t * Scroll by a page (direction: -1 for up, 1 for down).\n\t * Moves cursor by the page size while keeping it in bounds.\n\t */\n\tprivate pageScroll(direction: -1 | 1): void {\n\t\tthis.lastAction = null;\n\t\tconst terminalRows = this.tui.terminal.rows;\n\t\tconst pageSize = Math.max(5, Math.floor(terminalRows * 0.3));\n\n\t\tconst visualLines = this.buildVisualLineMap(this.lastWidth);\n\t\tconst currentVisualLine = this.findCurrentVisualLine(visualLines);\n\t\tconst targetVisualLine = Math.max(0, Math.min(visualLines.length - 1, currentVisualLine + direction * pageSize));\n\n\t\tthis.moveToVisualLine(visualLines, currentVisualLine, targetVisualLine);\n\t}\n\n\tprivate moveWordBackwards(): void {\n\t\tthis.lastAction = null;\n\t\tconst currentLine = this.state.lines[this.state.cursorLine] || \"\";\n\n\t\t// If at start of line, move to end of previous line\n\t\tif (this.state.cursorCol === 0) {\n\t\t\tif (this.state.cursorLine > 0) {\n\t\t\t\tthis.state.cursorLine--;\n\t\t\t\tconst prevLine = this.state.lines[this.state.cursorLine] || \"\";\n\t\t\t\tthis.setCursorCol(prevLine.length);\n\t\t\t}\n\t\t\treturn;\n\t\t}\n\n\t\tconst textBeforeCursor = currentLine.slice(0, this.state.cursorCol);\n\t\tconst graphemes = [...this.segment(textBeforeCursor)];\n\t\tlet newCol = this.state.cursorCol;\n\n\t\t// Skip trailing whitespace\n\t\twhile (\n\t\t\tgraphemes.length > 0 &&\n\t\t\t!isPasteMarker(graphemes[graphemes.length - 1]?.segment || \"\") &&\n\t\t\tisWhitespaceChar(graphemes[graphemes.length - 1]?.segment || \"\")\n\t\t) {\n\t\t\tnewCol -= graphemes.pop()?.segment.length || 0;\n\t\t}\n\n\t\tif (graphemes.length > 0) {\n\t\t\tconst lastGrapheme = graphemes[graphemes.length - 1]?.segment || \"\";\n\t\t\tif (isPasteMarker(lastGrapheme)) {\n\t\t\t\t// Paste marker is a single atomic word\n\t\t\t\tnewCol -= graphemes.pop()?.segment.length || 0;\n\t\t\t} else if (isPunctuationChar(lastGrapheme)) {\n\t\t\t\t// Skip punctuation run\n\t\t\t\twhile (\n\t\t\t\t\tgraphemes.length > 0 &&\n\t\t\t\t\tisPunctuationChar(graphemes[graphemes.length - 1]?.segment || \"\") &&\n\t\t\t\t\t!isPasteMarker(graphemes[graphemes.length - 1]?.segment || \"\")\n\t\t\t\t) {\n\t\t\t\t\tnewCol -= graphemes.pop()?.segment.length || 0;\n\t\t\t\t}\n\t\t\t} else {\n\t\t\t\t// Skip word run\n\t\t\t\twhile (\n\t\t\t\t\tgraphemes.length > 0 &&\n\t\t\t\t\t!isWhitespaceChar(graphemes[graphemes.length - 1]?.segment || \"\") &&\n\t\t\t\t\t!isPunctuationChar(graphemes[graphemes.length - 1]?.segment || \"\") &&\n\t\t\t\t\t!isPasteMarker(graphemes[graphemes.length - 1]?.segment || \"\")\n\t\t\t\t) {\n\t\t\t\t\tnewCol -= graphemes.pop()?.segment.length || 0;\n\t\t\t\t}\n\t\t\t}\n\t\t}\n\n\t\tthis.setCursorCol(newCol);\n\t}\n\n\t/**\n\t * Yank (paste) the most recent kill ring entry at cursor position.\n\t */\n\tprivate yank(): void {\n\t\tif (this.killRing.length === 0) return;\n\n\t\tthis.pushUndoSnapshot();\n\n\t\tconst text = this.killRing.peek()!;\n\t\tthis.insertYankedText(text);\n\n\t\tthis.lastAction = \"yank\";\n\t}\n\n\t/**\n\t * Cycle through kill ring (only works immediately after yank or yank-pop).\n\t * Replaces the last yanked text with the previous entry in the ring.\n\t */\n\tprivate yankPop(): void {\n\t\t// Only works if we just yanked and have more than one entry\n\t\tif (this.lastAction !== \"yank\" || this.killRing.length <= 1) return;\n\n\t\tthis.pushUndoSnapshot();\n\n\t\t// Delete the previously yanked text (still at end of ring before rotation)\n\t\tthis.deleteYankedText();\n\n\t\t// Rotate the ring: move end to front\n\t\tthis.killRing.rotate();\n\n\t\t// Insert the new most recent entry (now at end after rotation)\n\t\tconst text = this.killRing.peek()!;\n\t\tthis.insertYankedText(text);\n\n\t\tthis.lastAction = \"yank\";\n\t}\n\n\t/**\n\t * Insert text at cursor position (used by yank operations).\n\t */\n\tprivate insertYankedText(text: string): void {\n\t\tthis.historyIndex = -1; // Exit history browsing mode\n\t\tconst lines = text.split(\"\\n\");\n\n\t\tif (lines.length === 1) {\n\t\t\t// Single line - insert at cursor\n\t\t\tconst currentLine = this.state.lines[this.state.cursorLine] || \"\";\n\t\t\tconst before = currentLine.slice(0, this.state.cursorCol);\n\t\t\tconst after = currentLine.slice(this.state.cursorCol);\n\t\t\tthis.state.lines[this.state.cursorLine] = before + text + after;\n\t\t\tthis.setCursorCol(this.state.cursorCol + text.length);\n\t\t} else {\n\t\t\t// Multi-line insert\n\t\t\tconst currentLine = this.state.lines[this.state.cursorLine] || \"\";\n\t\t\tconst before = currentLine.slice(0, this.state.cursorCol);\n\t\t\tconst after = currentLine.slice(this.state.cursorCol);\n\n\t\t\t// First line merges with text before cursor\n\t\t\tthis.state.lines[this.state.cursorLine] = before + (lines[0] || \"\");\n\n\t\t\t// Insert middle lines\n\t\t\tfor (let i = 1; i < lines.length - 1; i++) {\n\t\t\t\tthis.state.lines.splice(this.state.cursorLine + i, 0, lines[i] || \"\");\n\t\t\t}\n\n\t\t\t// Last line merges with text after cursor\n\t\t\tconst lastLineIndex = this.state.cursorLine + lines.length - 1;\n\t\t\tthis.state.lines.splice(lastLineIndex, 0, (lines[lines.length - 1] || \"\") + after);\n\n\t\t\t// Update cursor position\n\t\t\tthis.state.cursorLine = lastLineIndex;\n\t\t\tthis.setCursorCol((lines[lines.length - 1] || \"\").length);\n\t\t}\n\n\t\tif (this.onChange) {\n\t\t\tthis.onChange(this.getText());\n\t\t}\n\t}\n\n\t/**\n\t * Delete the previously yanked text (used by yank-pop).\n\t * The yanked text is derived from killRing[end] since it hasn't been rotated yet.\n\t */\n\tprivate deleteYankedText(): void {\n\t\tconst yankedText = this.killRing.peek();\n\t\tif (!yankedText) return;\n\n\t\tconst yankLines = yankedText.split(\"\\n\");\n\n\t\tif (yankLines.length === 1) {\n\t\t\t// Single line - delete backward from cursor\n\t\t\tconst currentLine = this.state.lines[this.state.cursorLine] || \"\";\n\t\t\tconst deleteLen = yankedText.length;\n\t\t\tconst before = currentLine.slice(0, this.state.cursorCol - deleteLen);\n\t\t\tconst after = currentLine.slice(this.state.cursorCol);\n\t\t\tthis.state.lines[this.state.cursorLine] = before + after;\n\t\t\tthis.setCursorCol(this.state.cursorCol - deleteLen);\n\t\t} else {\n\t\t\t// Multi-line delete - cursor is at end of last yanked line\n\t\t\tconst startLine = this.state.cursorLine - (yankLines.length - 1);\n\t\t\tconst startCol = (this.state.lines[startLine] || \"\").length - (yankLines[0] || \"\").length;\n\n\t\t\t// Get text after cursor on current line\n\t\t\tconst afterCursor = (this.state.lines[this.state.cursorLine] || \"\").slice(this.state.cursorCol);\n\n\t\t\t// Get text before yank start position\n\t\t\tconst beforeYank = (this.state.lines[startLine] || \"\").slice(0, startCol);\n\n\t\t\t// Remove all lines from startLine to cursorLine and replace with merged line\n\t\t\tthis.state.lines.splice(startLine, yankLines.length, beforeYank + afterCursor);\n\n\t\t\t// Update cursor\n\t\t\tthis.state.cursorLine = startLine;\n\t\t\tthis.setCursorCol(startCol);\n\t\t}\n\n\t\tif (this.onChange) {\n\t\t\tthis.onChange(this.getText());\n\t\t}\n\t}\n\n\tprivate pushUndoSnapshot(): void {\n\t\tthis.undoStack.push(this.state);\n\t}\n\n\tprivate undo(): void {\n\t\tthis.historyIndex = -1; // Exit history browsing mode\n\t\tconst snapshot = this.undoStack.pop();\n\t\tif (!snapshot) return;\n\t\tObject.assign(this.state, snapshot);\n\t\tthis.lastAction = null;\n\t\tthis.preferredVisualCol = null;\n\t\tif (this.onChange) {\n\t\t\tthis.onChange(this.getText());\n\t\t}\n\t}\n\n\t/**\n\t * Jump to the first occurrence of a character in the specified direction.\n\t * Multi-line search. Case-sensitive. Skips the current cursor position.\n\t */\n\tprivate jumpToChar(char: string, direction: \"forward\" | \"backward\"): void {\n\t\tthis.lastAction = null;\n\t\tconst isForward = direction === \"forward\";\n\t\tconst lines = this.state.lines;\n\n\t\tconst end = isForward ? lines.length : -1;\n\t\tconst step = isForward ? 1 : -1;\n\n\t\tfor (let lineIdx = this.state.cursorLine; lineIdx !== end; lineIdx += step) {\n\t\t\tconst line = lines[lineIdx] || \"\";\n\t\t\tconst isCurrentLine = lineIdx === this.state.cursorLine;\n\n\t\t\t// Current line: start after/before cursor; other lines: search full line\n\t\t\tconst searchFrom = isCurrentLine\n\t\t\t\t? isForward\n\t\t\t\t\t? this.state.cursorCol + 1\n\t\t\t\t\t: this.state.cursorCol - 1\n\t\t\t\t: undefined;\n\n\t\t\tconst idx = isForward ? line.indexOf(char, searchFrom) : line.lastIndexOf(char, searchFrom);\n\n\t\t\tif (idx !== -1) {\n\t\t\t\tthis.state.cursorLine = lineIdx;\n\t\t\t\tthis.setCursorCol(idx);\n\t\t\t\treturn;\n\t\t\t}\n\t\t}\n\t\t// No match found - cursor stays in place\n\t}\n\n\tprivate moveWordForwards(): void {\n\t\tthis.lastAction = null;\n\t\tconst currentLine = this.state.lines[this.state.cursorLine] || \"\";\n\n\t\t// If at end of line, move to start of next line\n\t\tif (this.state.cursorCol >= currentLine.length) {\n\t\t\tif (this.state.cursorLine < this.state.lines.length - 1) {\n\t\t\t\tthis.state.cursorLine++;\n\t\t\t\tthis.setCursorCol(0);\n\t\t\t}\n\t\t\treturn;\n\t\t}\n\n\t\tconst textAfterCursor = currentLine.slice(this.state.cursorCol);\n\t\tconst segments = this.segment(textAfterCursor);\n\t\tconst iterator = segments[Symbol.iterator]();\n\t\tlet next = iterator.next();\n\t\tlet newCol = this.state.cursorCol;\n\n\t\t// Skip leading whitespace\n\t\twhile (!next.done && !isPasteMarker(next.value.segment) && isWhitespaceChar(next.value.segment)) {\n\t\t\tnewCol += next.value.segment.length;\n\t\t\tnext = iterator.next();\n\t\t}\n\n\t\tif (!next.done) {\n\t\t\tconst firstGrapheme = next.value.segment;\n\t\t\tif (isPasteMarker(firstGrapheme)) {\n\t\t\t\t// Paste marker is a single atomic word\n\t\t\t\tnewCol += firstGrapheme.length;\n\t\t\t} else if (isPunctuationChar(firstGrapheme)) {\n\t\t\t\t// Skip punctuation run\n\t\t\t\twhile (!next.done && isPunctuationChar(next.value.segment) && !isPasteMarker(next.value.segment)) {\n\t\t\t\t\tnewCol += next.value.segment.length;\n\t\t\t\t\tnext = iterator.next();\n\t\t\t\t}\n\t\t\t} else {\n\t\t\t\t// Skip word run\n\t\t\t\twhile (\n\t\t\t\t\t!next.done &&\n\t\t\t\t\t!isWhitespaceChar(next.value.segment) &&\n\t\t\t\t\t!isPunctuationChar(next.value.segment) &&\n\t\t\t\t\t!isPasteMarker(next.value.segment)\n\t\t\t\t) {\n\t\t\t\t\tnewCol += next.value.segment.length;\n\t\t\t\t\tnext = iterator.next();\n\t\t\t\t}\n\t\t\t}\n\t\t}\n\n\t\tthis.setCursorCol(newCol);\n\t}\n\n\t// Slash menu only allowed on the first line of the editor\n\tprivate isSlashMenuAllowed(): boolean {\n\t\treturn this.state.cursorLine === 0;\n\t}\n\n\t// Helper method to check if cursor is at start of message (for slash command detection)\n\tprivate isAtStartOfMessage(): boolean {\n\t\tif (!this.isSlashMenuAllowed()) return false;\n\t\tconst currentLine = this.state.lines[this.state.cursorLine] || \"\";\n\t\tconst beforeCursor = currentLine.slice(0, this.state.cursorCol);\n\t\treturn beforeCursor.trim() === \"\" || beforeCursor.trim() === \"/\";\n\t}\n\n\tprivate isInSlashCommandContext(textBeforeCursor: string): boolean {\n\t\treturn this.isSlashMenuAllowed() && textBeforeCursor.trimStart().startsWith(\"/\");\n\t}\n\n\t// Autocomplete methods\n\t/**\n\t * Find the best autocomplete item index for the given prefix.\n\t * Returns -1 if no match is found.\n\t *\n\t * Match priority:\n\t * 1. Exact match (prefix === item.value) -> always selected\n\t * 2. Prefix match -> first item whose value starts with prefix\n\t * 3. No match -> -1 (keep default highlight)\n\t *\n\t * Matching is case-sensitive and checks item.value only.\n\t */\n\tprivate getBestAutocompleteMatchIndex(items: Array<{ value: string; label: string }>, prefix: string): number {\n\t\tif (!prefix) return -1;\n\n\t\tlet firstPrefixIndex = -1;\n\n\t\tfor (let i = 0; i < items.length; i++) {\n\t\t\tconst value = items[i]!.value;\n\t\t\tif (value === prefix) {\n\t\t\t\treturn i; // Exact match always wins\n\t\t\t}\n\t\t\tif (firstPrefixIndex === -1 && value.startsWith(prefix)) {\n\t\t\t\tfirstPrefixIndex = i;\n\t\t\t}\n\t\t}\n\n\t\treturn firstPrefixIndex;\n\t}\n\n\tprivate createAutocompleteList(\n\t\tprefix: string,\n\t\titems: Array<{ value: string; label: string; description?: string }>,\n\t): SelectList {\n\t\tconst layout = prefix.startsWith(\"/\") ? SLASH_COMMAND_SELECT_LIST_LAYOUT : undefined;\n\t\treturn new SelectList(items, this.autocompleteMaxVisible, this.theme.selectList, layout);\n\t}\n\n\tprivate tryTriggerAutocomplete(explicitTab: boolean = false): void {\n\t\tthis.requestAutocomplete({ force: false, explicitTab });\n\t}\n\n\tprivate handleTabCompletion(): void {\n\t\tif (!this.autocompleteProvider) return;\n\n\t\tconst currentLine = this.state.lines[this.state.cursorLine] || \"\";\n\t\tconst beforeCursor = currentLine.slice(0, this.state.cursorCol);\n\n\t\tif (this.isInSlashCommandContext(beforeCursor) && !beforeCursor.trimStart().includes(\" \")) {\n\t\t\tthis.handleSlashCommandCompletion();\n\t\t} else {\n\t\t\tthis.forceFileAutocomplete(true);\n\t\t}\n\t}\n\n\tprivate handleSlashCommandCompletion(): void {\n\t\tthis.requestAutocomplete({ force: false, explicitTab: true });\n\t}\n\n\tprivate forceFileAutocomplete(explicitTab: boolean = false): void {\n\t\tthis.requestAutocomplete({ force: true, explicitTab });\n\t}\n\n\tprivate requestAutocomplete(options: { force: boolean; explicitTab: boolean }): void {\n\t\tif (!this.autocompleteProvider) return;\n\n\t\tif (options.force) {\n\t\t\tconst shouldTrigger =\n\t\t\t\t!this.autocompleteProvider.shouldTriggerFileCompletion ||\n\t\t\t\tthis.autocompleteProvider.shouldTriggerFileCompletion(\n\t\t\t\t\tthis.state.lines,\n\t\t\t\t\tthis.state.cursorLine,\n\t\t\t\t\tthis.state.cursorCol,\n\t\t\t\t);\n\t\t\tif (!shouldTrigger) {\n\t\t\t\treturn;\n\t\t\t}\n\t\t}\n\n\t\tthis.cancelAutocompleteRequest();\n\t\tconst startToken = ++this.autocompleteStartToken;\n\n\t\tconst debounceMs = this.getAutocompleteDebounceMs(options);\n\t\tif (debounceMs > 0) {\n\t\t\tthis.autocompleteDebounceTimer = setTimeout(() => {\n\t\t\t\tthis.autocompleteDebounceTimer = undefined;\n\t\t\t\tvoid this.startAutocompleteRequest(startToken, options);\n\t\t\t}, debounceMs);\n\t\t\treturn;\n\t\t}\n\n\t\tvoid this.startAutocompleteRequest(startToken, options);\n\t}\n\n\tprivate async startAutocompleteRequest(\n\t\tstartToken: number,\n\t\toptions: { force: boolean; explicitTab: boolean },\n\t): Promise<void> {\n\t\tconst previousTask = this.autocompleteRequestTask;\n\t\tthis.autocompleteRequestTask = (async () => {\n\t\t\tawait previousTask;\n\t\t\tif (startToken !== this.autocompleteStartToken || !this.autocompleteProvider) {\n\t\t\t\treturn;\n\t\t\t}\n\n\t\t\tconst controller = new AbortController();\n\t\t\tthis.autocompleteAbort = controller;\n\t\t\tconst requestId = ++this.autocompleteRequestId;\n\t\t\tconst snapshotText = this.getText();\n\t\t\tconst snapshotLine = this.state.cursorLine;\n\t\t\tconst snapshotCol = this.state.cursorCol;\n\n\t\t\tawait this.runAutocompleteRequest(requestId, controller, snapshotText, snapshotLine, snapshotCol, options);\n\t\t})();\n\t\tawait this.autocompleteRequestTask;\n\t}\n\n\tprivate getAutocompleteDebounceMs(options: { force: boolean; explicitTab: boolean }): number {\n\t\tif (options.explicitTab || options.force) {\n\t\t\treturn 0;\n\t\t}\n\n\t\tconst currentLine = this.state.lines[this.state.cursorLine] || \"\";\n\t\tconst textBeforeCursor = currentLine.slice(0, this.state.cursorCol);\n\t\tconst isSymbolAutocompleteContext = /(?:^|[ \\t])(?:@(?:\"[^\"]*|[^\\s]*)|#[^\\s]*)$/.test(textBeforeCursor);\n\t\treturn isSymbolAutocompleteContext ? ATTACHMENT_AUTOCOMPLETE_DEBOUNCE_MS : 0;\n\t}\n\n\tprivate async runAutocompleteRequest(\n\t\trequestId: number,\n\t\tcontroller: AbortController,\n\t\tsnapshotText: string,\n\t\tsnapshotLine: number,\n\t\tsnapshotCol: number,\n\t\toptions: { force: boolean; explicitTab: boolean },\n\t): Promise<void> {\n\t\tif (!this.autocompleteProvider) return;\n\n\t\tconst suggestions = await this.autocompleteProvider.getSuggestions(\n\t\t\tthis.state.lines,\n\t\t\tthis.state.cursorLine,\n\t\t\tthis.state.cursorCol,\n\t\t\t{ signal: controller.signal, force: options.force },\n\t\t);\n\n\t\tif (!this.isAutocompleteRequestCurrent(requestId, controller, snapshotText, snapshotLine, snapshotCol)) {\n\t\t\treturn;\n\t\t}\n\n\t\tthis.autocompleteAbort = undefined;\n\n\t\tif (!suggestions || !Array.isArray(suggestions.items) || suggestions.items.length === 0) {\n\t\t\tthis.cancelAutocomplete();\n\t\t\tthis.tui.requestRender();\n\t\t\treturn;\n\t\t}\n\n\t\tif (options.force && options.explicitTab && suggestions.items.length === 1) {\n\t\t\tconst item = suggestions.items[0]!;\n\t\t\tthis.pushUndoSnapshot();\n\t\t\tthis.lastAction = null;\n\t\t\tconst result = this.autocompleteProvider.applyCompletion(\n\t\t\t\tthis.state.lines,\n\t\t\t\tthis.state.cursorLine,\n\t\t\t\tthis.state.cursorCol,\n\t\t\t\titem,\n\t\t\t\tsuggestions.prefix,\n\t\t\t);\n\t\t\tthis.state.lines = result.lines;\n\t\t\tthis.state.cursorLine = result.cursorLine;\n\t\t\tthis.setCursorCol(result.cursorCol);\n\t\t\tif (this.onChange) this.onChange(this.getText());\n\t\t\tthis.tui.requestRender();\n\t\t\treturn;\n\t\t}\n\n\t\tthis.applyAutocompleteSuggestions(suggestions, options.force ? \"force\" : \"regular\");\n\t\tthis.tui.requestRender();\n\t}\n\n\tprivate isAutocompleteRequestCurrent(\n\t\trequestId: number,\n\t\tcontroller: AbortController,\n\t\tsnapshotText: string,\n\t\tsnapshotLine: number,\n\t\tsnapshotCol: number,\n\t): boolean {\n\t\treturn (\n\t\t\t!controller.signal.aborted &&\n\t\t\trequestId === this.autocompleteRequestId &&\n\t\t\tthis.getText() === snapshotText &&\n\t\t\tthis.state.cursorLine === snapshotLine &&\n\t\t\tthis.state.cursorCol === snapshotCol\n\t\t);\n\t}\n\n\tprivate applyAutocompleteSuggestions(suggestions: AutocompleteSuggestions, state: \"regular\" | \"force\"): void {\n\t\tthis.autocompletePrefix = suggestions.prefix;\n\t\tthis.autocompleteList = this.createAutocompleteList(suggestions.prefix, suggestions.items);\n\n\t\tconst bestMatchIndex = this.getBestAutocompleteMatchIndex(suggestions.items, suggestions.prefix);\n\t\tif (bestMatchIndex >= 0) {\n\t\t\tthis.autocompleteList.setSelectedIndex(bestMatchIndex);\n\t\t}\n\n\t\tthis.autocompleteState = state;\n\t}\n\n\tprivate cancelAutocompleteRequest(): void {\n\t\tthis.autocompleteStartToken += 1;\n\t\tif (this.autocompleteDebounceTimer) {\n\t\t\tclearTimeout(this.autocompleteDebounceTimer);\n\t\t\tthis.autocompleteDebounceTimer = undefined;\n\t\t}\n\t\tthis.autocompleteAbort?.abort();\n\t\tthis.autocompleteAbort = undefined;\n\t}\n\n\tprivate clearAutocompleteUi(): void {\n\t\tthis.autocompleteState = null;\n\t\tthis.autocompleteList = undefined;\n\t\tthis.autocompletePrefix = \"\";\n\t}\n\n\tprivate cancelAutocomplete(): void {\n\t\tthis.cancelAutocompleteRequest();\n\t\tthis.clearAutocompleteUi();\n\t}\n\n\tpublic isShowingAutocomplete(): boolean {\n\t\treturn this.autocompleteState !== null;\n\t}\n\n\tprivate updateAutocomplete(): void {\n\t\tif (!this.autocompleteState || !this.autocompleteProvider) return;\n\t\tthis.requestAutocomplete({ force: this.autocompleteState === \"force\", explicitTab: false });\n\t}\n}\n"]}
node_modules/@earendil-works/pi-tui/dist/components/markdown.js.map:1:{"version":3,"file":"markdown.js","sourceRoot":"","sources":["../../src/components/markdown.ts"],"names":[],"mappings":"AAAA,OAAO,EAAE,MAAM,EAAc,SAAS,EAAe,MAAM,QAAQ,CAAC;AACpE,OAAO,EAAE,eAAe,EAAE,SAAS,EAAE,WAAW,EAAE,MAAM,sBAAsB,CAAC;AAE/E,OAAO,EAAE,qBAAqB,EAAE,YAAY,EAAE,gBAAgB,EAAE,MAAM,aAAa,CAAC;AAEpF,MAAM,0BAA0B,GAAG,8DAA8D,CAAC;AAElG,MAAM,4BAA6B,SAAQ,SAAS;IAC1C,GAAG,CAAC,GAAW,EAA0B;QACjD,MAAM,KAAK,GAAG,0BAA0B,CAAC,IAAI,CAAC,GAAG,CAAC,CAAC;QACnD,IAAI,CAAC,KAAK,EAAE,CAAC;YACZ,OAAO,SAAS,CAAC;QAClB,CAAC;QAED,MAAM,IAAI,GAAG,KAAK,CAAC,CAAC,CAAC,CAAC;QACtB,OAAO;YACN,IAAI,EAAE,KAAK;YACX,GAAG,EAAE,KAAK,CAAC,CAAC,CAAC;YACb,IAAI;YACJ,MAAM,EAAE,IAAI,CAAC,KAAK,CAAC,YAAY,CAAC,IAAI,CAAC;SACrC,CAAC;IAAA,CACF;CACD;AAED,MAAM,cAAc,GAAG,IAAI,MAAM,EAAE,CAAC;AACpC,cAAc,CAAC,UAAU,CAAC;IACzB,SAAS,EAAE,IAAI,4BAA4B,EAAE;CAC7C,CAAC,CAAC;AAkDH,MAAM,OAAO,QAAQ;IACZ,IAAI,CAAS;IACb,QAAQ,CAAS,CAAC,qBAAqB;IACvC,QAAQ,CAAS,CAAC,qBAAqB;IACvC,gBAAgB,CAAoB;IACpC,KAAK,CAAgB;IACrB,kBAAkB,CAAU;IAEpC,4BAA4B;IACpB,UAAU,CAAU;IACpB,WAAW,CAAU;IACrB,WAAW,CAAY;IAE/B,YACC,IAAY,EACZ,QAAgB,EAChB,QAAgB,EAChB,KAAoB,EACpB,gBAAmC,EAClC;QACD,IAAI,CAAC,IAAI,GAAG,IAAI,CAAC;QACjB,IAAI,CAAC,QAAQ,GAAG,QAAQ,CAAC;QACzB,IAAI,CAAC,QAAQ,GAAG,QAAQ,CAAC;QACzB,IAAI,CAAC,KAAK,GAAG,KAAK,CAAC;QACnB,IAAI,CAAC,gBAAgB,GAAG,gBAAgB,CAAC;IAAA,CACzC;IAED,OAAO,CAAC,IAAY,EAAQ;QAC3B,IAAI,CAAC,IAAI,GAAG,IAAI,CAAC;QACjB,IAAI,CAAC,UAAU,EAAE,CAAC;IAAA,CAClB;IAED,UAAU,GAAS;QAClB,IAAI,CAAC,UAAU,GAAG,SAAS,CAAC;QAC5B,IAAI,CAAC,WAAW,GAAG,SAAS,CAAC;QAC7B,IAAI,CAAC,WAAW,GAAG,SAAS,CAAC;IAAA,CAC7B;IAED,MAAM,CAAC,KAAa,EAAY;QAC/B,cAAc;QACd,IAAI,IAAI,CAAC,WAAW,IAAI,IAAI,CAAC,UAAU,KAAK,IAAI,CAAC,IAAI,IAAI,IAAI,CAAC,WAAW,KAAK,KAAK,EAAE,CAAC;YACrF,OAAO,IAAI,CAAC,WAAW,CAAC;QACzB,CAAC;QAED,sEAAsE;QACtE,MAAM,YAAY,GAAG,IAAI,CAAC,GAAG,CAAC,CAAC,EAAE,KAAK,GAAG,IAAI,CAAC,QAAQ,GAAG,CAAC,CAAC,CAAC;QAE5D,kDAAkD;QAClD,IAAI,CAAC,IAAI,CAAC,IAAI,IAAI,IAAI,CAAC,IAAI,CAAC,IAAI,EAAE,KAAK,EAAE,EAAE,CAAC;YAC3C,MAAM,MAAM,GAAa,EAAE,CAAC;YAC5B,eAAe;YACf,IAAI,CAAC,UAAU,GAAG,IAAI,CAAC,IAAI,CAAC;YAC5B,IAAI,CAAC,WAAW,GAAG,KAAK,CAAC;YACzB,IAAI,CAAC,WAAW,GAAG,MAAM,CAAC;YAC1B,OAAO,MAAM,CAAC;QACf,CAAC;QAED,sDAAsD;QACtD,MAAM,cAAc,GAAG,IAAI,CAAC,IAAI,CAAC,OAAO,CAAC,KAAK,EAAE,KAAK,CAAC,CAAC;QAEvD,qCAAqC;QACrC,MAAM,MAAM,GAAG,cAAc,CAAC,KAAK,CAAC,cAAc,CAAC,CAAC;QAEpD,2CAA2C;QAC3C,MAAM,aAAa,GAAa,EAAE,CAAC;QAEnC,KAAK,IAAI,CAAC,GAAG,CAAC,EAAE,CAAC,GAAG,MAAM,CAAC,MAAM,EAAE,CAAC,EAAE,EAAE,CAAC;YACxC,MAAM,KAAK,GAAG,MAAM,CAAC,CAAC,CAAC,CAAC;YACxB,MAAM,SAAS,GAAG,MAAM,CAAC,CAAC,GAAG,CAAC,CAAC,CAAC;YAChC,MAAM,UAAU,GAAG,IAAI,CAAC,WAAW,CAAC,KAAK,EAAE,YAAY,EAAE,SAAS,EAAE,IAAI,CAAC,CAAC;YAC1E,aAAa,CAAC,IAAI,CAAC,GAAG,UAAU,CAAC,CAAC;QACnC,CAAC;QAED,6CAA6C;QAC7C,MAAM,YAAY,GAAa,EAAE,CAAC;QAClC,KAAK,MAAM,IAAI,IAAI,aAAa,EAAE,CAAC;YAClC,IAAI,WAAW,CAAC,IAAI,CAAC,EAAE,CAAC;gBACvB,YAAY,CAAC,IAAI,CAAC,IAAI,CAAC,CAAC;YACzB,CAAC;iBAAM,CAAC;gBACP,YAAY,CAAC,IAAI,CAAC,GAAG,gBAAgB,CAAC,IAAI,EAAE,YAAY,CAAC,CAAC,CAAC;YAC5D,CAAC;QACF,CAAC;QAED,kDAAkD;QAClD,MAAM,UAAU,GAAG,GAAG,CAAC,MAAM,CAAC,IAAI,CAAC,QAAQ,CAAC,CAAC;QAC7C,MAAM,WAAW,GAAG,GAAG,CAAC,MAAM,CAAC,IAAI,CAAC,QAAQ,CAAC,CAAC;QAC9C,MAAM,IAAI,GAAG,IAAI,CAAC,gBAAgB,EAAE,OAAO,CAAC;QAC5C,MAAM,YAAY,GAAa,EAAE,CAAC;QAElC,KAAK,MAAM,IAAI,IAAI,YAAY,EAAE,CAAC;YACjC,IAAI,WAAW,CAAC,IAAI,CAAC,EAAE,CAAC;gBACvB,YAAY,CAAC,IAAI,CAAC,IAAI,CAAC,CAAC;gBACxB,SAAS;YACV,CAAC;YAED,MAAM,eAAe,GAAG,UAAU,GAAG,IAAI,GAAG,WAAW,CAAC;YAExD,IAAI,IAAI,EAAE,CAAC;gBACV,YAAY,CAAC,IAAI,CAAC,qBAAqB,CAAC,eAAe,EAAE,KAAK,EAAE,IAAI,CAAC,CAAC,CAAC;YACxE,CAAC;iBAAM,CAAC;gBACP,oCAAoC;gBACpC,MAAM,UAAU,GAAG,YAAY,CAAC,eAAe,CAAC,CAAC;gBACjD,MAAM,aAAa,GAAG,IAAI,CAAC,GAAG,CAAC,CAAC,EAAE,KAAK,GAAG,UAAU,CAAC,CAAC;gBACtD,YAAY,CAAC,IAAI,CAAC,eAAe,GAAG,GAAG,CAAC,MAAM,CAAC,aAAa,CAAC,CAAC,CAAC;YAChE,CAAC;QACF,CAAC;QAED,uCAAuC;QACvC,MAAM,SAAS,GAAG,GAAG,CAAC,MAAM,CAAC,KAAK,CAAC,CAAC;QACpC,MAAM,UAAU,GAAa,EAAE,CAAC;QAChC,KAAK,IAAI,CAAC,GAAG,CAAC,EAAE,CAAC,GAAG,IAAI,CAAC,QAAQ,EAAE,CAAC,EAAE,EAAE,CAAC;YACxC,MAAM,IAAI,GAAG,IAAI,CAAC,CAAC,CAAC,qBAAqB,CAAC,SAAS,EAAE,KAAK,EAAE,IAAI,CAAC,CAAC,CAAC,CAAC,SAAS,CAAC;YAC9E,UAAU,CAAC,IAAI,CAAC,IAAI,CAAC,CAAC;QACvB,CAAC;QAED,mDAAmD;QACnD,MAAM,MAAM,GAAG,CAAC,GAAG,UAAU,EAAE,GAAG,YAAY,EAAE,GAAG,UAAU,CAAC,CAAC;QAE/D,eAAe;QACf,IAAI,CAAC,UAAU,GAAG,IAAI,CAAC,IAAI,CAAC;QAC5B,IAAI,CAAC,WAAW,GAAG,KAAK,CAAC;QACzB,IAAI,CAAC,WAAW,GAAG,MAAM,CAAC;QAE1B,OAAO,MAAM,CAAC,MAAM,GAAG,CAAC,CAAC,CAAC,CAAC,MAAM,CAAC,CAAC,CAAC,CAAC,EAAE,CAAC,CAAC;IAAA,CACzC;IAED;;;;;OAKG;IACK,iBAAiB,CAAC,IAAY,EAAU;QAC/C,IAAI,CAAC,IAAI,CAAC,gBAAgB,EAAE,CAAC;YAC5B,OAAO,IAAI,CAAC;QACb,CAAC;QAED,IAAI,MAAM,GAAG,IAAI,CAAC;QAElB,4EAA4E;QAC5E,IAAI,IAAI,CAAC,gBAAgB,CAAC,KAAK,EAAE,CAAC;YACjC,MAAM,GAAG,IAAI,CAAC,gBAAgB,CAAC,KAAK,CAAC,MAAM,CAAC,CAAC;QAC9C,CAAC;QAED,0CAA0C;QAC1C,IAAI,IAAI,CAAC,gBAAgB,CAAC,IAAI,EAAE,CAAC;YAChC,MAAM,GAAG,IAAI,CAAC,KAAK,CAAC,IAAI,CAAC,MAAM,CAAC,CAAC;QAClC,CAAC;QACD,IAAI,IAAI,CAAC,gBAAgB,CAAC,MAAM,EAAE,CAAC;YAClC,MAAM,GAAG,IAAI,CAAC,KAAK,CAAC,MAAM,CAAC,MAAM,CAAC,CAAC;QACpC,CAAC;QACD,IAAI,IAAI,CAAC,gBAAgB,CAAC,aAAa,EAAE,CAAC;YACzC,MAAM,GAAG,IAAI,CAAC,KAAK,CAAC,aAAa,CAAC,MAAM,CAAC,CAAC;QAC3C,CAAC;QACD,IAAI,IAAI,CAAC,gBAAgB,CAAC,SAAS,EAAE,CAAC;YACrC,MAAM,GAAG,IAAI,CAAC,KAAK,CAAC,SAAS,CAAC,MAAM,CAAC,CAAC;QACvC,CAAC;QAED,OAAO,MAAM,CAAC;IAAA,CACd;IAEO,qBAAqB,GAAW;QACvC,IAAI,CAAC,IAAI,CAAC,gBAAgB,EAAE,CAAC;YAC5B,OAAO,EAAE,CAAC;QACX,CAAC;QAED,IAAI,IAAI,CAAC,kBAAkB,KAAK,SAAS,EAAE,CAAC;YAC3C,OAAO,IAAI,CAAC,kBAAkB,CAAC;QAChC,CAAC;QAED,MAAM,QAAQ,GAAG,QAAQ,CAAC;QAC1B,IAAI,MAAM,GAAG,QAAQ,CAAC;QAEtB,IAAI,IAAI,CAAC,gBAAgB,CAAC,KAAK,EAAE,CAAC;YACjC,MAAM,GAAG,IAAI,CAAC,gBAAgB,CAAC,KAAK,CAAC,MAAM,CAAC,CAAC;QAC9C,CAAC;QAED,IAAI,IAAI,CAAC,gBAAgB,CAAC,IAAI,EAAE,CAAC;YAChC,MAAM,GAAG,IAAI,CAAC,KAAK,CAAC,IAAI,CAAC,MAAM,CAAC,CAAC;QAClC,CAAC;QACD,IAAI,IAAI,CAAC,gBAAgB,CAAC,MAAM,EAAE,CAAC;YAClC,MAAM,GAAG,IAAI,CAAC,KAAK,CAAC,MAAM,CAAC,MAAM,CAAC,CAAC;QACpC,CAAC;QACD,IAAI,IAAI,CAAC,gBAAgB,CAAC,aAAa,EAAE,CAAC;YACzC,MAAM,GAAG,IAAI,CAAC,KAAK,CAAC,aAAa,CAAC,MAAM,CAAC,CAAC;QAC3C,CAAC;QACD,IAAI,IAAI,CAAC,gBAAgB,CAAC,SAAS,EAAE,CAAC;YACrC,MAAM,GAAG,IAAI,CAAC,KAAK,CAAC,SAAS,CAAC,MAAM,CAAC,CAAC;QACvC,CAAC;QAED,MAAM,aAAa,GAAG,MAAM,CAAC,OAAO,CAAC,QAAQ,CAAC,CAAC;QAC/C,IAAI,CAAC,kBAAkB,GAAG,aAAa,IAAI,CAAC,CAAC,CAAC,CAAC,MAAM,CAAC,KAAK,CAAC,CAAC,EAAE,aAAa,CAAC,CAAC,CAAC,CAAC,EAAE,CAAC;QACnF,OAAO,IAAI,CAAC,kBAAkB,CAAC;IAAA,CAC/B;IAEO,cAAc,CAAC,OAAiC,EAAU;QACjE,MAAM,QAAQ,GAAG,QAAQ,CAAC;QAC1B,MAAM,MAAM,GAAG,OAAO,CAAC,QAAQ,CAAC,CAAC;QACjC,MAAM,aAAa,GAAG,MAAM,CAAC,OAAO,CAAC,QAAQ,CAAC,CAAC;QAC/C,OAAO,aAAa,IAAI,CAAC,CAAC,CAAC,CAAC,MAAM,CAAC,KAAK,CAAC,CAAC,EAAE,aAAa,CAAC,CAAC,CAAC,CAAC,EAAE,CAAC;IAAA,CAChE;IAEO,4BAA4B,GAAuB;QAC1D,OAAO;YACN,SAAS,EAAE,CAAC,IAAY,EAAE,EAAE,CAAC,IAAI,CAAC,iBAAiB,CAAC,IAAI,CAAC;YACzD,WAAW,EAAE,IAAI,CAAC,qBAAqB,EAAE;SACzC,CAAC;IAAA,CACF;IAEO,WAAW,CAClB,KAAY,EACZ,KAAa,EACb,aAAsB,EACtB,YAAiC,EACtB;QACX,MAAM,KAAK,GAAa,EAAE,CAAC;QAE3B,QAAQ,KAAK,CAAC,IAAI,EAAE,CAAC;YACpB,KAAK,SAAS,EAAE,CAAC;gBAChB,MAAM,YAAY,GAAG,KAAK,CAAC,KAAK,CAAC;gBACjC,MAAM,aAAa,GAAG,GAAG,GAAG,CAAC,MAAM,CAAC,YAAY,CAAC,GAAG,CAAC;gBAErD,iFAAiF;gBACjF,iFAAiF;gBACjF,0BAA0B;gBAC1B,IAAI,cAAwC,CAAC;gBAC7C,IAAI,YAAY,KAAK,CAAC,EAAE,CAAC;oBACxB,cAAc,GAAG,CAAC,IAAY,EAAE,EAAE,CAAC,IAAI,CAAC,KAAK,CAAC,OAAO,CAAC,IAAI,CAAC,KAAK,CAAC,IAAI,CAAC,IAAI,CAAC,KAAK,CAAC,SAAS,CAAC,IAAI,CAAC,CAAC,CAAC,CAAC;gBACpG,CAAC;qBAAM,CAAC;oBACP,cAAc,GAAG,CAAC,IAAY,EAAE,EAAE,CAAC,IAAI,CAAC,KAAK,CAAC,OAAO,CAAC,IAAI,CAAC,KAAK,CAAC,IAAI,CAAC,IAAI,CAAC,CAAC,CAAC;gBAC9E,CAAC;gBAED,MAAM,mBAAmB,GAAuB;oBAC/C,SAAS,EAAE,cAAc;oBACzB,WAAW,EAAE,IAAI,CAAC,cAAc,CAAC,cAAc,CAAC;iBAChD,CAAC;gBAEF,MAAM,WAAW,GAAG,IAAI,CAAC,kBAAkB,CAAC,KAAK,CAAC,MAAM,IAAI,EAAE,EAAE,mBAAmB,CAAC,CAAC;gBACrF,MAAM,aAAa,GAAG,YAAY,IAAI,CAAC,CAAC,CAAC,CAAC,cAAc,CAAC,aAAa,CAAC,GAAG,WAAW,CAAC,CAAC,CAAC,WAAW,CAAC;gBACpG,KAAK,CAAC,IAAI,CAAC,aAAa,CAAC,CAAC;gBAC1B,IAAI,aAAa,IAAI,aAAa,KAAK,OAAO,EAAE,CAAC;oBAChD,KAAK,CAAC,IAAI,CAAC,EAAE,CAAC,CAAC,CAAC,0DAA0D;gBAC3E,CAAC;gBACD,MAAM;YACP,CAAC;YAED,KAAK,WAAW,EAAE,CAAC;gBAClB,MAAM,aAAa,GAAG,IAAI,CAAC,kBAAkB,CAAC,KAAK,CAAC,MAAM,IAAI,EAAE,EAAE,YAAY,CAAC,CAAC;gBAChF,KAAK,CAAC,IAAI,CAAC,aAAa,CAAC,CAAC;gBAC1B,mDAAmD;gBACnD,IAAI,aAAa,IAAI,aAAa,KAAK,MAAM,IAAI,aAAa,KAAK,OAAO,EAAE,CAAC;oBAC5E,KAAK,CAAC,IAAI,CAAC,EAAE,CAAC,CAAC;gBAChB,CAAC;gBACD,MAAM;YACP,CAAC;YAED,KAAK,MAAM,EAAE,CAAC;gBACb,MAAM,MAAM,GAAG,IAAI,CAAC,KAAK,CAAC,eAAe,IAAI,IAAI,CAAC;gBAClD,KAAK,CAAC,IAAI,CAAC,IAAI,CAAC,KAAK,CAAC,eAAe,CAAC,SAAS,KAAK,CAAC,IAAI,IAAI,EAAE,EAAE,CAAC,CAAC,CAAC;gBACpE,IAAI,IAAI,CAAC,KAAK,CAAC,aAAa,EAAE,CAAC;oBAC9B,MAAM,gBAAgB,GAAG,IAAI,CAAC,KAAK,CAAC,aAAa,CAAC,KAAK,CAAC,IAAI,EAAE,KAAK,CAAC,IAAI,CAAC,CAAC;oBAC1E,KAAK,MAAM,MAAM,IAAI,gBAAgB,EAAE,CAAC;wBACvC,KAAK,CAAC,IAAI,CAAC,GAAG,MAAM,GAAG,MAAM,EAAE,CAAC,CAAC;oBAClC,CAAC;gBACF,CAAC;qBAAM,CAAC;oBACP,6CAA6C;oBAC7C,MAAM,SAAS,GAAG,KAAK,CAAC,IAAI,CAAC,KAAK,CAAC,IAAI,CAAC,CAAC;oBACzC,KAAK,MAAM,QAAQ,IAAI,SAAS,EAAE,CAAC;wBAClC,KAAK,CAAC,IAAI,CAAC,GAAG,MAAM,GAAG,IAAI,CAAC,KAAK,CAAC,SAAS,CAAC,QAAQ,CAAC,EAAE,CAAC,CAAC;oBAC1D,CAAC;gBACF,CAAC;gBACD,KAAK,CAAC,IAAI,CAAC,IAAI,CAAC,KAAK,CAAC,eAAe,CAAC,KAAK,CAAC,CAAC,CAAC;gBAC9C,IAAI,aAAa,IAAI,aAAa,KAAK,OAAO,EAAE,CAAC;oBAChD,KAAK,CAAC,IAAI,CAAC,EAAE,CAAC,CAAC,CAAC,6DAA6D;gBAC9E,CAAC;gBACD,MAAM;YACP,CAAC;YAED,KAAK,MAAM,EAAE,CAAC;gBACb,MAAM,SAAS,GAAG,IAAI,CAAC,UAAU,CAAC,KAAY,EAAE,CAAC,EAAE,YAAY,CAAC,CAAC;gBACjE,KAAK,CAAC,IAAI,CAAC,GAAG,SAAS,CAAC,CAAC;gBACzB,yDAAyD;gBACzD,mCAAmC;gBACnC,MAAM;YACP,CAAC;YAED,KAAK,OAAO,EAAE,CAAC;gBACd,MAAM,UAAU,GAAG,IAAI,CAAC,WAAW,CAAC,KAAY,EAAE,KAAK,EAAE,aAAa,EAAE,YAAY,CAAC,CAAC;gBACtF,KAAK,CAAC,IAAI,CAAC,GAAG,UAAU,CAAC,CAAC;gBAC1B,MAAM;YACP,CAAC;YAED,KAAK,YAAY,EAAE,CAAC;gBACnB,MAAM,UAAU,GAAG,CAAC,IAAY,EAAE,EAAE,CAAC,IAAI,CAAC,KAAK,CAAC,KAAK,CAAC,IAAI,CAAC,KAAK,CAAC,MAAM,CAAC,IAAI,CAAC,CAAC,CAAC;gBAC/E,MAAM,gBAAgB,GAAG,IAAI,CAAC,cAAc,CAAC,UAAU,CAAC,CAAC;gBACzD,MAAM,eAAe,GAAG,CAAC,IAAY,EAAU,EAAE,CAAC;oBACjD,IAAI,CAAC,gBAAgB,EAAE,CAAC;wBACvB,OAAO,UAAU,CAAC,IAAI,CAAC,CAAC;oBACzB,CAAC;oBACD,MAAM,sBAAsB,GAAG,IAAI,CAAC,OAAO,CAAC,WAAW,EAAE,UAAU,gBAAgB,EAAE,CAAC,CAAC;oBACvF,OAAO,UAAU,CAAC,sBAAsB,CAAC,CAAC;gBAAA,CAC1C,CAAC;gBAEF,iFAA+E;gBAC/E,MAAM,iBAAiB,GAAG,IAAI,CAAC,GAAG,CAAC,CAAC,EAAE,KAAK,GAAG,CAAC,CAAC,CAAC;gBAEjD,kFAAkF;gBAClF,+DAA+D;gBAC/D,6DAA6D;gBAC7D,MAAM,uBAAuB,GAAuB;oBACnD,SAAS,EAAE,CAAC,IAAY,EAAE,EAAE,CAAC,IAAI;oBACjC,WAAW,EAAE,gBAAgB;iBAC7B,CAAC;gBACF,MAAM,WAAW,GAAG,KAAK,CAAC,MAAM,IAAI,EAAE,CAAC;gBACvC,MAAM,kBAAkB,GAAa,EAAE,CAAC;gBACxC,KAAK,IAAI,CAAC,GAAG,CAAC,EAAE,CAAC,GAAG,WAAW,CAAC,MAAM,EAAE,CAAC,EAAE,EAAE,CAAC;oBAC7C,MAAM,UAAU,GAAG,WAAW,CAAC,CAAC,CAAC,CAAC;oBAClC,MAAM,cAAc,GAAG,WAAW,CAAC,CAAC,GAAG,CAAC,CAAC,CAAC;oBAC1C,kBAAkB,CAAC,IAAI,CACtB,GAAG,IAAI,CAAC,WAAW,CAAC,UAAU,EAAE,iBAAiB,EAAE,cAAc,EAAE,IAAI,EAAE,uBAAuB,CAAC,CACjG,CAAC;gBACH,CAAC;gBAED,iFAAiF;gBACjF,OAAO,kBAAkB,CAAC,MAAM,GAAG,CAAC,IAAI,kBAAkB,CAAC,kBAAkB,CAAC,MAAM,GAAG,CAAC,CAAC,KAAK,EAAE,EAAE,CAAC;oBAClG,kBAAkB,CAAC,GAAG,EAAE,CAAC;gBAC1B,CAAC;gBAED,KAAK,MAAM,SAAS,IAAI,kBAAkB,EAAE,CAAC;oBAC5C,MAAM,UAAU,GAAG,eAAe,CAAC,SAAS,CAAC,CAAC;oBAC9C,MAAM,YAAY,GAAG,gBAAgB,CAAC,UAAU,EAAE,iBAAiB,CAAC,CAAC;oBACrE,KAAK,MAAM,WAAW,IAAI,YAAY,EAAE,CAAC;wBACxC,KAAK,CAAC,IAAI,CAAC,IAAI,CAAC,KAAK,CAAC,WAAW,CAAC,MAAI,CAAC,GAAG,WAAW,CAAC,CAAC;oBACxD,CAAC;gBACF,CAAC;gBACD,IAAI,aAAa,IAAI,aAAa,KAAK,OAAO,EAAE,CAAC;oBAChD,KAAK,CAAC,IAAI,CAAC,EAAE,CAAC,CAAC,CAAC,6DAA6D;gBAC9E,CAAC;gBACD,MAAM;YACP,CAAC;YAED,KAAK,IAAI;gBACR,KAAK,CAAC,IAAI,CAAC,IAAI,CAAC,KAAK,CAAC,EAAE,CAAC,KAAG,CAAC,MAAM,CAAC,IAAI,CAAC,GAAG,CAAC,KAAK,EAAE,EAAE,CAAC,CAAC,CAAC,CAAC,CAAC;gBAC3D,IAAI,aAAa,IAAI,aAAa,KAAK,OAAO,EAAE,CAAC;oBAChD,KAAK,CAAC,IAAI,CAAC,EAAE,CAAC,CAAC,CAAC,kEAAkE;gBACnF,CAAC;gBACD,MAAM;YAEP,KAAK,MAAM;gBACV,mDAAmD;gBACnD,IAAI,KAAK,IAAI,KAAK,IAAI,OAAO,KAAK,CAAC,GAAG,KAAK,QAAQ,EAAE,CAAC;oBACrD,KAAK,CAAC,IAAI,CAAC,IAAI,CAAC,iBAAiB,CAAC,KAAK,CAAC,GAAG,CAAC,IAAI,EAAE,CAAC,CAAC,CAAC;gBACtD,CAAC;gBACD,MAAM;YAEP,KAAK,OAAO;gBACX,iDAAiD;gBACjD,KAAK,CAAC,IAAI,CAAC,EAAE,CAAC,CAAC;gBACf,MAAM;YAEP;gBACC,6CAA6C;gBAC7C,IAAI,MAAM,IAAI,KAAK,IAAI,OAAO,KAAK,CAAC,IAAI,KAAK,QAAQ,EAAE,CAAC;oBACvD,KAAK,CAAC,IAAI,CAAC,KAAK,CAAC,IAAI,CAAC,CAAC;gBACxB,CAAC;QACH,CAAC;QAED,OAAO,KAAK,CAAC;IAAA,CACb;IAEO,kBAAkB,CAAC,MAAe,EAAE,YAAiC,EAAU;QACtF,IAAI,MAAM,GAAG,EAAE,CAAC;QAChB,MAAM,oBAAoB,GAAG,YAAY,IAAI,IAAI,CAAC,4BAA4B,EAAE,CAAC;QACjF,MAAM,EAAE,SAAS,EAAE,WAAW,EAAE,GAAG,oBAAoB,CAAC;QACxD,MAAM,qBAAqB,GAAG,CAAC,IAAY,EAAU,EAAE,CAAC;YACvD,MAAM,QAAQ,GAAa,IAAI,CAAC,KAAK,CAAC,IAAI,CAAC,CAAC;YAC5C,OAAO,QAAQ,CAAC,GAAG,CAAC,CAAC,OAAe,EAAE,EAAE,CAAC,SAAS,CAAC,OAAO,CAAC,CAAC,CAAC,IAAI,CAAC,IAAI,CAAC,CAAC;QAAA,CACxE,CAAC;QAEF,KAAK,MAAM,KAAK,IAAI,MAAM,EAAE,CAAC;YAC5B,QAAQ,KAAK,CAAC,IAAI,EAAE,CAAC;gBACpB,KAAK,MAAM;oBACV,yEAAyE;oBACzE,IAAI,KAAK,CAAC,MAAM,IAAI,KAAK,CAAC,MAAM,CAAC,MAAM,GAAG,CAAC,EAAE,CAAC;wBAC7C,MAAM,IAAI,IAAI,CAAC,kBAAkB,CAAC,KAAK,CAAC,MAAM,EAAE,oBAAoB,CAAC,CAAC;oBACvE,CAAC;yBAAM,CAAC;wBACP,MAAM,IAAI,qBAAqB,CAAC,KAAK,CAAC,IAAI,CAAC,CAAC;oBAC7C,CAAC;oBACD,MAAM;gBAEP,KAAK,WAAW;oBACf,gDAAgD;oBAChD,MAAM,IAAI,IAAI,CAAC,kBAAkB,CAAC,KAAK,CAAC,MAAM,IAAI,EAAE,EAAE,oBAAoB,CAAC,CAAC;oBAC5E,MAAM;gBAEP,KAAK,QAAQ,EAAE,CAAC;oBACf,MAAM,WAAW,GAAG,IAAI,CAAC,kBAAkB,CAAC,KAAK,CAAC,MAAM,IAAI,EAAE,EAAE,oBAAoB,CAAC,CAAC;oBACtF,MAAM,IAAI,IAAI,CAAC,KAAK,CAAC,IAAI,CAAC,WAAW,CAAC,GAAG,WAAW,CAAC;oBACrD,MAAM;gBACP,CAAC;gBAED,KAAK,IAAI,EAAE,CAAC;oBACX,MAAM,aAAa,GAAG,IAAI,CAAC,kBAAkB,CAAC,KAAK,CAAC,MAAM,IAAI,EAAE,EAAE,oBAAoB,CAAC,CAAC;oBACxF,MAAM,IAAI,IAAI,CAAC,KAAK,CAAC,MAAM,CAAC,aAAa,CAAC,GAAG,WAAW,CAAC;oBACzD,MAAM;gBACP,CAAC;gBAED,KAAK,UAAU;oBACd,MAAM,IAAI,IAAI,CAAC,KAAK,CAAC,IAAI,CAAC,KAAK,CAAC,IAAI,CAAC,GAAG,WAAW,CAAC;oBACpD,MAAM;gBAEP,KAAK,MAAM,EAAE,CAAC;oBACb,MAAM,QAAQ,GAAG,IAAI,CAAC,kBAAkB,CAAC,KAAK,CAAC,MAAM,IAAI,EAAE,EAAE,oBAAoB,CAAC,CAAC;oBACnF,MAAM,UAAU,GAAG,IAAI,CAAC,KAAK,CAAC,IAAI,CAAC,IAAI,CAAC,KAAK,CAAC,SAAS,CAAC,QAAQ,CAAC,CAAC,CAAC;oBACnE,IAAI,eAAe,EAAE,CAAC,UAAU,EAAE,CAAC;wBAClC,yEAAyE;wBACzE,8EAA8E;wBAC9E,MAAM,IAAI,SAAS,CAAC,UAAU,EAAE,KAAK,CAAC,IAAI,CAAC,GAAG,WAAW,CAAC;oBAC3D,CAAC;yBAAM,CAAC;wBACP,kEAAkE;wBAClE,2EAA2E;wBAC3E,+EAA+E;wBAC/E,kCAAkC;wBAClC,MAAM,iBAAiB,GAAG,KAAK,CAAC,IAAI,CAAC,UAAU,CAAC,SAAS,CAAC,CAAC,CAAC,CAAC,KAAK,CAAC,IAAI,CAAC,KAAK,CAAC,CAAC,CAAC,CAAC,CAAC,CAAC,KAAK,CAAC,IAAI,CAAC;wBAC9F,IAAI,KAAK,CAAC,IAAI,KAAK,KAAK,CAAC,IAAI,IAAI,KAAK,CAAC,IAAI,KAAK,iBAAiB,EAAE,CAAC;4BACnE,MAAM,IAAI,UAAU,GAAG,WAAW,CAAC;wBACpC,CAAC;6BAAM,CAAC;4BACP,MAAM,IAAI,UAAU,GAAG,IAAI,CAAC,KAAK,CAAC,OAAO,CAAC,KAAK,KAAK,CAAC,IAAI,GAAG,CAAC,GAAG,WAAW,CAAC;wBAC7E,CAAC;oBACF,CAAC;oBACD,MAAM;gBACP,CAAC;gBAED,KAAK,IAAI;oBACR,MAAM,IAAI,IAAI,CAAC;oBACf,MAAM;gBAEP,KAAK,KAAK,EAAE,CAAC;oBACZ,MAAM,UAAU,GAAG,IAAI,CAAC,kBAAkB,CAAC,KAAK,CAAC,MAAM,IAAI,EAAE,EAAE,oBAAoB,CAAC,CAAC;oBACrF,MAAM,IAAI,IAAI,CAAC,KAAK,CAAC,aAAa,CAAC,UAAU,CAAC,GAAG,WAAW,CAAC;oBAC7D,MAAM;gBACP,CAAC;gBAED,KAAK,MAAM;oBACV,mCAAmC;oBACnC,IAAI,KAAK,IAAI,KAAK,IAAI,OAAO,KAAK,CAAC,GAAG,KAAK,QAAQ,EAAE,CAAC;wBACrD,MAAM,IAAI,qBAAqB,CAAC,KAAK,CAAC,GAAG,CAAC,CAAC;oBAC5C,CAAC;oBACD,MAAM;gBAEP;oBACC,oDAAoD;oBACpD,IAAI,MAAM,IAAI,KAAK,IAAI,OAAO,KAAK,CAAC,IAAI,KAAK,QAAQ,EAAE,CAAC;wBACvD,MAAM,IAAI,qBAAqB,CAAC,KAAK,CAAC,IAAI,CAAC,CAAC;oBAC7C,CAAC;YACH,CAAC;QACF,CAAC;QAED,OAAO,WAAW,IAAI,MAAM,CAAC,QAAQ,CAAC,WAAW,CAAC,EAAE,CAAC;YACpD,MAAM,GAAG,MAAM,CAAC,KAAK,CAAC,CAAC,EAAE,CAAC,WAAW,CAAC,MAAM,CAAC,CAAC;QAC/C,CAAC;QAED,OAAO,MAAM,CAAC;IAAA,CACd;IAED;;OAEG;IACK,UAAU,CACjB,KAAiE,EACjE,KAAa,EACb,YAAiC,EACtB;QACX,MAAM,KAAK,GAAa,EAAE,CAAC;QAC3B,MAAM,MAAM,GAAG,IAAI,CAAC,MAAM,CAAC,KAAK,CAAC,CAAC;QAClC,kEAAkE;QAClE,MAAM,WAAW,GAAG,KAAK,CAAC,KAAK,IAAI,CAAC,CAAC;QAErC,KAAK,IAAI,CAAC,GAAG,CAAC,EAAE,CAAC,GAAG,KAAK,CAAC,KAAK,CAAC,MAAM,EAAE,CAAC,EAAE,EAAE,CAAC;YAC7C,MAAM,IAAI,GAAG,KAAK,CAAC,KAAK,CAAC,CAAC,CAAC,CAAC;YAC5B,MAAM,MAAM,GAAG,KAAK,CAAC,OAAO,CAAC,CAAC,CAAC,GAAG,WAAW,GAAG,CAAC,IAAI,CAAC,CAAC,CAAC,IAAI,CAAC;YAE7D,6CAA6C;YAC7C,MAAM,SAAS,GAAG,IAAI,CAAC,cAAc,CAAC,IAAI,CAAC,MAAM,IAAI,EAAE,EAAE,KAAK,EAAE,YAAY,CAAC,CAAC;YAE9E,IAAI,SAAS,CAAC,MAAM,GAAG,CAAC,EAAE,CAAC;gBAC1B,2CAA2C;gBAC3C,wEAAwE;gBACxE,MAAM,SAAS,GAAG,SAAS,CAAC,CAAC,CAAC,CAAC;gBAC/B,MAAM,YAAY,GAAG,oBAAoB,CAAC,IAAI,CAAC,SAAS,CAAC,CAAC,CAAC,0CAA0C;gBAErG,IAAI,YAAY,EAAE,CAAC;oBAClB,qEAAqE;oBACrE,KAAK,CAAC,IAAI,CAAC,SAAS,CAAC,CAAC;gBACvB,CAAC;qBAAM,CAAC;oBACP,+CAA+C;oBAC/C,KAAK,CAAC,IAAI,CAAC,MAAM,GAAG,IAAI,CAAC,KAAK,CAAC,UAAU,CAAC,MAAM,CAAC,GAAG,SAAS,CAAC,CAAC;gBAChE,CAAC;gBAED,oBAAoB;gBACpB,KAAK,IAAI,CAAC,GAAG,CAAC,EAAE,CAAC,GAAG,SAAS,CAAC,MAAM,EAAE,CAAC,EAAE,EAAE,CAAC;oBAC3C,MAAM,IAAI,GAAG,SAAS,CAAC,CAAC,CAAC,CAAC;oBAC1B,MAAM,gBAAgB,GAAG,oBAAoB,CAAC,IAAI,CAAC,IAAI,CAAC,CAAC,CAAC,0CAA0C;oBAEpG,IAAI,gBAAgB,EAAE,CAAC;wBACtB,6CAA6C;wBAC7C,KAAK,CAAC,IAAI,CAAC,IAAI,CAAC,CAAC;oBAClB,CAAC;yBAAM,CAAC;wBACP,kEAAkE;wBAClE,KAAK,CAAC,IAAI,CAAC,GAAG,MAAM,KAAK,IAAI,EAAE,CAAC,CAAC;oBAClC,CAAC;gBACF,CAAC;YACF,CAAC;iBAAM,CAAC;gBACP,KAAK,CAAC,IAAI,CAAC,MAAM,GAAG,IAAI,CAAC,KAAK,CAAC,UAAU,CAAC,MAAM,CAAC,CAAC,CAAC;YACpD,CAAC;QACF,CAAC;QAED,OAAO,KAAK,CAAC;IAAA,CACb;IAED;;;OAGG;IACK,cAAc,CAAC,MAAe,EAAE,WAAmB,EAAE,YAAiC,EAAY;QACzG,MAAM,KAAK,GAAa,EAAE,CAAC;QAE3B,KAAK,MAAM,KAAK,IAAI,MAAM,EAAE,CAAC;YAC5B,IAAI,KAAK,CAAC,IAAI,KAAK,MAAM,EAAE,CAAC;gBAC3B,wDAAwD;gBACxD,oEAAoE;gBACpE,MAAM,WAAW,GAAG,IAAI,CAAC,UAAU,CAAC,KAAY,EAAE,WAAW,GAAG,CAAC,EAAE,YAAY,CAAC,CAAC;gBACjF,KAAK,CAAC,IAAI,CAAC,GAAG,WAAW,CAAC,CAAC;YAC5B,CAAC;iBAAM,IAAI,KAAK,CAAC,IAAI,KAAK,MAAM,EAAE,CAAC;gBAClC,wCAAwC;gBACxC,MAAM,IAAI,GACT,KAAK,CAAC,MAAM,IAAI,KAAK,CAAC,MAAM,CAAC,MAAM,GAAG,CAAC;oBACtC,CAAC,CAAC,IAAI,CAAC,kBAAkB,CAAC,KAAK,CAAC,MAAM,EAAE,YAAY,CAAC;oBACrD,CAAC,CAAC,KAAK,CAAC,IAAI,IAAI,EAAE,CAAC;gBACrB,KAAK,CAAC,IAAI,CAAC,IAAI,CAAC,CAAC;YAClB,CAAC;iBAAM,IAAI,KAAK,CAAC,IAAI,KAAK,WAAW,EAAE,CAAC;gBACvC,yBAAyB;gBACzB,MAAM,IAAI,GAAG,IAAI,CAAC,kBAAkB,CAAC,KAAK,CAAC,MAAM,IAAI,EAAE,EAAE,YAAY,CAAC,CAAC;gBACvE,KAAK,CAAC,IAAI,CAAC,IAAI,CAAC,CAAC;YAClB,CAAC;iBAAM,IAAI,KAAK,CAAC,IAAI,KAAK,MAAM,EAAE,CAAC;gBAClC,0BAA0B;gBAC1B,MAAM,MAAM,GAAG,IAAI,CAAC,KAAK,CAAC,eAAe,IAAI,IAAI,CAAC;gBAClD,KAAK,CAAC,IAAI,CAAC,IAAI,CAAC,KAAK,CAAC,eAAe,CAAC,SAAS,KAAK,CAAC,IAAI,IAAI,EAAE,EAAE,CAAC,CAAC,CAAC;gBACpE,IAAI,IAAI,CAAC,KAAK,CAAC,aAAa,EAAE,CAAC;oBAC9B,MAAM,gBAAgB,GAAG,IAAI,CAAC,KAAK,CAAC,aAAa,CAAC,KAAK,CAAC,IAAI,EAAE,KAAK,CAAC,IAAI,CAAC,CAAC;oBAC1E,KAAK,MAAM,MAAM,IAAI,gBAAgB,EAAE,CAAC;wBACvC,KAAK,CAAC,IAAI,CAAC,GAAG,MAAM,GAAG,MAAM,EAAE,CAAC,CAAC;oBAClC,CAAC;gBACF,CAAC;qBAAM,CAAC;oBACP,MAAM,SAAS,GAAG,KAAK,CAAC,IAAI,CAAC,KAAK,CAAC,IAAI,CAAC,CAAC;oBACzC,KAAK,MAAM,QAAQ,IAAI,SAAS,EAAE,CAAC;wBAClC,KAAK,CAAC,IAAI,CAAC,GAAG,MAAM,GAAG,IAAI,CAAC,KAAK,CAAC,SAAS,CAAC,QAAQ,CAAC,EAAE,CAAC,CAAC;oBAC1D,CAAC;gBACF,CAAC;gBACD,KAAK,CAAC,IAAI,CAAC,IAAI,CAAC,KAAK,CAAC,eAAe,CAAC,KAAK,CAAC,CAAC,CAAC;YAC/C,CAAC;iBAAM,CAAC;gBACP,8CAA8C;gBAC9C,MAAM,IAAI,GAAG,IAAI,CAAC,kBAAkB,CAAC,CAAC,KAAK,CAAC,EAAE,YAAY,CAAC,CAAC;gBAC5D,IAAI,IAAI,EAAE,CAAC;oBACV,KAAK,CAAC,IAAI,CAAC,IAAI,CAAC,CAAC;gBAClB,CAAC;YACF,CAAC;QACF,CAAC;QAED,OAAO,KAAK,CAAC;IAAA,CACb;IAED;;OAEG;IACK,mBAAmB,CAAC,IAAY,EAAE,QAAiB,EAAU;QACpE,MAAM,KAAK,GAAG,IAAI,CAAC,KAAK,CAAC,KAAK,CAAC,CAAC,MAAM,CAAC,CAAC,IAAI,EAAE,EAAE,CAAC,IAAI,CAAC,MAAM,GAAG,CAAC,CAAC,CAAC;QAClE,IAAI,OAAO,GAAG,CAAC,CAAC;QAChB,KAAK,MAAM,IAAI,IAAI,KAAK,EAAE,CAAC;YAC1B,OAAO,GAAG,IAAI,CAAC,GAAG,CAAC,OAAO,EAAE,YAAY,CAAC,IAAI,CAAC,CAAC,CAAC;QACjD,CAAC;QACD,IAAI,QAAQ,KAAK,SAAS,EAAE,CAAC;YAC5B,OAAO,OAAO,CAAC;QAChB,CAAC;QACD,OAAO,IAAI,CAAC,GAAG,CAAC,OAAO,EAAE,QAAQ,CAAC,CAAC;IAAA,CACnC;IAED;;;;;OAKG;IACK,YAAY,CAAC,IAAY,EAAE,QAAgB,EAAY;QAC9D,OAAO,gBAAgB,CAAC,IAAI,EAAE,IAAI,CAAC,GAAG,CAAC,CAAC,EAAE,QAAQ,CAAC,CAAC,CAAC;IAAA,CACrD;IAED;;;OAGG;IACK,WAAW,CAClB,KAA6D,EAC7D,cAAsB,EACtB,aAAsB,EACtB,YAAiC,EACtB;QACX,MAAM,KAAK,GAAa,EAAE,CAAC;QAC3B,MAAM,OAAO,GAAG,KAAK,CAAC,MAAM,CAAC,MAAM,CAAC;QAEpC,IAAI,OAAO,KAAK,CAAC,EAAE,CAAC;YACnB,OAAO,KAAK,CAAC;QACd,CAAC;QAED,+DAAyD;QACzD,+BAA+B;QAC/B,MAAM,cAAc,GAAG,CAAC,GAAG,OAAO,GAAG,CAAC,CAAC;QACvC,MAAM,iBAAiB,GAAG,cAAc,GAAG,cAAc,CAAC;QAC1D,IAAI,iBAAiB,GAAG,OAAO,EAAE,CAAC;YACjC,kEAAkE;YAClE,MAAM,aAAa,GAAG,KAAK,CAAC,GAAG,CAAC,CAAC,CAAC,gBAAgB,CAAC,KAAK,CAAC,GAAG,EAAE,cAAc,CAAC,CAAC,CAAC,CAAC,EAAE,CAAC;YACnF,IAAI,aAAa,IAAI,aAAa,KAAK,OAAO,EAAE,CAAC;gBAChD,aAAa,CAAC,IAAI,CAAC,EAAE,CAAC,CAAC;YACxB,CAAC;YACD,OAAO,aAAa,CAAC;QACtB,CAAC;QAED,MAAM,oBAAoB,GAAG,EAAE,CAAC;QAEhC,+EAA+E;QAC/E,MAAM,aAAa,GAAa,EAAE,CAAC;QACnC,MAAM,aAAa,GAAa,EAAE,CAAC;QACnC,KAAK,IAAI,CAAC,GAAG,CAAC,EAAE,CAAC,GAAG,OAAO,EAAE,CAAC,EAAE,EAAE,CAAC;YAClC,MAAM,UAAU,GAAG,IAAI,CAAC,kBAAkB,CAAC,KAAK,CAAC,MAAM,CAAC,CAAC,CAAC,CAAC,MAAM,IAAI,EAAE,EAAE,YAAY,CAAC,CAAC;YACvF,aAAa,CAAC,CAAC,CAAC,GAAG,YAAY,CAAC,UAAU,CAAC,CAAC;YAC5C,aAAa,CAAC,CAAC,CAAC,GAAG,IAAI,CAAC,GAAG,CAAC,CAAC,EAAE,IAAI,CAAC,mBAAmB,CAAC,UAAU,EAAE,oBAAoB,CAAC,CAAC,CAAC;QAC5F,CAAC;QACD,KAAK,MAAM,GAAG,IAAI,KAAK,CAAC,IAAI,EAAE,CAAC;YAC9B,KAAK,IAAI,CAAC,GAAG,CAAC,EAAE,CAAC,GAAG,GAAG,CAAC,MAAM,EAAE,CAAC,EAAE,EAAE,CAAC;gBACrC,MAAM,QAAQ,GAAG,IAAI,CAAC,kBAAkB,CAAC,GAAG,CAAC,CAAC,CAAC,CAAC,MAAM,IAAI,EAAE,EAAE,YAAY,CAAC,CAAC;gBAC5E,aAAa,CAAC,CAAC,CAAC,GAAG,IAAI,CAAC,GAAG,CAAC,aAAa,CAAC,CAAC,CAAC,IAAI,CAAC,EAAE,YAAY,CAAC,QAAQ,CAAC,CAAC,CAAC;gBAC3E,aAAa,CAAC,CAAC,CAAC,GAAG,IAAI,CAAC,GAAG,CAC1B,aAAa,CAAC,CAAC,CAAC,IAAI,CAAC,EACrB,IAAI,CAAC,mBAAmB,CAAC,QAAQ,EAAE,oBAAoB,CAAC,CACxD,CAAC;YACH,CAAC;QACF,CAAC;QAED,IAAI,eAAe,GAAG,aAAa,CAAC;QACpC,IAAI,aAAa,GAAG,eAAe,CAAC,MAAM,CAAC,CAAC,CAAC,EAAE,CAAC,EAAE,EAAE,CAAC,CAAC,GAAG,CAAC,EAAE,CAAC,CAAC,CAAC;QAE/D,IAAI,aAAa,GAAG,iBAAiB,EAAE,CAAC;YACvC,eAAe,GAAG,IAAI,KAAK,CAAC,OAAO,CAAC,CAAC,IAAI,CAAC,CAAC,CAAC,CAAC;YAC7C,MAAM,SAAS,GAAG,iBAAiB,GAAG,OAAO,CAAC;YAE9C,IAAI,SAAS,GAAG,CAAC,EAAE,CAAC;gBACnB,MAAM,WAAW,GAAG,aAAa,CAAC,MAAM,CAAC,CAAC,KAAK,EAAE,KAAK,EAAE,EAAE,CAAC,KAAK,GAAG,IAAI,CAAC,GAAG,CAAC,CAAC,EAAE,KAAK,GAAG,CAAC,CAAC,EAAE,CAAC,CAAC,CAAC;gBAC9F,MAAM,MAAM,GAAG,aAAa,CAAC,GAAG,CAAC,CAAC,KAAK,EAAE,EAAE,CAAC;oBAC3C,MAAM,MAAM,GAAG,IAAI,CAAC,GAAG,CAAC,CAAC,EAAE,KAAK,GAAG,CAAC,CAAC,CAAC;oBACtC,OAAO,WAAW,GAAG,CAAC,CAAC,CAAC,CAAC,IAAI,CAAC,KAAK,CAAC,CAAC,MAAM,GAAG,WAAW,CAAC,GAAG,SAAS,CAAC,CAAC,CAAC,CAAC,CAAC,CAAC;gBAAA,CAC5E,CAAC,CAAC;gBAEH,KAAK,IAAI,CAAC,GAAG,CAAC,EAAE,CAAC,GAAG,OAAO,EAAE,CAAC,EAAE,EAAE,CAAC;oBAClC,eAAe,CAAC,CAAC,CAAC,IAAI,MAAM,CAAC,CAAC,CAAC,IAAI,CAAC,CAAC;gBACtC,CAAC;gBAED,MAAM,SAAS,GAAG,MAAM,CAAC,MAAM,CAAC,CAAC,KAAK,EAAE,KAAK,EAAE,EAAE,CAAC,KAAK,GAAG,KAAK,EAAE,CAAC,CAAC,CAAC;gBACpE,IAAI,QAAQ,GAAG,SAAS,GAAG,SAAS,CAAC;gBACrC,KAAK,IAAI,CAAC,GAAG,CAAC,EAAE,QAAQ,GAAG,CAAC,IAAI,CAAC,GAAG,OAAO,EAAE,CAAC,EAAE,EAAE,CAAC;oBAClD,eAAe,CAAC,CAAC,CAAC,EAAE,CAAC;oBACrB,QAAQ,EAAE,CAAC;gBACZ,CAAC;YACF,CAAC;YAED,aAAa,GAAG,eAAe,CAAC,MAAM,CAAC,CAAC,CAAC,EAAE,CAAC,EAAE,EAAE,CAAC,CAAC,GAAG,CAAC,EAAE,CAAC,CAAC,CAAC;QAC5D,CAAC;QAED,0DAA0D;QAC1D,MAAM,iBAAiB,GAAG,aAAa,CAAC,MAAM,CAAC,CAAC,CAAC,EAAE,CAAC,EAAE,EAAE,CAAC,CAAC,GAAG,CAAC,EAAE,CAAC,CAAC,GAAG,cAAc,CAAC;QACpF,IAAI,YAAsB,CAAC;QAE3B,IAAI,iBAAiB,IAAI,cAAc,EAAE,CAAC;YACzC,4BAA4B;YAC5B,YAAY,GAAG,aAAa,CAAC,GAAG,CAAC,CAAC,KAAK,EAAE,KAAK,EAAE,EAAE,CAAC,IAAI,CAAC,GAAG,CAAC,KAAK,EAAE,eAAe,CAAC,KAAK,CAAC,CAAC,CAAC,CAAC;QAC7F,CAAC;aAAM,CAAC;YACP,gCAAgC;YAChC,MAAM,kBAAkB,GAAG,aAAa,CAAC,MAAM,CAAC,CAAC,KAAK,EAAE,KAAK,EAAE,KAAK,EAAE,EAAE,CAAC;gBACxE,OAAO,KAAK,GAAG,IAAI,CAAC,GAAG,CAAC,CAAC,EAAE,KAAK,GAAG,eAAe,CAAC,KAAK,CAAC,CAAC,CAAC;YAAA,CAC3D,EAAE,CAAC,CAAC,CAAC;YACN,MAAM,UAAU,GAAG,IAAI,CAAC,GAAG,CAAC,CAAC,EAAE,iBAAiB,GAAG,aAAa,CAAC,CAAC;YAClE,YAAY,GAAG,eAAe,CAAC,GAAG,CAAC,CAAC,QAAQ,EAAE,KAAK,EAAE,EAAE,CAAC;gBACvD,MAAM,YAAY,GAAG,aAAa,CAAC,KAAK,CAAC,CAAC;gBAC1C,MAAM,aAAa,GAAG,IAAI,CAAC,GAAG,CAAC,CAAC,EAAE,YAAY,GAAG,QAAQ,CAAC,CAAC;gBAC3D,IAAI,IAAI,GAAG,CAAC,CAAC;gBACb,IAAI,kBAAkB,GAAG,CAAC,EAAE,CAAC;oBAC5B,IAAI,GAAG,IAAI,CAAC,KAAK,CAAC,CAAC,aAAa,GAAG,kBAAkB,CAAC,GAAG,UAAU,CAAC,CAAC;gBACtE,CAAC;gBACD,OAAO,QAAQ,GAAG,IAAI,CAAC;YAAA,CACvB,CAAC,CAAC;YAEH,0DAA0D;YAC1D,MAAM,SAAS,GAAG,YAAY,CAAC,MAAM,CAAC,CAAC,CAAC,EAAE,CAAC,EAAE,EAAE,CAAC,CAAC,GAAG,CAAC,EAAE,CAAC,CAAC,CAAC;YAC1D,IAAI,SAAS,GAAG,iBAAiB,GAAG,SAAS,CAAC;YAC9C,OAAO,SAAS,GAAG,CAAC,EAAE,CAAC;gBACtB,IAAI,IAAI,GAAG,KAAK,CAAC;gBACjB,KAAK,IAAI,CAAC,GAAG,CAAC,EAAE,CAAC,GAAG,OAAO,IAAI,SAAS,GAAG,CAAC,EAAE,CAAC,EAAE,EAAE,CAAC;oBACnD,IAAI,YAAY,CAAC,CAAC,CAAC,GAAG,aAAa,CAAC,CAAC,CAAC,EAAE,CAAC;wBACxC,YAAY,CAAC,CAAC,CAAC,EAAE,CAAC;wBAClB,SAAS,EAAE,CAAC;wBACZ,IAAI,GAAG,IAAI,CAAC;oBACb,CAAC;gBACF,CAAC;gBACD,IAAI,CAAC,IAAI,EAAE,CAAC;oBACX,MAAM;gBACP,CAAC;YACF,CAAC;QACF,CAAC;QAED,oBAAoB;QACpB,MAAM,cAAc,GAAG,YAAY,CAAC,GAAG,CAAC,CAAC,CAAC,EAAE,EAAE,CAAC,KAAG,CAAC,MAAM,CAAC,CAAC,CAAC,CAAC,CAAC;QAC9D,KAAK,CAAC,IAAI,CAAC,SAAK,cAAc,CAAC,IAAI,CAAC,WAAK,CAAC,QAAI,CAAC,CAAC;QAEhD,8BAA8B;QAC9B,MAAM,eAAe,GAAe,KAAK,CAAC,MAAM,CAAC,GAAG,CAAC,CAAC,IAAI,EAAE,CAAC,EAAE,EAAE,CAAC;YACjE,MAAM,IAAI,GAAG,IAAI,CAAC,kBAAkB,CAAC,IAAI,CAAC,MAAM,IAAI,EAAE,EAAE,YAAY,CAAC,CAAC;YACtE,OAAO,IAAI,CAAC,YAAY,CAAC,IAAI,EAAE,YAAY,CAAC,CAAC,CAAC,CAAC,CAAC;QAAA,CAChD,CAAC,CAAC;QACH,MAAM,eAAe,GAAG,IAAI,CAAC,GAAG,CAAC,GAAG,eAAe,CAAC,GAAG,CAAC,CAAC,CAAC,EAAE,EAAE,CAAC,CAAC,CAAC,MAAM,CAAC,CAAC,CAAC;QAE1E,KAAK,IAAI,OAAO,GAAG,CAAC,EAAE,OAAO,GAAG,eAAe,EAAE,OAAO,EAAE,EAAE,CAAC;YAC5D,MAAM,QAAQ,GAAG,eAAe,CAAC,GAAG,CAAC,CAAC,SAAS,EAAE,MAAM,EAAE,EAAE,CAAC;gBAC3D,MAAM,IAAI,GAAG,SAAS,CAAC,OAAO,CAAC,IAAI,EAAE,CAAC;gBACtC,MAAM,MAAM,GAAG,IAAI,GAAG,GAAG,CAAC,MAAM,CAAC,IAAI,CAAC,GAAG,CAAC,CAAC,EAAE,YAAY,CAAC,MAAM,CAAC,GAAG,YAAY,CAAC,IAAI,CAAC,CAAC,CAAC,CAAC;gBACzF,OAAO,IAAI,CAAC,KAAK,CAAC,IAAI,CAAC,MAAM,CAAC,CAAC;YAAA,CAC/B,CAAC,CAAC;YACH,KAAK,CAAC,IAAI,CAAC,OAAK,QAAQ,CAAC,IAAI,CAAC,OAAK,CAAC,MAAI,CAAC,CAAC;QAC3C,CAAC;QAED,mBAAmB;QACnB,MAAM,cAAc,GAAG,YAAY,CAAC,GAAG,CAAC,CAAC,CAAC,EAAE,EAAE,CAAC,KAAG,CAAC,MAAM,CAAC,CAAC,CAAC,CAAC,CAAC;QAC9D,MAAM,aAAa,GAAG,SAAK,cAAc,CAAC,IAAI,CAAC,WAAK,CAAC,QAAI,CAAC;QAC1D,KAAK,CAAC,IAAI,CAAC,aAAa,CAAC,CAAC;QAE1B,4BAA4B;QAC5B,KAAK,IAAI,QAAQ,GAAG,CAAC,EAAE,QAAQ,GAAG,KAAK,CAAC,IAAI,CAAC,MAAM,EAAE,QAAQ,EAAE,EAAE,CAAC;YACjE,MAAM,GAAG,GAAG,KAAK,CAAC,IAAI,CAAC,QAAQ,CAAC,CAAC;YACjC,MAAM,YAAY,GAAe,GAAG,CAAC,GAAG,CAAC,CAAC,IAAI,EAAE,CAAC,EAAE,EAAE,CAAC;gBACrD,MAAM,IAAI,GAAG,IAAI,CAAC,kBAAkB,CAAC,IAAI,CAAC,MAAM,IAAI,EAAE,EAAE,YAAY,CAAC,CAAC;gBACtE,OAAO,IAAI,CAAC,YAAY,CAAC,IAAI,EAAE,YAAY,CAAC,CAAC,CAAC,CAAC,CAAC;YAAA,CAChD,CAAC,CAAC;YACH,MAAM,YAAY,GAAG,IAAI,CAAC,GAAG,CAAC,GAAG,YAAY,CAAC,GAAG,CAAC,CAAC,CAAC,EAAE,EAAE,CAAC,CAAC,CAAC,MAAM,CAAC,CAAC,CAAC;YAEpE,KAAK,IAAI,OAAO,GAAG,CAAC,EAAE,OAAO,GAAG,YAAY,EAAE,OAAO,EAAE,EAAE,CAAC;gBACzD,MAAM,QAAQ,GAAG,YAAY,CAAC,GAAG,CAAC,CAAC,SAAS,EAAE,MAAM,EAAE,EAAE,CAAC;oBACxD,MAAM,IAAI,GAAG,SAAS,CAAC,OAAO,CAAC,IAAI,EAAE,CAAC;oBACtC,OAAO,IAAI,GAAG,GAAG,CAAC,MAAM,CAAC,IAAI,CAAC,GAAG,CAAC,CAAC,EAAE,YAAY,CAAC,MAAM,CAAC,GAAG,YAAY,CAAC,IAAI,CAAC,CAAC,CAAC,CAAC;gBAAA,CACjF,CAAC,CAAC;gBACH,KAAK,CAAC,IAAI,CAAC,OAAK,QAAQ,CAAC,IAAI,CAAC,OAAK,CAAC,MAAI,CAAC,CAAC;YAC3C,CAAC;YAED,IAAI,QAAQ,GAAG,KAAK,CAAC,IAAI,CAAC,MAAM,GAAG,CAAC,EAAE,CAAC;gBACtC,KAAK,CAAC,IAAI,CAAC,aAAa,CAAC,CAAC;YAC3B,CAAC;QACF,CAAC;QAED,uBAAuB;QACvB,MAAM,iBAAiB,GAAG,YAAY,CAAC,GAAG,CAAC,CAAC,CAAC,EAAE,EAAE,CAAC,KAAG,CAAC,MAAM,CAAC,CAAC,CAAC,CAAC,CAAC;QACjE,KAAK,CAAC,IAAI,CAAC,SAAK,iBAAiB,CAAC,IAAI,CAAC,WAAK,CAAC,QAAI,CAAC,CAAC;QAEnD,IAAI,aAAa,IAAI,aAAa,KAAK,OAAO,EAAE,CAAC;YAChD,KAAK,CAAC,IAAI,CAAC,EAAE,CAAC,CAAC,CAAC,0BAA0B;QAC3C,CAAC;QACD,OAAO,KAAK,CAAC;IAAA,CACb;CACD","sourcesContent":["import { Marked, type Token, Tokenizer, type Tokens } from \"marked\";\nimport { getCapabilities, hyperlink, isImageLine } from \"../terminal-image.js\";\nimport type { Component } from \"../tui.js\";\nimport { applyBackgroundToLine, visibleWidth, wrapTextWithAnsi } from \"../utils.js\";\n\nconst STRICT_STRIKETHROUGH_REGEX = /^(~~)(?=[^\\s~])((?:\\\\.|[^\\\\])*?(?:\\\\.|[^\\s~\\\\]))\\1(?=[^~]|$)/;\n\nclass StrictStrikethroughTokenizer extends Tokenizer {\n\toverride del(src: string): Tokens.Del | undefined {\n\t\tconst match = STRICT_STRIKETHROUGH_REGEX.exec(src);\n\t\tif (!match) {\n\t\t\treturn undefined;\n\t\t}\n\n\t\tconst text = match[2];\n\t\treturn {\n\t\t\ttype: \"del\",\n\t\t\traw: match[0],\n\t\t\ttext,\n\t\t\ttokens: this.lexer.inlineTokens(text),\n\t\t};\n\t}\n}\n\nconst markdownParser = new Marked();\nmarkdownParser.setOptions({\n\ttokenizer: new StrictStrikethroughTokenizer(),\n});\n\n/**\n * Default text styling for markdown content.\n * Applied to all text unless overridden by markdown formatting.\n */\nexport interface DefaultTextStyle {\n\t/** Foreground color function */\n\tcolor?: (text: string) => string;\n\t/** Background color function */\n\tbgColor?: (text: string) => string;\n\t/** Bold text */\n\tbold?: boolean;\n\t/** Italic text */\n\titalic?: boolean;\n\t/** Strikethrough text */\n\tstrikethrough?: boolean;\n\t/** Underline text */\n\tunderline?: boolean;\n}\n\n/**\n * Theme functions for markdown elements.\n * Each function takes text and returns styled text with ANSI codes.\n */\nexport interface MarkdownTheme {\n\theading: (text: string) => string;\n\tlink: (text: string) => string;\n\tlinkUrl: (text: string) => string;\n\tcode: (text: string) => string;\n\tcodeBlock: (text: string) => string;\n\tcodeBlockBorder: (text: string) => string;\n\tquote: (text: string) => string;\n\tquoteBorder: (text: string) => string;\n\thr: (text: string) => string;\n\tlistBullet: (text: string) => string;\n\tbold: (text: string) => string;\n\titalic: (text: string) => string;\n\tstrikethrough: (text: string) => string;\n\tunderline: (text: string) => string;\n\thighlightCode?: (code: string, lang?: string) => string[];\n\t/** Prefix applied to each rendered code block line (default: \"  \") */\n\tcodeBlockIndent?: string;\n}\n\ninterface InlineStyleContext {\n\tapplyText: (text: string) => string;\n\tstylePrefix: string;\n}\n\nexport class Markdown implements Component {\n\tprivate text: string;\n\tprivate paddingX: number; // Left/right padding\n\tprivate paddingY: number; // Top/bottom padding\n\tprivate defaultTextStyle?: DefaultTextStyle;\n\tprivate theme: MarkdownTheme;\n\tprivate defaultStylePrefix?: string;\n\n\t// Cache for rendered output\n\tprivate cachedText?: string;\n\tprivate cachedWidth?: number;\n\tprivate cachedLines?: string[];\n\n\tconstructor(\n\t\ttext: string,\n\t\tpaddingX: number,\n\t\tpaddingY: number,\n\t\ttheme: MarkdownTheme,\n\t\tdefaultTextStyle?: DefaultTextStyle,\n\t) {\n\t\tthis.text = text;\n\t\tthis.paddingX = paddingX;\n\t\tthis.paddingY = paddingY;\n\t\tthis.theme = theme;\n\t\tthis.defaultTextStyle = defaultTextStyle;\n\t}\n\n\tsetText(text: string): void {\n\t\tthis.text = text;\n\t\tthis.invalidate();\n\t}\n\n\tinvalidate(): void {\n\t\tthis.cachedText = undefined;\n\t\tthis.cachedWidth = undefined;\n\t\tthis.cachedLines = undefined;\n\t}\n\n\trender(width: number): string[] {\n\t\t// Check cache\n\t\tif (this.cachedLines && this.cachedText === this.text && this.cachedWidth === width) {\n\t\t\treturn this.cachedLines;\n\t\t}\n\n\t\t// Calculate available width for content (subtract horizontal padding)\n\t\tconst contentWidth = Math.max(1, width - this.paddingX * 2);\n\n\t\t// Don't render anything if there's no actual text\n\t\tif (!this.text || this.text.trim() === \"\") {\n\t\t\tconst result: string[] = [];\n\t\t\t// Update cache\n\t\t\tthis.cachedText = this.text;\n\t\t\tthis.cachedWidth = width;\n\t\t\tthis.cachedLines = result;\n\t\t\treturn result;\n\t\t}\n\n\t\t// Replace tabs with 3 spaces for consistent rendering\n\t\tconst normalizedText = this.text.replace(/\\t/g, \"   \");\n\n\t\t// Parse markdown to HTML-like tokens\n\t\tconst tokens = markdownParser.lexer(normalizedText);\n\n\t\t// Convert tokens to styled terminal output\n\t\tconst renderedLines: string[] = [];\n\n\t\tfor (let i = 0; i < tokens.length; i++) {\n\t\t\tconst token = tokens[i];\n\t\t\tconst nextToken = tokens[i + 1];\n\t\t\tconst tokenLines = this.renderToken(token, contentWidth, nextToken?.type);\n\t\t\trenderedLines.push(...tokenLines);\n\t\t}\n\n\t\t// Wrap lines (NO padding, NO background yet)\n\t\tconst wrappedLines: string[] = [];\n\t\tfor (const line of renderedLines) {\n\t\t\tif (isImageLine(line)) {\n\t\t\t\twrappedLines.push(line);\n\t\t\t} else {\n\t\t\t\twrappedLines.push(...wrapTextWithAnsi(line, contentWidth));\n\t\t\t}\n\t\t}\n\n\t\t// Add margins and background to each wrapped line\n\t\tconst leftMargin = \" \".repeat(this.paddingX);\n\t\tconst rightMargin = \" \".repeat(this.paddingX);\n\t\tconst bgFn = this.defaultTextStyle?.bgColor;\n\t\tconst contentLines: string[] = [];\n\n\t\tfor (const line of wrappedLines) {\n\t\t\tif (isImageLine(line)) {\n\t\t\t\tcontentLines.push(line);\n\t\t\t\tcontinue;\n\t\t\t}\n\n\t\t\tconst lineWithMargins = leftMargin + line + rightMargin;\n\n\t\t\tif (bgFn) {\n\t\t\t\tcontentLines.push(applyBackgroundToLine(lineWithMargins, width, bgFn));\n\t\t\t} else {\n\t\t\t\t// No background - just pad to width\n\t\t\t\tconst visibleLen = visibleWidth(lineWithMargins);\n\t\t\t\tconst paddingNeeded = Math.max(0, width - visibleLen);\n\t\t\t\tcontentLines.push(lineWithMargins + \" \".repeat(paddingNeeded));\n\t\t\t}\n\t\t}\n\n\t\t// Add top/bottom padding (empty lines)\n\t\tconst emptyLine = \" \".repeat(width);\n\t\tconst emptyLines: string[] = [];\n\t\tfor (let i = 0; i < this.paddingY; i++) {\n\t\t\tconst line = bgFn ? applyBackgroundToLine(emptyLine, width, bgFn) : emptyLine;\n\t\t\temptyLines.push(line);\n\t\t}\n\n\t\t// Combine top padding, content, and bottom padding\n\t\tconst result = [...emptyLines, ...contentLines, ...emptyLines];\n\n\t\t// Update cache\n\t\tthis.cachedText = this.text;\n\t\tthis.cachedWidth = width;\n\t\tthis.cachedLines = result;\n\n\t\treturn result.length > 0 ? result : [\"\"];\n\t}\n\n\t/**\n\t * Apply default text style to a string.\n\t * This is the base styling applied to all text content.\n\t * NOTE: Background color is NOT applied here - it's applied at the padding stage\n\t * to ensure it extends to the full line width.\n\t */\n\tprivate applyDefaultStyle(text: string): string {\n\t\tif (!this.defaultTextStyle) {\n\t\t\treturn text;\n\t\t}\n\n\t\tlet styled = text;\n\n\t\t// Apply foreground color (NOT background - that's applied at padding stage)\n\t\tif (this.defaultTextStyle.color) {\n\t\t\tstyled = this.defaultTextStyle.color(styled);\n\t\t}\n\n\t\t// Apply text decorations using this.theme\n\t\tif (this.defaultTextStyle.bold) {\n\t\t\tstyled = this.theme.bold(styled);\n\t\t}\n\t\tif (this.defaultTextStyle.italic) {\n\t\t\tstyled = this.theme.italic(styled);\n\t\t}\n\t\tif (this.defaultTextStyle.strikethrough) {\n\t\t\tstyled = this.theme.strikethrough(styled);\n\t\t}\n\t\tif (this.defaultTextStyle.underline) {\n\t\t\tstyled = this.theme.underline(styled);\n\t\t}\n\n\t\treturn styled;\n\t}\n\n\tprivate getDefaultStylePrefix(): string {\n\t\tif (!this.defaultTextStyle) {\n\t\t\treturn \"\";\n\t\t}\n\n\t\tif (this.defaultStylePrefix !== undefined) {\n\t\t\treturn this.defaultStylePrefix;\n\t\t}\n\n\t\tconst sentinel = \"\\u0000\";\n\t\tlet styled = sentinel;\n\n\t\tif (this.defaultTextStyle.color) {\n\t\t\tstyled = this.defaultTextStyle.color(styled);\n\t\t}\n\n\t\tif (this.defaultTextStyle.bold) {\n\t\t\tstyled = this.theme.bold(styled);\n\t\t}\n\t\tif (this.defaultTextStyle.italic) {\n\t\t\tstyled = this.theme.italic(styled);\n\t\t}\n\t\tif (this.defaultTextStyle.strikethrough) {\n\t\t\tstyled = this.theme.strikethrough(styled);\n\t\t}\n\t\tif (this.defaultTextStyle.underline) {\n\t\t\tstyled = this.theme.underline(styled);\n\t\t}\n\n\t\tconst sentinelIndex = styled.indexOf(sentinel);\n\t\tthis.defaultStylePrefix = sentinelIndex >= 0 ? styled.slice(0, sentinelIndex) : \"\";\n\t\treturn this.defaultStylePrefix;\n\t}\n\n\tprivate getStylePrefix(styleFn: (text: string) => string): string {\n\t\tconst sentinel = \"\\u0000\";\n\t\tconst styled = styleFn(sentinel);\n\t\tconst sentinelIndex = styled.indexOf(sentinel);\n\t\treturn sentinelIndex >= 0 ? styled.slice(0, sentinelIndex) : \"\";\n\t}\n\n\tprivate getDefaultInlineStyleContext(): InlineStyleContext {\n\t\treturn {\n\t\t\tapplyText: (text: string) => this.applyDefaultStyle(text),\n\t\t\tstylePrefix: this.getDefaultStylePrefix(),\n\t\t};\n\t}\n\n\tprivate renderToken(\n\t\ttoken: Token,\n\t\twidth: number,\n\t\tnextTokenType?: string,\n\t\tstyleContext?: InlineStyleContext,\n\t): string[] {\n\t\tconst lines: string[] = [];\n\n\t\tswitch (token.type) {\n\t\t\tcase \"heading\": {\n\t\t\t\tconst headingLevel = token.depth;\n\t\t\t\tconst headingPrefix = `${\"#\".repeat(headingLevel)} `;\n\n\t\t\t\t// Build a heading-specific style context so inline tokens (codespan, bold, etc.)\n\t\t\t\t// restore heading styling after their own ANSI resets instead of falling back to\n\t\t\t\t// the default text style.\n\t\t\t\tlet headingStyleFn: (text: string) => string;\n\t\t\t\tif (headingLevel === 1) {\n\t\t\t\t\theadingStyleFn = (text: string) => this.theme.heading(this.theme.bold(this.theme.underline(text)));\n\t\t\t\t} else {\n\t\t\t\t\theadingStyleFn = (text: string) => this.theme.heading(this.theme.bold(text));\n\t\t\t\t}\n\n\t\t\t\tconst headingStyleContext: InlineStyleContext = {\n\t\t\t\t\tapplyText: headingStyleFn,\n\t\t\t\t\tstylePrefix: this.getStylePrefix(headingStyleFn),\n\t\t\t\t};\n\n\t\t\t\tconst headingText = this.renderInlineTokens(token.tokens || [], headingStyleContext);\n\t\t\t\tconst styledHeading = headingLevel >= 3 ? headingStyleFn(headingPrefix) + headingText : headingText;\n\t\t\t\tlines.push(styledHeading);\n\t\t\t\tif (nextTokenType && nextTokenType !== \"space\") {\n\t\t\t\t\tlines.push(\"\"); // Add spacing after headings (unless space token follows)\n\t\t\t\t}\n\t\t\t\tbreak;\n\t\t\t}\n\n\t\t\tcase \"paragraph\": {\n\t\t\t\tconst paragraphText = this.renderInlineTokens(token.tokens || [], styleContext);\n\t\t\t\tlines.push(paragraphText);\n\t\t\t\t// Don't add spacing if next token is space or list\n\t\t\t\tif (nextTokenType && nextTokenType !== \"list\" && nextTokenType !== \"space\") {\n\t\t\t\t\tlines.push(\"\");\n\t\t\t\t}\n\t\t\t\tbreak;\n\t\t\t}\n\n\t\t\tcase \"code\": {\n\t\t\t\tconst indent = this.theme.codeBlockIndent ?? \"  \";\n\t\t\t\tlines.push(this.theme.codeBlockBorder(`\\`\\`\\`${token.lang || \"\"}`));\n\t\t\t\tif (this.theme.highlightCode) {\n\t\t\t\t\tconst highlightedLines = this.theme.highlightCode(token.text, token.lang);\n\t\t\t\t\tfor (const hlLine of highlightedLines) {\n\t\t\t\t\t\tlines.push(`${indent}${hlLine}`);\n\t\t\t\t\t}\n\t\t\t\t} else {\n\t\t\t\t\t// Split code by newlines and style each line\n\t\t\t\t\tconst codeLines = token.text.split(\"\\n\");\n\t\t\t\t\tfor (const codeLine of codeLines) {\n\t\t\t\t\t\tlines.push(`${indent}${this.theme.codeBlock(codeLine)}`);\n\t\t\t\t\t}\n\t\t\t\t}\n\t\t\t\tlines.push(this.theme.codeBlockBorder(\"```\"));\n\t\t\t\tif (nextTokenType && nextTokenType !== \"space\") {\n\t\t\t\t\tlines.push(\"\"); // Add spacing after code blocks (unless space token follows)\n\t\t\t\t}\n\t\t\t\tbreak;\n\t\t\t}\n\n\t\t\tcase \"list\": {\n\t\t\t\tconst listLines = this.renderList(token as any, 0, styleContext);\n\t\t\t\tlines.push(...listLines);\n\t\t\t\t// Don't add spacing after lists if a space token follows\n\t\t\t\t// (the space token will handle it)\n\t\t\t\tbreak;\n\t\t\t}\n\n\t\t\tcase \"table\": {\n\t\t\t\tconst tableLines = this.renderTable(token as any, width, nextTokenType, styleContext);\n\t\t\t\tlines.push(...tableLines);\n\t\t\t\tbreak;\n\t\t\t}\n\n\t\t\tcase \"blockquote\": {\n\t\t\t\tconst quoteStyle = (text: string) => this.theme.quote(this.theme.italic(text));\n\t\t\t\tconst quoteStylePrefix = this.getStylePrefix(quoteStyle);\n\t\t\t\tconst applyQuoteStyle = (line: string): string => {\n\t\t\t\t\tif (!quoteStylePrefix) {\n\t\t\t\t\t\treturn quoteStyle(line);\n\t\t\t\t\t}\n\t\t\t\t\tconst lineWithReappliedStyle = line.replace(/\\x1b\\[0m/g, `\\x1b[0m${quoteStylePrefix}`);\n\t\t\t\t\treturn quoteStyle(lineWithReappliedStyle);\n\t\t\t\t};\n\n\t\t\t\t// Calculate available width for quote content (subtract border \"│ \" = 2 chars)\n\t\t\t\tconst quoteContentWidth = Math.max(1, width - 2);\n\n\t\t\t\t// Blockquotes contain block-level tokens (paragraph, list, code, etc.), so render\n\t\t\t\t// children with renderToken() instead of renderInlineTokens().\n\t\t\t\t// Default message style should not apply inside blockquotes.\n\t\t\t\tconst quoteInlineStyleContext: InlineStyleContext = {\n\t\t\t\t\tapplyText: (text: string) => text,\n\t\t\t\t\tstylePrefix: quoteStylePrefix,\n\t\t\t\t};\n\t\t\t\tconst quoteTokens = token.tokens || [];\n\t\t\t\tconst renderedQuoteLines: string[] = [];\n\t\t\t\tfor (let i = 0; i < quoteTokens.length; i++) {\n\t\t\t\t\tconst quoteToken = quoteTokens[i];\n\t\t\t\t\tconst nextQuoteToken = quoteTokens[i + 1];\n\t\t\t\t\trenderedQuoteLines.push(\n\t\t\t\t\t\t...this.renderToken(quoteToken, quoteContentWidth, nextQuoteToken?.type, quoteInlineStyleContext),\n\t\t\t\t\t);\n\t\t\t\t}\n\n\t\t\t\t// Avoid rendering an extra empty quote line before the outer blockquote spacing.\n\t\t\t\twhile (renderedQuoteLines.length > 0 && renderedQuoteLines[renderedQuoteLines.length - 1] === \"\") {\n\t\t\t\t\trenderedQuoteLines.pop();\n\t\t\t\t}\n\n\t\t\t\tfor (const quoteLine of renderedQuoteLines) {\n\t\t\t\t\tconst styledLine = applyQuoteStyle(quoteLine);\n\t\t\t\t\tconst wrappedLines = wrapTextWithAnsi(styledLine, quoteContentWidth);\n\t\t\t\t\tfor (const wrappedLine of wrappedLines) {\n\t\t\t\t\t\tlines.push(this.theme.quoteBorder(\"│ \") + wrappedLine);\n\t\t\t\t\t}\n\t\t\t\t}\n\t\t\t\tif (nextTokenType && nextTokenType !== \"space\") {\n\t\t\t\t\tlines.push(\"\"); // Add spacing after blockquotes (unless space token follows)\n\t\t\t\t}\n\t\t\t\tbreak;\n\t\t\t}\n\n\t\t\tcase \"hr\":\n\t\t\t\tlines.push(this.theme.hr(\"─\".repeat(Math.min(width, 80))));\n\t\t\t\tif (nextTokenType && nextTokenType !== \"space\") {\n\t\t\t\t\tlines.push(\"\"); // Add spacing after horizontal rules (unless space token follows)\n\t\t\t\t}\n\t\t\t\tbreak;\n\n\t\t\tcase \"html\":\n\t\t\t\t// Render HTML as plain text (escaped for terminal)\n\t\t\t\tif (\"raw\" in token && typeof token.raw === \"string\") {\n\t\t\t\t\tlines.push(this.applyDefaultStyle(token.raw.trim()));\n\t\t\t\t}\n\t\t\t\tbreak;\n\n\t\t\tcase \"space\":\n\t\t\t\t// Space tokens represent blank lines in markdown\n\t\t\t\tlines.push(\"\");\n\t\t\t\tbreak;\n\n\t\t\tdefault:\n\t\t\t\t// Handle any other token types as plain text\n\t\t\t\tif (\"text\" in token && typeof token.text === \"string\") {\n\t\t\t\t\tlines.push(token.text);\n\t\t\t\t}\n\t\t}\n\n\t\treturn lines;\n\t}\n\n\tprivate renderInlineTokens(tokens: Token[], styleContext?: InlineStyleContext): string {\n\t\tlet result = \"\";\n\t\tconst resolvedStyleContext = styleContext ?? this.getDefaultInlineStyleContext();\n\t\tconst { applyText, stylePrefix } = resolvedStyleContext;\n\t\tconst applyTextWithNewlines = (text: string): string => {\n\t\t\tconst segments: string[] = text.split(\"\\n\");\n\t\t\treturn segments.map((segment: string) => applyText(segment)).join(\"\\n\");\n\t\t};\n\n\t\tfor (const token of tokens) {\n\t\t\tswitch (token.type) {\n\t\t\t\tcase \"text\":\n\t\t\t\t\t// Text tokens in list items can have nested tokens for inline formatting\n\t\t\t\t\tif (token.tokens && token.tokens.length > 0) {\n\t\t\t\t\t\tresult += this.renderInlineTokens(token.tokens, resolvedStyleContext);\n\t\t\t\t\t} else {\n\t\t\t\t\t\tresult += applyTextWithNewlines(token.text);\n\t\t\t\t\t}\n\t\t\t\t\tbreak;\n\n\t\t\t\tcase \"paragraph\":\n\t\t\t\t\t// Paragraph tokens contain nested inline tokens\n\t\t\t\t\tresult += this.renderInlineTokens(token.tokens || [], resolvedStyleContext);\n\t\t\t\t\tbreak;\n\n\t\t\t\tcase \"strong\": {\n\t\t\t\t\tconst boldContent = this.renderInlineTokens(token.tokens || [], resolvedStyleContext);\n\t\t\t\t\tresult += this.theme.bold(boldContent) + stylePrefix;\n\t\t\t\t\tbreak;\n\t\t\t\t}\n\n\t\t\t\tcase \"em\": {\n\t\t\t\t\tconst italicContent = this.renderInlineTokens(token.tokens || [], resolvedStyleContext);\n\t\t\t\t\tresult += this.theme.italic(italicContent) + stylePrefix;\n\t\t\t\t\tbreak;\n\t\t\t\t}\n\n\t\t\t\tcase \"codespan\":\n\t\t\t\t\tresult += this.theme.code(token.text) + stylePrefix;\n\t\t\t\t\tbreak;\n\n\t\t\t\tcase \"link\": {\n\t\t\t\t\tconst linkText = this.renderInlineTokens(token.tokens || [], resolvedStyleContext);\n\t\t\t\t\tconst styledLink = this.theme.link(this.theme.underline(linkText));\n\t\t\t\t\tif (getCapabilities().hyperlinks) {\n\t\t\t\t\t\t// OSC 8: render as a clickable hyperlink. The URL is not printed inline,\n\t\t\t\t\t\t// so we always show only the link text regardless of whether it matches href.\n\t\t\t\t\t\tresult += hyperlink(styledLink, token.href) + stylePrefix;\n\t\t\t\t\t} else {\n\t\t\t\t\t\t// Fallback: print URL in parentheses when text differs from href.\n\t\t\t\t\t\t// Compare raw token.text (not styled) against href for the equality check.\n\t\t\t\t\t\t// For mailto: links strip the prefix (autolinked emails use text=\"foo@bar.com\"\n\t\t\t\t\t\t// but href=\"mailto:foo@bar.com\").\n\t\t\t\t\t\tconst hrefForComparison = token.href.startsWith(\"mailto:\") ? token.href.slice(7) : token.href;\n\t\t\t\t\t\tif (token.text === token.href || token.text === hrefForComparison) {\n\t\t\t\t\t\t\tresult += styledLink + stylePrefix;\n\t\t\t\t\t\t} else {\n\t\t\t\t\t\t\tresult += styledLink + this.theme.linkUrl(` (${token.href})`) + stylePrefix;\n\t\t\t\t\t\t}\n\t\t\t\t\t}\n\t\t\t\t\tbreak;\n\t\t\t\t}\n\n\t\t\t\tcase \"br\":\n\t\t\t\t\tresult += \"\\n\";\n\t\t\t\t\tbreak;\n\n\t\t\t\tcase \"del\": {\n\t\t\t\t\tconst delContent = this.renderInlineTokens(token.tokens || [], resolvedStyleContext);\n\t\t\t\t\tresult += this.theme.strikethrough(delContent) + stylePrefix;\n\t\t\t\t\tbreak;\n\t\t\t\t}\n\n\t\t\t\tcase \"html\":\n\t\t\t\t\t// Render inline HTML as plain text\n\t\t\t\t\tif (\"raw\" in token && typeof token.raw === \"string\") {\n\t\t\t\t\t\tresult += applyTextWithNewlines(token.raw);\n\t\t\t\t\t}\n\t\t\t\t\tbreak;\n\n\t\t\t\tdefault:\n\t\t\t\t\t// Handle any other inline token types as plain text\n\t\t\t\t\tif (\"text\" in token && typeof token.text === \"string\") {\n\t\t\t\t\t\tresult += applyTextWithNewlines(token.text);\n\t\t\t\t\t}\n\t\t\t}\n\t\t}\n\n\t\twhile (stylePrefix && result.endsWith(stylePrefix)) {\n\t\t\tresult = result.slice(0, -stylePrefix.length);\n\t\t}\n\n\t\treturn result;\n\t}\n\n\t/**\n\t * Render a list with proper nesting support\n\t */\n\tprivate renderList(\n\t\ttoken: Token & { items: any[]; ordered: boolean; start?: number },\n\t\tdepth: number,\n\t\tstyleContext?: InlineStyleContext,\n\t): string[] {\n\t\tconst lines: string[] = [];\n\t\tconst indent = \"  \".repeat(depth);\n\t\t// Use the list's start property (defaults to 1 for ordered lists)\n\t\tconst startNumber = token.start ?? 1;\n\n\t\tfor (let i = 0; i < token.items.length; i++) {\n\t\t\tconst item = token.items[i];\n\t\t\tconst bullet = token.ordered ? `${startNumber + i}. ` : \"- \";\n\n\t\t\t// Process item tokens to handle nested lists\n\t\t\tconst itemLines = this.renderListItem(item.tokens || [], depth, styleContext);\n\n\t\t\tif (itemLines.length > 0) {\n\t\t\t\t// First line - check if it's a nested list\n\t\t\t\t// A nested list will start with indent (spaces) followed by cyan bullet\n\t\t\t\tconst firstLine = itemLines[0];\n\t\t\t\tconst isNestedList = /^\\s+\\x1b\\[36m[-\\d]/.test(firstLine); // starts with spaces + cyan + bullet char\n\n\t\t\t\tif (isNestedList) {\n\t\t\t\t\t// This is a nested list, just add it as-is (already has full indent)\n\t\t\t\t\tlines.push(firstLine);\n\t\t\t\t} else {\n\t\t\t\t\t// Regular text content - add indent and bullet\n\t\t\t\t\tlines.push(indent + this.theme.listBullet(bullet) + firstLine);\n\t\t\t\t}\n\n\t\t\t\t// Rest of the lines\n\t\t\t\tfor (let j = 1; j < itemLines.length; j++) {\n\t\t\t\t\tconst line = itemLines[j];\n\t\t\t\t\tconst isNestedListLine = /^\\s+\\x1b\\[36m[-\\d]/.test(line); // starts with spaces + cyan + bullet char\n\n\t\t\t\t\tif (isNestedListLine) {\n\t\t\t\t\t\t// Nested list line - already has full indent\n\t\t\t\t\t\tlines.push(line);\n\t\t\t\t\t} else {\n\t\t\t\t\t\t// Regular content - add parent indent + 2 spaces for continuation\n\t\t\t\t\t\tlines.push(`${indent}  ${line}`);\n\t\t\t\t\t}\n\t\t\t\t}\n\t\t\t} else {\n\t\t\t\tlines.push(indent + this.theme.listBullet(bullet));\n\t\t\t}\n\t\t}\n\n\t\treturn lines;\n\t}\n\n\t/**\n\t * Render list item tokens, handling nested lists\n\t * Returns lines WITHOUT the parent indent (renderList will add it)\n\t */\n\tprivate renderListItem(tokens: Token[], parentDepth: number, styleContext?: InlineStyleContext): string[] {\n\t\tconst lines: string[] = [];\n\n\t\tfor (const token of tokens) {\n\t\t\tif (token.type === \"list\") {\n\t\t\t\t// Nested list - render with one additional indent level\n\t\t\t\t// These lines will have their own indent, so we just add them as-is\n\t\t\t\tconst nestedLines = this.renderList(token as any, parentDepth + 1, styleContext);\n\t\t\t\tlines.push(...nestedLines);\n\t\t\t} else if (token.type === \"text\") {\n\t\t\t\t// Text content (may have inline tokens)\n\t\t\t\tconst text =\n\t\t\t\t\ttoken.tokens && token.tokens.length > 0\n\t\t\t\t\t\t? this.renderInlineTokens(token.tokens, styleContext)\n\t\t\t\t\t\t: token.text || \"\";\n\t\t\t\tlines.push(text);\n\t\t\t} else if (token.type === \"paragraph\") {\n\t\t\t\t// Paragraph in list item\n\t\t\t\tconst text = this.renderInlineTokens(token.tokens || [], styleContext);\n\t\t\t\tlines.push(text);\n\t\t\t} else if (token.type === \"code\") {\n\t\t\t\t// Code block in list item\n\t\t\t\tconst indent = this.theme.codeBlockIndent ?? \"  \";\n\t\t\t\tlines.push(this.theme.codeBlockBorder(`\\`\\`\\`${token.lang || \"\"}`));\n\t\t\t\tif (this.theme.highlightCode) {\n\t\t\t\t\tconst highlightedLines = this.theme.highlightCode(token.text, token.lang);\n\t\t\t\t\tfor (const hlLine of highlightedLines) {\n\t\t\t\t\t\tlines.push(`${indent}${hlLine}`);\n\t\t\t\t\t}\n\t\t\t\t} else {\n\t\t\t\t\tconst codeLines = token.text.split(\"\\n\");\n\t\t\t\t\tfor (const codeLine of codeLines) {\n\t\t\t\t\t\tlines.push(`${indent}${this.theme.codeBlock(codeLine)}`);\n\t\t\t\t\t}\n\t\t\t\t}\n\t\t\t\tlines.push(this.theme.codeBlockBorder(\"```\"));\n\t\t\t} else {\n\t\t\t\t// Other token types - try to render as inline\n\t\t\t\tconst text = this.renderInlineTokens([token], styleContext);\n\t\t\t\tif (text) {\n\t\t\t\t\tlines.push(text);\n\t\t\t\t}\n\t\t\t}\n\t\t}\n\n\t\treturn lines;\n\t}\n\n\t/**\n\t * Get the visible width of the longest word in a string.\n\t */\n\tprivate getLongestWordWidth(text: string, maxWidth?: number): number {\n\t\tconst words = text.split(/\\s+/).filter((word) => word.length > 0);\n\t\tlet longest = 0;\n\t\tfor (const word of words) {\n\t\t\tlongest = Math.max(longest, visibleWidth(word));\n\t\t}\n\t\tif (maxWidth === undefined) {\n\t\t\treturn longest;\n\t\t}\n\t\treturn Math.min(longest, maxWidth);\n\t}\n\n\t/**\n\t * Wrap a table cell to fit into a column.\n\t *\n\t * Delegates to wrapTextWithAnsi() so ANSI codes + long tokens are handled\n\t * consistently with the rest of the renderer.\n\t */\n\tprivate wrapCellText(text: string, maxWidth: number): string[] {\n\t\treturn wrapTextWithAnsi(text, Math.max(1, maxWidth));\n\t}\n\n\t/**\n\t * Render a table with width-aware cell wrapping.\n\t * Cells that don't fit are wrapped to multiple lines.\n\t */\n\tprivate renderTable(\n\t\ttoken: Token & { header: any[]; rows: any[][]; raw?: string },\n\t\tavailableWidth: number,\n\t\tnextTokenType?: string,\n\t\tstyleContext?: InlineStyleContext,\n\t): string[] {\n\t\tconst lines: string[] = [];\n\t\tconst numCols = token.header.length;\n\n\t\tif (numCols === 0) {\n\t\t\treturn lines;\n\t\t}\n\n\t\t// Calculate border overhead: \"│ \" + (n-1) * \" │ \" + \" │\"\n\t\t// = 2 + (n-1) * 3 + 2 = 3n + 1\n\t\tconst borderOverhead = 3 * numCols + 1;\n\t\tconst availableForCells = availableWidth - borderOverhead;\n\t\tif (availableForCells < numCols) {\n\t\t\t// Too narrow to render a stable table. Fall back to raw markdown.\n\t\t\tconst fallbackLines = token.raw ? wrapTextWithAnsi(token.raw, availableWidth) : [];\n\t\t\tif (nextTokenType && nextTokenType !== \"space\") {\n\t\t\t\tfallbackLines.push(\"\");\n\t\t\t}\n\t\t\treturn fallbackLines;\n\t\t}\n\n\t\tconst maxUnbrokenWordWidth = 30;\n\n\t\t// Calculate natural column widths (what each column needs without constraints)\n\t\tconst naturalWidths: number[] = [];\n\t\tconst minWordWidths: number[] = [];\n\t\tfor (let i = 0; i < numCols; i++) {\n\t\t\tconst headerText = this.renderInlineTokens(token.header[i].tokens || [], styleContext);\n\t\t\tnaturalWidths[i] = visibleWidth(headerText);\n\t\t\tminWordWidths[i] = Math.max(1, this.getLongestWordWidth(headerText, maxUnbrokenWordWidth));\n\t\t}\n\t\tfor (const row of token.rows) {\n\t\t\tfor (let i = 0; i < row.length; i++) {\n\t\t\t\tconst cellText = this.renderInlineTokens(row[i].tokens || [], styleContext);\n\t\t\t\tnaturalWidths[i] = Math.max(naturalWidths[i] || 0, visibleWidth(cellText));\n\t\t\t\tminWordWidths[i] = Math.max(\n\t\t\t\t\tminWordWidths[i] || 1,\n\t\t\t\t\tthis.getLongestWordWidth(cellText, maxUnbrokenWordWidth),\n\t\t\t\t);\n\t\t\t}\n\t\t}\n\n\t\tlet minColumnWidths = minWordWidths;\n\t\tlet minCellsWidth = minColumnWidths.reduce((a, b) => a + b, 0);\n\n\t\tif (minCellsWidth > availableForCells) {\n\t\t\tminColumnWidths = new Array(numCols).fill(1);\n\t\t\tconst remaining = availableForCells - numCols;\n\n\t\t\tif (remaining > 0) {\n\t\t\t\tconst totalWeight = minWordWidths.reduce((total, width) => total + Math.max(0, width - 1), 0);\n\t\t\t\tconst growth = minWordWidths.map((width) => {\n\t\t\t\t\tconst weight = Math.max(0, width - 1);\n\t\t\t\t\treturn totalWeight > 0 ? Math.floor((weight / totalWeight) * remaining) : 0;\n\t\t\t\t});\n\n\t\t\t\tfor (let i = 0; i < numCols; i++) {\n\t\t\t\t\tminColumnWidths[i] += growth[i] ?? 0;\n\t\t\t\t}\n\n\t\t\t\tconst allocated = growth.reduce((total, width) => total + width, 0);\n\t\t\t\tlet leftover = remaining - allocated;\n\t\t\t\tfor (let i = 0; leftover > 0 && i < numCols; i++) {\n\t\t\t\t\tminColumnWidths[i]++;\n\t\t\t\t\tleftover--;\n\t\t\t\t}\n\t\t\t}\n\n\t\t\tminCellsWidth = minColumnWidths.reduce((a, b) => a + b, 0);\n\t\t}\n\n\t\t// Calculate column widths that fit within available width\n\t\tconst totalNaturalWidth = naturalWidths.reduce((a, b) => a + b, 0) + borderOverhead;\n\t\tlet columnWidths: number[];\n\n\t\tif (totalNaturalWidth <= availableWidth) {\n\t\t\t// Everything fits naturally\n\t\t\tcolumnWidths = naturalWidths.map((width, index) => Math.max(width, minColumnWidths[index]));\n\t\t} else {\n\t\t\t// Need to shrink columns to fit\n\t\t\tconst totalGrowPotential = naturalWidths.reduce((total, width, index) => {\n\t\t\t\treturn total + Math.max(0, width - minColumnWidths[index]);\n\t\t\t}, 0);\n\t\t\tconst extraWidth = Math.max(0, availableForCells - minCellsWidth);\n\t\t\tcolumnWidths = minColumnWidths.map((minWidth, index) => {\n\t\t\t\tconst naturalWidth = naturalWidths[index];\n\t\t\t\tconst minWidthDelta = Math.max(0, naturalWidth - minWidth);\n\t\t\t\tlet grow = 0;\n\t\t\t\tif (totalGrowPotential > 0) {\n\t\t\t\t\tgrow = Math.floor((minWidthDelta / totalGrowPotential) * extraWidth);\n\t\t\t\t}\n\t\t\t\treturn minWidth + grow;\n\t\t\t});\n\n\t\t\t// Adjust for rounding errors - distribute remaining space\n\t\t\tconst allocated = columnWidths.reduce((a, b) => a + b, 0);\n\t\t\tlet remaining = availableForCells - allocated;\n\t\t\twhile (remaining > 0) {\n\t\t\t\tlet grew = false;\n\t\t\t\tfor (let i = 0; i < numCols && remaining > 0; i++) {\n\t\t\t\t\tif (columnWidths[i] < naturalWidths[i]) {\n\t\t\t\t\t\tcolumnWidths[i]++;\n\t\t\t\t\t\tremaining--;\n\t\t\t\t\t\tgrew = true;\n\t\t\t\t\t}\n\t\t\t\t}\n\t\t\t\tif (!grew) {\n\t\t\t\t\tbreak;\n\t\t\t\t}\n\t\t\t}\n\t\t}\n\n\t\t// Render top border\n\t\tconst topBorderCells = columnWidths.map((w) => \"─\".repeat(w));\n\t\tlines.push(`┌─${topBorderCells.join(\"─┬─\")}─┐`);\n\n\t\t// Render header with wrapping\n\t\tconst headerCellLines: string[][] = token.header.map((cell, i) => {\n\t\t\tconst text = this.renderInlineTokens(cell.tokens || [], styleContext);\n\t\t\treturn this.wrapCellText(text, columnWidths[i]);\n\t\t});\n\t\tconst headerLineCount = Math.max(...headerCellLines.map((c) => c.length));\n\n\t\tfor (let lineIdx = 0; lineIdx < headerLineCount; lineIdx++) {\n\t\t\tconst rowParts = headerCellLines.map((cellLines, colIdx) => {\n\t\t\t\tconst text = cellLines[lineIdx] || \"\";\n\t\t\t\tconst padded = text + \" \".repeat(Math.max(0, columnWidths[colIdx] - visibleWidth(text)));\n\t\t\t\treturn this.theme.bold(padded);\n\t\t\t});\n\t\t\tlines.push(`│ ${rowParts.join(\" │ \")} │`);\n\t\t}\n\n\t\t// Render separator\n\t\tconst separatorCells = columnWidths.map((w) => \"─\".repeat(w));\n\t\tconst separatorLine = `├─${separatorCells.join(\"─┼─\")}─┤`;\n\t\tlines.push(separatorLine);\n\n\t\t// Render rows with wrapping\n\t\tfor (let rowIndex = 0; rowIndex < token.rows.length; rowIndex++) {\n\t\t\tconst row = token.rows[rowIndex];\n\t\t\tconst rowCellLines: string[][] = row.map((cell, i) => {\n\t\t\t\tconst text = this.renderInlineTokens(cell.tokens || [], styleContext);\n\t\t\t\treturn this.wrapCellText(text, columnWidths[i]);\n\t\t\t});\n\t\t\tconst rowLineCount = Math.max(...rowCellLines.map((c) => c.length));\n\n\t\t\tfor (let lineIdx = 0; lineIdx < rowLineCount; lineIdx++) {\n\t\t\t\tconst rowParts = rowCellLines.map((cellLines, colIdx) => {\n\t\t\t\t\tconst text = cellLines[lineIdx] || \"\";\n\t\t\t\t\treturn text + \" \".repeat(Math.max(0, columnWidths[colIdx] - visibleWidth(text)));\n\t\t\t\t});\n\t\t\t\tlines.push(`│ ${rowParts.join(\" │ \")} │`);\n\t\t\t}\n\n\t\t\tif (rowIndex < token.rows.length - 1) {\n\t\t\t\tlines.push(separatorLine);\n\t\t\t}\n\t\t}\n\n\t\t// Render bottom border\n\t\tconst bottomBorderCells = columnWidths.map((w) => \"─\".repeat(w));\n\t\tlines.push(`└─${bottomBorderCells.join(\"─┴─\")}─┘`);\n\n\t\tif (nextTokenType && nextTokenType !== \"space\") {\n\t\t\tlines.push(\"\"); // Add spacing after table\n\t\t}\n\t\treturn lines;\n\t}\n}\n"]}
node_modules/@earendil-works/pi-tui/dist/components/markdown.d.ts.map:1:{"version":3,"file":"markdown.d.ts","sourceRoot":"","sources":["../../src/components/markdown.ts"],"names":[],"mappings":"AAEA,OAAO,KAAK,EAAE,SAAS,EAAE,MAAM,WAAW,CAAC;AA2B3C;;;GAGG;AACH,MAAM,WAAW,gBAAgB;IAChC,gCAAgC;IAChC,KAAK,CAAC,EAAE,CAAC,IAAI,EAAE,MAAM,KAAK,MAAM,CAAC;IACjC,gCAAgC;IAChC,OAAO,CAAC,EAAE,CAAC,IAAI,EAAE,MAAM,KAAK,MAAM,CAAC;IACnC,gBAAgB;IAChB,IAAI,CAAC,EAAE,OAAO,CAAC;IACf,kBAAkB;IAClB,MAAM,CAAC,EAAE,OAAO,CAAC;IACjB,yBAAyB;IACzB,aAAa,CAAC,EAAE,OAAO,CAAC;IACxB,qBAAqB;IACrB,SAAS,CAAC,EAAE,OAAO,CAAC;CACpB;AAED;;;GAGG;AACH,MAAM,WAAW,aAAa;IAC7B,OAAO,EAAE,CAAC,IAAI,EAAE,MAAM,KAAK,MAAM,CAAC;IAClC,IAAI,EAAE,CAAC,IAAI,EAAE,MAAM,KAAK,MAAM,CAAC;IAC/B,OAAO,EAAE,CAAC,IAAI,EAAE,MAAM,KAAK,MAAM,CAAC;IAClC,IAAI,EAAE,CAAC,IAAI,EAAE,MAAM,KAAK,MAAM,CAAC;IAC/B,SAAS,EAAE,CAAC,IAAI,EAAE,MAAM,KAAK,MAAM,CAAC;IACpC,eAAe,EAAE,CAAC,IAAI,EAAE,MAAM,KAAK,MAAM,CAAC;IAC1C,KAAK,EAAE,CAAC,IAAI,EAAE,MAAM,KAAK,MAAM,CAAC;IAChC,WAAW,EAAE,CAAC,IAAI,EAAE,MAAM,KAAK,MAAM,CAAC;IACtC,EAAE,EAAE,CAAC,IAAI,EAAE,MAAM,KAAK,MAAM,CAAC;IAC7B,UAAU,EAAE,CAAC,IAAI,EAAE,MAAM,KAAK,MAAM,CAAC;IACrC,IAAI,EAAE,CAAC,IAAI,EAAE,MAAM,KAAK,MAAM,CAAC;IAC/B,MAAM,EAAE,CAAC,IAAI,EAAE,MAAM,KAAK,MAAM,CAAC;IACjC,aAAa,EAAE,CAAC,IAAI,EAAE,MAAM,KAAK,MAAM,CAAC;IACxC,SAAS,EAAE,CAAC,IAAI,EAAE,MAAM,KAAK,MAAM,CAAC;IACpC,aAAa,CAAC,EAAE,CAAC,IAAI,EAAE,MAAM,EAAE,IAAI,CAAC,EAAE,MAAM,KAAK,MAAM,EAAE,CAAC;IAC1D,sEAAsE;IACtE,eAAe,CAAC,EAAE,MAAM,CAAC;CACzB;AAOD,qBAAa,QAAS,YAAW,SAAS;IACzC,OAAO,CAAC,IAAI,CAAS;IACrB,OAAO,CAAC,QAAQ,CAAS;IACzB,OAAO,CAAC,QAAQ,CAAS;IACzB,OAAO,CAAC,gBAAgB,CAAC,CAAmB;IAC5C,OAAO,CAAC,KAAK,CAAgB;IAC7B,OAAO,CAAC,kBAAkB,CAAC,CAAS;IAGpC,OAAO,CAAC,UAAU,CAAC,CAAS;IAC5B,OAAO,CAAC,WAAW,CAAC,CAAS;IAC7B,OAAO,CAAC,WAAW,CAAC,CAAW;IAE/B,YACC,IAAI,EAAE,MAAM,EACZ,QAAQ,EAAE,MAAM,EAChB,QAAQ,EAAE,MAAM,EAChB,KAAK,EAAE,aAAa,EACpB,gBAAgB,CAAC,EAAE,gBAAgB,EAOnC;IAED,OAAO,CAAC,IAAI,EAAE,MAAM,GAAG,IAAI,CAG1B;IAED,UAAU,IAAI,IAAI,CAIjB;IAED,MAAM,CAAC,KAAK,EAAE,MAAM,GAAG,MAAM,EAAE,CAsF9B;IAED;;;;;OAKG;IACH,OAAO,CAAC,iBAAiB;IA6BzB,OAAO,CAAC,qBAAqB;IAkC7B,OAAO,CAAC,cAAc;IAOtB,OAAO,CAAC,4BAA4B;IAOpC,OAAO,CAAC,WAAW;IAiKnB,OAAO,CAAC,kBAAkB;IA+F1B;;OAEG;IACH,OAAO,CAAC,UAAU;IAoDlB;;;OAGG;IACH,OAAO,CAAC,cAAc;IAgDtB;;OAEG;IACH,OAAO,CAAC,mBAAmB;IAY3B;;;;;OAKG;IACH,OAAO,CAAC,YAAY;IAIpB;;;OAGG;IACH,OAAO,CAAC,WAAW;CA6KnB","sourcesContent":["import { Marked, type Token, Tokenizer, type Tokens } from \"marked\";\nimport { getCapabilities, hyperlink, isImageLine } from \"../terminal-image.js\";\nimport type { Component } from \"../tui.js\";\nimport { applyBackgroundToLine, visibleWidth, wrapTextWithAnsi } from \"../utils.js\";\n\nconst STRICT_STRIKETHROUGH_REGEX = /^(~~)(?=[^\\s~])((?:\\\\.|[^\\\\])*?(?:\\\\.|[^\\s~\\\\]))\\1(?=[^~]|$)/;\n\nclass StrictStrikethroughTokenizer extends Tokenizer {\n\toverride del(src: string): Tokens.Del | undefined {\n\t\tconst match = STRICT_STRIKETHROUGH_REGEX.exec(src);\n\t\tif (!match) {\n\t\t\treturn undefined;\n\t\t}\n\n\t\tconst text = match[2];\n\t\treturn {\n\t\t\ttype: \"del\",\n\t\t\traw: match[0],\n\t\t\ttext,\n\t\t\ttokens: this.lexer.inlineTokens(text),\n\t\t};\n\t}\n}\n\nconst markdownParser = new Marked();\nmarkdownParser.setOptions({\n\ttokenizer: new StrictStrikethroughTokenizer(),\n});\n\n/**\n * Default text styling for markdown content.\n * Applied to all text unless overridden by markdown formatting.\n */\nexport interface DefaultTextStyle {\n\t/** Foreground color function */\n\tcolor?: (text: string) => string;\n\t/** Background color function */\n\tbgColor?: (text: string) => string;\n\t/** Bold text */\n\tbold?: boolean;\n\t/** Italic text */\n\titalic?: boolean;\n\t/** Strikethrough text */\n\tstrikethrough?: boolean;\n\t/** Underline text */\n\tunderline?: boolean;\n}\n\n/**\n * Theme functions for markdown elements.\n * Each function takes text and returns styled text with ANSI codes.\n */\nexport interface MarkdownTheme {\n\theading: (text: string) => string;\n\tlink: (text: string) => string;\n\tlinkUrl: (text: string) => string;\n\tcode: (text: string) => string;\n\tcodeBlock: (text: string) => string;\n\tcodeBlockBorder: (text: string) => string;\n\tquote: (text: string) => string;\n\tquoteBorder: (text: string) => string;\n\thr: (text: string) => string;\n\tlistBullet: (text: string) => string;\n\tbold: (text: string) => string;\n\titalic: (text: string) => string;\n\tstrikethrough: (text: string) => string;\n\tunderline: (text: string) => string;\n\thighlightCode?: (code: string, lang?: string) => string[];\n\t/** Prefix applied to each rendered code block line (default: \"  \") */\n\tcodeBlockIndent?: string;\n}\n\ninterface InlineStyleContext {\n\tapplyText: (text: string) => string;\n\tstylePrefix: string;\n}\n\nexport class Markdown implements Component {\n\tprivate text: string;\n\tprivate paddingX: number; // Left/right padding\n\tprivate paddingY: number; // Top/bottom padding\n\tprivate defaultTextStyle?: DefaultTextStyle;\n\tprivate theme: MarkdownTheme;\n\tprivate defaultStylePrefix?: string;\n\n\t// Cache for rendered output\n\tprivate cachedText?: string;\n\tprivate cachedWidth?: number;\n\tprivate cachedLines?: string[];\n\n\tconstructor(\n\t\ttext: string,\n\t\tpaddingX: number,\n\t\tpaddingY: number,\n\t\ttheme: MarkdownTheme,\n\t\tdefaultTextStyle?: DefaultTextStyle,\n\t) {\n\t\tthis.text = text;\n\t\tthis.paddingX = paddingX;\n\t\tthis.paddingY = paddingY;\n\t\tthis.theme = theme;\n\t\tthis.defaultTextStyle = defaultTextStyle;\n\t}\n\n\tsetText(text: string): void {\n\t\tthis.text = text;\n\t\tthis.invalidate();\n\t}\n\n\tinvalidate(): void {\n\t\tthis.cachedText = undefined;\n\t\tthis.cachedWidth = undefined;\n\t\tthis.cachedLines = undefined;\n\t}\n\n\trender(width: number): string[] {\n\t\t// Check cache\n\t\tif (this.cachedLines && this.cachedText === this.text && this.cachedWidth === width) {\n\t\t\treturn this.cachedLines;\n\t\t}\n\n\t\t// Calculate available width for content (subtract horizontal padding)\n\t\tconst contentWidth = Math.max(1, width - this.paddingX * 2);\n\n\t\t// Don't render anything if there's no actual text\n\t\tif (!this.text || this.text.trim() === \"\") {\n\t\t\tconst result: string[] = [];\n\t\t\t// Update cache\n\t\t\tthis.cachedText = this.text;\n\t\t\tthis.cachedWidth = width;\n\t\t\tthis.cachedLines = result;\n\t\t\treturn result;\n\t\t}\n\n\t\t// Replace tabs with 3 spaces for consistent rendering\n\t\tconst normalizedText = this.text.replace(/\\t/g, \"   \");\n\n\t\t// Parse markdown to HTML-like tokens\n\t\tconst tokens = markdownParser.lexer(normalizedText);\n\n\t\t// Convert tokens to styled terminal output\n\t\tconst renderedLines: string[] = [];\n\n\t\tfor (let i = 0; i < tokens.length; i++) {\n\t\t\tconst token = tokens[i];\n\t\t\tconst nextToken = tokens[i + 1];\n\t\t\tconst tokenLines = this.renderToken(token, contentWidth, nextToken?.type);\n\t\t\trenderedLines.push(...tokenLines);\n\t\t}\n\n\t\t// Wrap lines (NO padding, NO background yet)\n\t\tconst wrappedLines: string[] = [];\n\t\tfor (const line of renderedLines) {\n\t\t\tif (isImageLine(line)) {\n\t\t\t\twrappedLines.push(line);\n\t\t\t} else {\n\t\t\t\twrappedLines.push(...wrapTextWithAnsi(line, contentWidth));\n\t\t\t}\n\t\t}\n\n\t\t// Add margins and background to each wrapped line\n\t\tconst leftMargin = \" \".repeat(this.paddingX);\n\t\tconst rightMargin = \" \".repeat(this.paddingX);\n\t\tconst bgFn = this.defaultTextStyle?.bgColor;\n\t\tconst contentLines: string[] = [];\n\n\t\tfor (const line of wrappedLines) {\n\t\t\tif (isImageLine(line)) {\n\t\t\t\tcontentLines.push(line);\n\t\t\t\tcontinue;\n\t\t\t}\n\n\t\t\tconst lineWithMargins = leftMargin + line + rightMargin;\n\n\t\t\tif (bgFn) {\n\t\t\t\tcontentLines.push(applyBackgroundToLine(lineWithMargins, width, bgFn));\n\t\t\t} else {\n\t\t\t\t// No background - just pad to width\n\t\t\t\tconst visibleLen = visibleWidth(lineWithMargins);\n\t\t\t\tconst paddingNeeded = Math.max(0, width - visibleLen);\n\t\t\t\tcontentLines.push(lineWithMargins + \" \".repeat(paddingNeeded));\n\t\t\t}\n\t\t}\n\n\t\t// Add top/bottom padding (empty lines)\n\t\tconst emptyLine = \" \".repeat(width);\n\t\tconst emptyLines: string[] = [];\n\t\tfor (let i = 0; i < this.paddingY; i++) {\n\t\t\tconst line = bgFn ? applyBackgroundToLine(emptyLine, width, bgFn) : emptyLine;\n\t\t\temptyLines.push(line);\n\t\t}\n\n\t\t// Combine top padding, content, and bottom padding\n\t\tconst result = [...emptyLines, ...contentLines, ...emptyLines];\n\n\t\t// Update cache\n\t\tthis.cachedText = this.text;\n\t\tthis.cachedWidth = width;\n\t\tthis.cachedLines = result;\n\n\t\treturn result.length > 0 ? result : [\"\"];\n\t}\n\n\t/**\n\t * Apply default text style to a string.\n\t * This is the base styling applied to all text content.\n\t * NOTE: Background color is NOT applied here - it's applied at the padding stage\n\t * to ensure it extends to the full line width.\n\t */\n\tprivate applyDefaultStyle(text: string): string {\n\t\tif (!this.defaultTextStyle) {\n\t\t\treturn text;\n\t\t}\n\n\t\tlet styled = text;\n\n\t\t// Apply foreground color (NOT background - that's applied at padding stage)\n\t\tif (this.defaultTextStyle.color) {\n\t\t\tstyled = this.defaultTextStyle.color(styled);\n\t\t}\n\n\t\t// Apply text decorations using this.theme\n\t\tif (this.defaultTextStyle.bold) {\n\t\t\tstyled = this.theme.bold(styled);\n\t\t}\n\t\tif (this.defaultTextStyle.italic) {\n\t\t\tstyled = this.theme.italic(styled);\n\t\t}\n\t\tif (this.defaultTextStyle.strikethrough) {\n\t\t\tstyled = this.theme.strikethrough(styled);\n\t\t}\n\t\tif (this.defaultTextStyle.underline) {\n\t\t\tstyled = this.theme.underline(styled);\n\t\t}\n\n\t\treturn styled;\n\t}\n\n\tprivate getDefaultStylePrefix(): string {\n\t\tif (!this.defaultTextStyle) {\n\t\t\treturn \"\";\n\t\t}\n\n\t\tif (this.defaultStylePrefix !== undefined) {\n\t\t\treturn this.defaultStylePrefix;\n\t\t}\n\n\t\tconst sentinel = \"\\u0000\";\n\t\tlet styled = sentinel;\n\n\t\tif (this.defaultTextStyle.color) {\n\t\t\tstyled = this.defaultTextStyle.color(styled);\n\t\t}\n\n\t\tif (this.defaultTextStyle.bold) {\n\t\t\tstyled = this.theme.bold(styled);\n\t\t}\n\t\tif (this.defaultTextStyle.italic) {\n\t\t\tstyled = this.theme.italic(styled);\n\t\t}\n\t\tif (this.defaultTextStyle.strikethrough) {\n\t\t\tstyled = this.theme.strikethrough(styled);\n\t\t}\n\t\tif (this.defaultTextStyle.underline) {\n\t\t\tstyled = this.theme.underline(styled);\n\t\t}\n\n\t\tconst sentinelIndex = styled.indexOf(sentinel);\n\t\tthis.defaultStylePrefix = sentinelIndex >= 0 ? styled.slice(0, sentinelIndex) : \"\";\n\t\treturn this.defaultStylePrefix;\n\t}\n\n\tprivate getStylePrefix(styleFn: (text: string) => string): string {\n\t\tconst sentinel = \"\\u0000\";\n\t\tconst styled = styleFn(sentinel);\n\t\tconst sentinelIndex = styled.indexOf(sentinel);\n\t\treturn sentinelIndex >= 0 ? styled.slice(0, sentinelIndex) : \"\";\n\t}\n\n\tprivate getDefaultInlineStyleContext(): InlineStyleContext {\n\t\treturn {\n\t\t\tapplyText: (text: string) => this.applyDefaultStyle(text),\n\t\t\tstylePrefix: this.getDefaultStylePrefix(),\n\t\t};\n\t}\n\n\tprivate renderToken(\n\t\ttoken: Token,\n\t\twidth: number,\n\t\tnextTokenType?: string,\n\t\tstyleContext?: InlineStyleContext,\n\t): string[] {\n\t\tconst lines: string[] = [];\n\n\t\tswitch (token.type) {\n\t\t\tcase \"heading\": {\n\t\t\t\tconst headingLevel = token.depth;\n\t\t\t\tconst headingPrefix = `${\"#\".repeat(headingLevel)} `;\n\n\t\t\t\t// Build a heading-specific style context so inline tokens (codespan, bold, etc.)\n\t\t\t\t// restore heading styling after their own ANSI resets instead of falling back to\n\t\t\t\t// the default text style.\n\t\t\t\tlet headingStyleFn: (text: string) => string;\n\t\t\t\tif (headingLevel === 1) {\n\t\t\t\t\theadingStyleFn = (text: string) => this.theme.heading(this.theme.bold(this.theme.underline(text)));\n\t\t\t\t} else {\n\t\t\t\t\theadingStyleFn = (text: string) => this.theme.heading(this.theme.bold(text));\n\t\t\t\t}\n\n\t\t\t\tconst headingStyleContext: InlineStyleContext = {\n\t\t\t\t\tapplyText: headingStyleFn,\n\t\t\t\t\tstylePrefix: this.getStylePrefix(headingStyleFn),\n\t\t\t\t};\n\n\t\t\t\tconst headingText = this.renderInlineTokens(token.tokens || [], headingStyleContext);\n\t\t\t\tconst styledHeading = headingLevel >= 3 ? headingStyleFn(headingPrefix) + headingText : headingText;\n\t\t\t\tlines.push(styledHeading);\n\t\t\t\tif (nextTokenType && nextTokenType !== \"space\") {\n\t\t\t\t\tlines.push(\"\"); // Add spacing after headings (unless space token follows)\n\t\t\t\t}\n\t\t\t\tbreak;\n\t\t\t}\n\n\t\t\tcase \"paragraph\": {\n\t\t\t\tconst paragraphText = this.renderInlineTokens(token.tokens || [], styleContext);\n\t\t\t\tlines.push(paragraphText);\n\t\t\t\t// Don't add spacing if next token is space or list\n\t\t\t\tif (nextTokenType && nextTokenType !== \"list\" && nextTokenType !== \"space\") {\n\t\t\t\t\tlines.push(\"\");\n\t\t\t\t}\n\t\t\t\tbreak;\n\t\t\t}\n\n\t\t\tcase \"code\": {\n\t\t\t\tconst indent = this.theme.codeBlockIndent ?? \"  \";\n\t\t\t\tlines.push(this.theme.codeBlockBorder(`\\`\\`\\`${token.lang || \"\"}`));\n\t\t\t\tif (this.theme.highlightCode) {\n\t\t\t\t\tconst highlightedLines = this.theme.highlightCode(token.text, token.lang);\n\t\t\t\t\tfor (const hlLine of highlightedLines) {\n\t\t\t\t\t\tlines.push(`${indent}${hlLine}`);\n\t\t\t\t\t}\n\t\t\t\t} else {\n\t\t\t\t\t// Split code by newlines and style each line\n\t\t\t\t\tconst codeLines = token.text.split(\"\\n\");\n\t\t\t\t\tfor (const codeLine of codeLines) {\n\t\t\t\t\t\tlines.push(`${indent}${this.theme.codeBlock(codeLine)}`);\n\t\t\t\t\t}\n\t\t\t\t}\n\t\t\t\tlines.push(this.theme.codeBlockBorder(\"```\"));\n\t\t\t\tif (nextTokenType && nextTokenType !== \"space\") {\n\t\t\t\t\tlines.push(\"\"); // Add spacing after code blocks (unless space token follows)\n\t\t\t\t}\n\t\t\t\tbreak;\n\t\t\t}\n\n\t\t\tcase \"list\": {\n\t\t\t\tconst listLines = this.renderList(token as any, 0, styleContext);\n\t\t\t\tlines.push(...listLines);\n\t\t\t\t// Don't add spacing after lists if a space token follows\n\t\t\t\t// (the space token will handle it)\n\t\t\t\tbreak;\n\t\t\t}\n\n\t\t\tcase \"table\": {\n\t\t\t\tconst tableLines = this.renderTable(token as any, width, nextTokenType, styleContext);\n\t\t\t\tlines.push(...tableLines);\n\t\t\t\tbreak;\n\t\t\t}\n\n\t\t\tcase \"blockquote\": {\n\t\t\t\tconst quoteStyle = (text: string) => this.theme.quote(this.theme.italic(text));\n\t\t\t\tconst quoteStylePrefix = this.getStylePrefix(quoteStyle);\n\t\t\t\tconst applyQuoteStyle = (line: string): string => {\n\t\t\t\t\tif (!quoteStylePrefix) {\n\t\t\t\t\t\treturn quoteStyle(line);\n\t\t\t\t\t}\n\t\t\t\t\tconst lineWithReappliedStyle = line.replace(/\\x1b\\[0m/g, `\\x1b[0m${quoteStylePrefix}`);\n\t\t\t\t\treturn quoteStyle(lineWithReappliedStyle);\n\t\t\t\t};\n\n\t\t\t\t// Calculate available width for quote content (subtract border \"│ \" = 2 chars)\n\t\t\t\tconst quoteContentWidth = Math.max(1, width - 2);\n\n\t\t\t\t// Blockquotes contain block-level tokens (paragraph, list, code, etc.), so render\n\t\t\t\t// children with renderToken() instead of renderInlineTokens().\n\t\t\t\t// Default message style should not apply inside blockquotes.\n\t\t\t\tconst quoteInlineStyleContext: InlineStyleContext = {\n\t\t\t\t\tapplyText: (text: string) => text,\n\t\t\t\t\tstylePrefix: quoteStylePrefix,\n\t\t\t\t};\n\t\t\t\tconst quoteTokens = token.tokens || [];\n\t\t\t\tconst renderedQuoteLines: string[] = [];\n\t\t\t\tfor (let i = 0; i < quoteTokens.length; i++) {\n\t\t\t\t\tconst quoteToken = quoteTokens[i];\n\t\t\t\t\tconst nextQuoteToken = quoteTokens[i + 1];\n\t\t\t\t\trenderedQuoteLines.push(\n\t\t\t\t\t\t...this.renderToken(quoteToken, quoteContentWidth, nextQuoteToken?.type, quoteInlineStyleContext),\n\t\t\t\t\t);\n\t\t\t\t}\n\n\t\t\t\t// Avoid rendering an extra empty quote line before the outer blockquote spacing.\n\t\t\t\twhile (renderedQuoteLines.length > 0 && renderedQuoteLines[renderedQuoteLines.length - 1] === \"\") {\n\t\t\t\t\trenderedQuoteLines.pop();\n\t\t\t\t}\n\n\t\t\t\tfor (const quoteLine of renderedQuoteLines) {\n\t\t\t\t\tconst styledLine = applyQuoteStyle(quoteLine);\n\t\t\t\t\tconst wrappedLines = wrapTextWithAnsi(styledLine, quoteContentWidth);\n\t\t\t\t\tfor (const wrappedLine of wrappedLines) {\n\t\t\t\t\t\tlines.push(this.theme.quoteBorder(\"│ \") + wrappedLine);\n\t\t\t\t\t}\n\t\t\t\t}\n\t\t\t\tif (nextTokenType && nextTokenType !== \"space\") {\n\t\t\t\t\tlines.push(\"\"); // Add spacing after blockquotes (unless space token follows)\n\t\t\t\t}\n\t\t\t\tbreak;\n\t\t\t}\n\n\t\t\tcase \"hr\":\n\t\t\t\tlines.push(this.theme.hr(\"─\".repeat(Math.min(width, 80))));\n\t\t\t\tif (nextTokenType && nextTokenType !== \"space\") {\n\t\t\t\t\tlines.push(\"\"); // Add spacing after horizontal rules (unless space token follows)\n\t\t\t\t}\n\t\t\t\tbreak;\n\n\t\t\tcase \"html\":\n\t\t\t\t// Render HTML as plain text (escaped for terminal)\n\t\t\t\tif (\"raw\" in token && typeof token.raw === \"string\") {\n\t\t\t\t\tlines.push(this.applyDefaultStyle(token.raw.trim()));\n\t\t\t\t}\n\t\t\t\tbreak;\n\n\t\t\tcase \"space\":\n\t\t\t\t// Space tokens represent blank lines in markdown\n\t\t\t\tlines.push(\"\");\n\t\t\t\tbreak;\n\n\t\t\tdefault:\n\t\t\t\t// Handle any other token types as plain text\n\t\t\t\tif (\"text\" in token && typeof token.text === \"string\") {\n\t\t\t\t\tlines.push(token.text);\n\t\t\t\t}\n\t\t}\n\n\t\treturn lines;\n\t}\n\n\tprivate renderInlineTokens(tokens: Token[], styleContext?: InlineStyleContext): string {\n\t\tlet result = \"\";\n\t\tconst resolvedStyleContext = styleContext ?? this.getDefaultInlineStyleContext();\n\t\tconst { applyText, stylePrefix } = resolvedStyleContext;\n\t\tconst applyTextWithNewlines = (text: string): string => {\n\t\t\tconst segments: string[] = text.split(\"\\n\");\n\t\t\treturn segments.map((segment: string) => applyText(segment)).join(\"\\n\");\n\t\t};\n\n\t\tfor (const token of tokens) {\n\t\t\tswitch (token.type) {\n\t\t\t\tcase \"text\":\n\t\t\t\t\t// Text tokens in list items can have nested tokens for inline formatting\n\t\t\t\t\tif (token.tokens && token.tokens.length > 0) {\n\t\t\t\t\t\tresult += this.renderInlineTokens(token.tokens, resolvedStyleContext);\n\t\t\t\t\t} else {\n\t\t\t\t\t\tresult += applyTextWithNewlines(token.text);\n\t\t\t\t\t}\n\t\t\t\t\tbreak;\n\n\t\t\t\tcase \"paragraph\":\n\t\t\t\t\t// Paragraph tokens contain nested inline tokens\n\t\t\t\t\tresult += this.renderInlineTokens(token.tokens || [], resolvedStyleContext);\n\t\t\t\t\tbreak;\n\n\t\t\t\tcase \"strong\": {\n\t\t\t\t\tconst boldContent = this.renderInlineTokens(token.tokens || [], resolvedStyleContext);\n\t\t\t\t\tresult += this.theme.bold(boldContent) + stylePrefix;\n\t\t\t\t\tbreak;\n\t\t\t\t}\n\n\t\t\t\tcase \"em\": {\n\t\t\t\t\tconst italicContent = this.renderInlineTokens(token.tokens || [], resolvedStyleContext);\n\t\t\t\t\tresult += this.theme.italic(italicContent) + stylePrefix;\n\t\t\t\t\tbreak;\n\t\t\t\t}\n\n\t\t\t\tcase \"codespan\":\n\t\t\t\t\tresult += this.theme.code(token.text) + stylePrefix;\n\t\t\t\t\tbreak;\n\n\t\t\t\tcase \"link\": {\n\t\t\t\t\tconst linkText = this.renderInlineTokens(token.tokens || [], resolvedStyleContext);\n\t\t\t\t\tconst styledLink = this.theme.link(this.theme.underline(linkText));\n\t\t\t\t\tif (getCapabilities().hyperlinks) {\n\t\t\t\t\t\t// OSC 8: render as a clickable hyperlink. The URL is not printed inline,\n\t\t\t\t\t\t// so we always show only the link text regardless of whether it matches href.\n\t\t\t\t\t\tresult += hyperlink(styledLink, token.href) + stylePrefix;\n\t\t\t\t\t} else {\n\t\t\t\t\t\t// Fallback: print URL in parentheses when text differs from href.\n\t\t\t\t\t\t// Compare raw token.text (not styled) against href for the equality check.\n\t\t\t\t\t\t// For mailto: links strip the prefix (autolinked emails use text=\"foo@bar.com\"\n\t\t\t\t\t\t// but href=\"mailto:foo@bar.com\").\n\t\t\t\t\t\tconst hrefForComparison = token.href.startsWith(\"mailto:\") ? token.href.slice(7) : token.href;\n\t\t\t\t\t\tif (token.text === token.href || token.text === hrefForComparison) {\n\t\t\t\t\t\t\tresult += styledLink + stylePrefix;\n\t\t\t\t\t\t} else {\n\t\t\t\t\t\t\tresult += styledLink + this.theme.linkUrl(` (${token.href})`) + stylePrefix;\n\t\t\t\t\t\t}\n\t\t\t\t\t}\n\t\t\t\t\tbreak;\n\t\t\t\t}\n\n\t\t\t\tcase \"br\":\n\t\t\t\t\tresult += \"\\n\";\n\t\t\t\t\tbreak;\n\n\t\t\t\tcase \"del\": {\n\t\t\t\t\tconst delContent = this.renderInlineTokens(token.tokens || [], resolvedStyleContext);\n\t\t\t\t\tresult += this.theme.strikethrough(delContent) + stylePrefix;\n\t\t\t\t\tbreak;\n\t\t\t\t}\n\n\t\t\t\tcase \"html\":\n\t\t\t\t\t// Render inline HTML as plain text\n\t\t\t\t\tif (\"raw\" in token && typeof token.raw === \"string\") {\n\t\t\t\t\t\tresult += applyTextWithNewlines(token.raw);\n\t\t\t\t\t}\n\t\t\t\t\tbreak;\n\n\t\t\t\tdefault:\n\t\t\t\t\t// Handle any other inline token types as plain text\n\t\t\t\t\tif (\"text\" in token && typeof token.text === \"string\") {\n\t\t\t\t\t\tresult += applyTextWithNewlines(token.text);\n\t\t\t\t\t}\n\t\t\t}\n\t\t}\n\n\t\twhile (stylePrefix && result.endsWith(stylePrefix)) {\n\t\t\tresult = result.slice(0, -stylePrefix.length);\n\t\t}\n\n\t\treturn result;\n\t}\n\n\t/**\n\t * Render a list with proper nesting support\n\t */\n\tprivate renderList(\n\t\ttoken: Token & { items: any[]; ordered: boolean; start?: number },\n\t\tdepth: number,\n\t\tstyleContext?: InlineStyleContext,\n\t): string[] {\n\t\tconst lines: string[] = [];\n\t\tconst indent = \"  \".repeat(depth);\n\t\t// Use the list's start property (defaults to 1 for ordered lists)\n\t\tconst startNumber = token.start ?? 1;\n\n\t\tfor (let i = 0; i < token.items.length; i++) {\n\t\t\tconst item = token.items[i];\n\t\t\tconst bullet = token.ordered ? `${startNumber + i}. ` : \"- \";\n\n\t\t\t// Process item tokens to handle nested lists\n\t\t\tconst itemLines = this.renderListItem(item.tokens || [], depth, styleContext);\n\n\t\t\tif (itemLines.length > 0) {\n\t\t\t\t// First line - check if it's a nested list\n\t\t\t\t// A nested list will start with indent (spaces) followed by cyan bullet\n\t\t\t\tconst firstLine = itemLines[0];\n\t\t\t\tconst isNestedList = /^\\s+\\x1b\\[36m[-\\d]/.test(firstLine); // starts with spaces + cyan + bullet char\n\n\t\t\t\tif (isNestedList) {\n\t\t\t\t\t// This is a nested list, just add it as-is (already has full indent)\n\t\t\t\t\tlines.push(firstLine);\n\t\t\t\t} else {\n\t\t\t\t\t// Regular text content - add indent and bullet\n\t\t\t\t\tlines.push(indent + this.theme.listBullet(bullet) + firstLine);\n\t\t\t\t}\n\n\t\t\t\t// Rest of the lines\n\t\t\t\tfor (let j = 1; j < itemLines.length; j++) {\n\t\t\t\t\tconst line = itemLines[j];\n\t\t\t\t\tconst isNestedListLine = /^\\s+\\x1b\\[36m[-\\d]/.test(line); // starts with spaces + cyan + bullet char\n\n\t\t\t\t\tif (isNestedListLine) {\n\t\t\t\t\t\t// Nested list line - already has full indent\n\t\t\t\t\t\tlines.push(line);\n\t\t\t\t\t} else {\n\t\t\t\t\t\t// Regular content - add parent indent + 2 spaces for continuation\n\t\t\t\t\t\tlines.push(`${indent}  ${line}`);\n\t\t\t\t\t}\n\t\t\t\t}\n\t\t\t} else {\n\t\t\t\tlines.push(indent + this.theme.listBullet(bullet));\n\t\t\t}\n\t\t}\n\n\t\treturn lines;\n\t}\n\n\t/**\n\t * Render list item tokens, handling nested lists\n\t * Returns lines WITHOUT the parent indent (renderList will add it)\n\t */\n\tprivate renderListItem(tokens: Token[], parentDepth: number, styleContext?: InlineStyleContext): string[] {\n\t\tconst lines: string[] = [];\n\n\t\tfor (const token of tokens) {\n\t\t\tif (token.type === \"list\") {\n\t\t\t\t// Nested list - render with one additional indent level\n\t\t\t\t// These lines will have their own indent, so we just add them as-is\n\t\t\t\tconst nestedLines = this.renderList(token as any, parentDepth + 1, styleContext);\n\t\t\t\tlines.push(...nestedLines);\n\t\t\t} else if (token.type === \"text\") {\n\t\t\t\t// Text content (may have inline tokens)\n\t\t\t\tconst text =\n\t\t\t\t\ttoken.tokens && token.tokens.length > 0\n\t\t\t\t\t\t? this.renderInlineTokens(token.tokens, styleContext)\n\t\t\t\t\t\t: token.text || \"\";\n\t\t\t\tlines.push(text);\n\t\t\t} else if (token.type === \"paragraph\") {\n\t\t\t\t// Paragraph in list item\n\t\t\t\tconst text = this.renderInlineTokens(token.tokens || [], styleContext);\n\t\t\t\tlines.push(text);\n\t\t\t} else if (token.type === \"code\") {\n\t\t\t\t// Code block in list item\n\t\t\t\tconst indent = this.theme.codeBlockIndent ?? \"  \";\n\t\t\t\tlines.push(this.theme.codeBlockBorder(`\\`\\`\\`${token.lang || \"\"}`));\n\t\t\t\tif (this.theme.highlightCode) {\n\t\t\t\t\tconst highlightedLines = this.theme.highlightCode(token.text, token.lang);\n\t\t\t\t\tfor (const hlLine of highlightedLines) {\n\t\t\t\t\t\tlines.push(`${indent}${hlLine}`);\n\t\t\t\t\t}\n\t\t\t\t} else {\n\t\t\t\t\tconst codeLines = token.text.split(\"\\n\");\n\t\t\t\t\tfor (const codeLine of codeLines) {\n\t\t\t\t\t\tlines.push(`${indent}${this.theme.codeBlock(codeLine)}`);\n\t\t\t\t\t}\n\t\t\t\t}\n\t\t\t\tlines.push(this.theme.codeBlockBorder(\"```\"));\n\t\t\t} else {\n\t\t\t\t// Other token types - try to render as inline\n\t\t\t\tconst text = this.renderInlineTokens([token], styleContext);\n\t\t\t\tif (text) {\n\t\t\t\t\tlines.push(text);\n\t\t\t\t}\n\t\t\t}\n\t\t}\n\n\t\treturn lines;\n\t}\n\n\t/**\n\t * Get the visible width of the longest word in a string.\n\t */\n\tprivate getLongestWordWidth(text: string, maxWidth?: number): number {\n\t\tconst words = text.split(/\\s+/).filter((word) => word.length > 0);\n\t\tlet longest = 0;\n\t\tfor (const word of words) {\n\t\t\tlongest = Math.max(longest, visibleWidth(word));\n\t\t}\n\t\tif (maxWidth === undefined) {\n\t\t\treturn longest;\n\t\t}\n\t\treturn Math.min(longest, maxWidth);\n\t}\n\n\t/**\n\t * Wrap a table cell to fit into a column.\n\t *\n\t * Delegates to wrapTextWithAnsi() so ANSI codes + long tokens are handled\n\t * consistently with the rest of the renderer.\n\t */\n\tprivate wrapCellText(text: string, maxWidth: number): string[] {\n\t\treturn wrapTextWithAnsi(text, Math.max(1, maxWidth));\n\t}\n\n\t/**\n\t * Render a table with width-aware cell wrapping.\n\t * Cells that don't fit are wrapped to multiple lines.\n\t */\n\tprivate renderTable(\n\t\ttoken: Token & { header: any[]; rows: any[][]; raw?: string },\n\t\tavailableWidth: number,\n\t\tnextTokenType?: string,\n\t\tstyleContext?: InlineStyleContext,\n\t): string[] {\n\t\tconst lines: string[] = [];\n\t\tconst numCols = token.header.length;\n\n\t\tif (numCols === 0) {\n\t\t\treturn lines;\n\t\t}\n\n\t\t// Calculate border overhead: \"│ \" + (n-1) * \" │ \" + \" │\"\n\t\t// = 2 + (n-1) * 3 + 2 = 3n + 1\n\t\tconst borderOverhead = 3 * numCols + 1;\n\t\tconst availableForCells = availableWidth - borderOverhead;\n\t\tif (availableForCells < numCols) {\n\t\t\t// Too narrow to render a stable table. Fall back to raw markdown.\n\t\t\tconst fallbackLines = token.raw ? wrapTextWithAnsi(token.raw, availableWidth) : [];\n\t\t\tif (nextTokenType && nextTokenType !== \"space\") {\n\t\t\t\tfallbackLines.push(\"\");\n\t\t\t}\n\t\t\treturn fallbackLines;\n\t\t}\n\n\t\tconst maxUnbrokenWordWidth = 30;\n\n\t\t// Calculate natural column widths (what each column needs without constraints)\n\t\tconst naturalWidths: number[] = [];\n\t\tconst minWordWidths: number[] = [];\n\t\tfor (let i = 0; i < numCols; i++) {\n\t\t\tconst headerText = this.renderInlineTokens(token.header[i].tokens || [], styleContext);\n\t\t\tnaturalWidths[i] = visibleWidth(headerText);\n\t\t\tminWordWidths[i] = Math.max(1, this.getLongestWordWidth(headerText, maxUnbrokenWordWidth));\n\t\t}\n\t\tfor (const row of token.rows) {\n\t\t\tfor (let i = 0; i < row.length; i++) {\n\t\t\t\tconst cellText = this.renderInlineTokens(row[i].tokens || [], styleContext);\n\t\t\t\tnaturalWidths[i] = Math.max(naturalWidths[i] || 0, visibleWidth(cellText));\n\t\t\t\tminWordWidths[i] = Math.max(\n\t\t\t\t\tminWordWidths[i] || 1,\n\t\t\t\t\tthis.getLongestWordWidth(cellText, maxUnbrokenWordWidth),\n\t\t\t\t);\n\t\t\t}\n\t\t}\n\n\t\tlet minColumnWidths = minWordWidths;\n\t\tlet minCellsWidth = minColumnWidths.reduce((a, b) => a + b, 0);\n\n\t\tif (minCellsWidth > availableForCells) {\n\t\t\tminColumnWidths = new Array(numCols).fill(1);\n\t\t\tconst remaining = availableForCells - numCols;\n\n\t\t\tif (remaining > 0) {\n\t\t\t\tconst totalWeight = minWordWidths.reduce((total, width) => total + Math.max(0, width - 1), 0);\n\t\t\t\tconst growth = minWordWidths.map((width) => {\n\t\t\t\t\tconst weight = Math.max(0, width - 1);\n\t\t\t\t\treturn totalWeight > 0 ? Math.floor((weight / totalWeight) * remaining) : 0;\n\t\t\t\t});\n\n\t\t\t\tfor (let i = 0; i < numCols; i++) {\n\t\t\t\t\tminColumnWidths[i] += growth[i] ?? 0;\n\t\t\t\t}\n\n\t\t\t\tconst allocated = growth.reduce((total, width) => total + width, 0);\n\t\t\t\tlet leftover = remaining - allocated;\n\t\t\t\tfor (let i = 0; leftover > 0 && i < numCols; i++) {\n\t\t\t\t\tminColumnWidths[i]++;\n\t\t\t\t\tleftover--;\n\t\t\t\t}\n\t\t\t}\n\n\t\t\tminCellsWidth = minColumnWidths.reduce((a, b) => a + b, 0);\n\t\t}\n\n\t\t// Calculate column widths that fit within available width\n\t\tconst totalNaturalWidth = naturalWidths.reduce((a, b) => a + b, 0) + borderOverhead;\n\t\tlet columnWidths: number[];\n\n\t\tif (totalNaturalWidth <= availableWidth) {\n\t\t\t// Everything fits naturally\n\t\t\tcolumnWidths = naturalWidths.map((width, index) => Math.max(width, minColumnWidths[index]));\n\t\t} else {\n\t\t\t// Need to shrink columns to fit\n\t\t\tconst totalGrowPotential = naturalWidths.reduce((total, width, index) => {\n\t\t\t\treturn total + Math.max(0, width - minColumnWidths[index]);\n\t\t\t}, 0);\n\t\t\tconst extraWidth = Math.max(0, availableForCells - minCellsWidth);\n\t\t\tcolumnWidths = minColumnWidths.map((minWidth, index) => {\n\t\t\t\tconst naturalWidth = naturalWidths[index];\n\t\t\t\tconst minWidthDelta = Math.max(0, naturalWidth - minWidth);\n\t\t\t\tlet grow = 0;\n\t\t\t\tif (totalGrowPotential > 0) {\n\t\t\t\t\tgrow = Math.floor((minWidthDelta / totalGrowPotential) * extraWidth);\n\t\t\t\t}\n\t\t\t\treturn minWidth + grow;\n\t\t\t});\n\n\t\t\t// Adjust for rounding errors - distribute remaining space\n\t\t\tconst allocated = columnWidths.reduce((a, b) => a + b, 0);\n\t\t\tlet remaining = availableForCells - allocated;\n\t\t\twhile (remaining > 0) {\n\t\t\t\tlet grew = false;\n\t\t\t\tfor (let i = 0; i < numCols && remaining > 0; i++) {\n\t\t\t\t\tif (columnWidths[i] < naturalWidths[i]) {\n\t\t\t\t\t\tcolumnWidths[i]++;\n\t\t\t\t\t\tremaining--;\n\t\t\t\t\t\tgrew = true;\n\t\t\t\t\t}\n\t\t\t\t}\n\t\t\t\tif (!grew) {\n\t\t\t\t\tbreak;\n\t\t\t\t}\n\t\t\t}\n\t\t}\n\n\t\t// Render top border\n\t\tconst topBorderCells = columnWidths.map((w) => \"─\".repeat(w));\n\t\tlines.push(`┌─${topBorderCells.join(\"─┬─\")}─┐`);\n\n\t\t// Render header with wrapping\n\t\tconst headerCellLines: string[][] = token.header.map((cell, i) => {\n\t\t\tconst text = this.renderInlineTokens(cell.tokens || [], styleContext);\n\t\t\treturn this.wrapCellText(text, columnWidths[i]);\n\t\t});\n\t\tconst headerLineCount = Math.max(...headerCellLines.map((c) => c.length));\n\n\t\tfor (let lineIdx = 0; lineIdx < headerLineCount; lineIdx++) {\n\t\t\tconst rowParts = headerCellLines.map((cellLines, colIdx) => {\n\t\t\t\tconst text = cellLines[lineIdx] || \"\";\n\t\t\t\tconst padded = text + \" \".repeat(Math.max(0, columnWidths[colIdx] - visibleWidth(text)));\n\t\t\t\treturn this.theme.bold(padded);\n\t\t\t});\n\t\t\tlines.push(`│ ${rowParts.join(\" │ \")} │`);\n\t\t}\n\n\t\t// Render separator\n\t\tconst separatorCells = columnWidths.map((w) => \"─\".repeat(w));\n\t\tconst separatorLine = `├─${separatorCells.join(\"─┼─\")}─┤`;\n\t\tlines.push(separatorLine);\n\n\t\t// Render rows with wrapping\n\t\tfor (let rowIndex = 0; rowIndex < token.rows.length; rowIndex++) {\n\t\t\tconst row = token.rows[rowIndex];\n\t\t\tconst rowCellLines: string[][] = row.map((cell, i) => {\n\t\t\t\tconst text = this.renderInlineTokens(cell.tokens || [], styleContext);\n\t\t\t\treturn this.wrapCellText(text, columnWidths[i]);\n\t\t\t});\n\t\t\tconst rowLineCount = Math.max(...rowCellLines.map((c) => c.length));\n\n\t\t\tfor (let lineIdx = 0; lineIdx < rowLineCount; lineIdx++) {\n\t\t\t\tconst rowParts = rowCellLines.map((cellLines, colIdx) => {\n\t\t\t\t\tconst text = cellLines[lineIdx] || \"\";\n\t\t\t\t\treturn text + \" \".repeat(Math.max(0, columnWidths[colIdx] - visibleWidth(text)));\n\t\t\t\t});\n\t\t\t\tlines.push(`│ ${rowParts.join(\" │ \")} │`);\n\t\t\t}\n\n\t\t\tif (rowIndex < token.rows.length - 1) {\n\t\t\t\tlines.push(separatorLine);\n\t\t\t}\n\t\t}\n\n\t\t// Render bottom border\n\t\tconst bottomBorderCells = columnWidths.map((w) => \"─\".repeat(w));\n\t\tlines.push(`└─${bottomBorderCells.join(\"─┴─\")}─┘`);\n\n\t\tif (nextTokenType && nextTokenType !== \"space\") {\n\t\t\tlines.push(\"\"); // Add spacing after table\n\t\t}\n\t\treturn lines;\n\t}\n}\n"]}
node_modules/@earendil-works/pi-tui/dist/components/editor.d.ts.map:1:{"version":3,"file":"editor.d.ts","sourceRoot":"","sources":["../../src/components/editor.ts"],"names":[],"mappings":"AAAA,OAAO,KAAK,EAAE,oBAAoB,EAA2B,MAAM,oBAAoB,CAAC;AAIxF,OAAO,EAAE,KAAK,SAAS,EAAiB,KAAK,SAAS,EAAE,KAAK,GAAG,EAAE,MAAM,WAAW,CAAC;AAGpF,OAAO,EAA4C,KAAK,eAAe,EAAE,MAAM,kBAAkB,CAAC;AAwElG;;;GAGG;AACH,MAAM,WAAW,SAAS;IACzB,IAAI,EAAE,MAAM,CAAC;IACb,UAAU,EAAE,MAAM,CAAC;IACnB,QAAQ,EAAE,MAAM,CAAC;CACjB;AAED;;;;;;;;;;GAUG;AACH,wBAAgB,YAAY,CAAC,IAAI,EAAE,MAAM,EAAE,QAAQ,EAAE,MAAM,EAAE,YAAY,CAAC,EAAE,IAAI,CAAC,WAAW,EAAE,GAAG,SAAS,EAAE,CAoF3G;AAeD,MAAM,WAAW,WAAW;IAC3B,WAAW,EAAE,CAAC,GAAG,EAAE,MAAM,KAAK,MAAM,CAAC;IACrC,UAAU,EAAE,eAAe,CAAC;CAC5B;AAED,MAAM,WAAW,aAAa;IAC7B,QAAQ,CAAC,EAAE,MAAM,CAAC;IAClB,sBAAsB,CAAC,EAAE,MAAM,CAAC;CAChC;AASD,qBAAa,MAAO,YAAW,SAAS,EAAE,SAAS;IAClD,OAAO,CAAC,KAAK,CAIX;IAEF,0DAA0D;IAC1D,OAAO,EAAE,OAAO,CAAS;IAEzB,SAAS,CAAC,GAAG,EAAE,GAAG,CAAC;IACnB,OAAO,CAAC,KAAK,CAAc;IAC3B,OAAO,CAAC,QAAQ,CAAa;IAG7B,OAAO,CAAC,SAAS,CAAc;IAG/B,OAAO,CAAC,YAAY,CAAa;IAG1B,WAAW,EAAE,CAAC,GAAG,EAAE,MAAM,KAAK,MAAM,CAAC;IAG5C,OAAO,CAAC,oBAAoB,CAAC,CAAuB;IACpD,OAAO,CAAC,gBAAgB,CAAC,CAAa;IACtC,OAAO,CAAC,iBAAiB,CAAoC;IAC7D,OAAO,CAAC,kBAAkB,CAAc;IACxC,OAAO,CAAC,sBAAsB,CAAa;IAC3C,OAAO,CAAC,iBAAiB,CAAC,CAAkB;IAC5C,OAAO,CAAC,yBAAyB,CAAC,CAAgC;IAClE,OAAO,CAAC,uBAAuB,CAAoC;IACnE,OAAO,CAAC,sBAAsB,CAAa;IAC3C,OAAO,CAAC,qBAAqB,CAAa;IAG1C,OAAO,CAAC,MAAM,CAAkC;IAChD,OAAO,CAAC,YAAY,CAAa;IAGjC,OAAO,CAAC,WAAW,CAAc;IACjC,OAAO,CAAC,SAAS,CAAkB;IAGnC,OAAO,CAAC,OAAO,CAAgB;IAC/B,OAAO,CAAC,YAAY,CAAc;IAGlC,OAAO,CAAC,QAAQ,CAAkB;IAClC,OAAO,CAAC,UAAU,CAA8C;IAGhE,OAAO,CAAC,QAAQ,CAAuC;IAGvD,OAAO,CAAC,kBAAkB,CAAuB;IAOjD,OAAO,CAAC,oBAAoB,CAAuB;IAGnD,OAAO,CAAC,SAAS,CAAgC;IAE1C,QAAQ,CAAC,EAAE,CAAC,IAAI,EAAE,MAAM,KAAK,IAAI,CAAC;IAClC,QAAQ,CAAC,EAAE,CAAC,IAAI,EAAE,MAAM,KAAK,IAAI,CAAC;IAClC,aAAa,EAAE,OAAO,CAAS;IAEtC,YAAY,GAAG,EAAE,GAAG,EAAE,KAAK,EAAE,WAAW,EAAE,OAAO,GAAE,aAAkB,EAQpE;IAED,uEAAuE;IACvE,OAAO,CAAC,aAAa;IAIrB,qFAAqF;IACrF,OAAO,CAAC,OAAO;IAIf,WAAW,IAAI,MAAM,CAEpB;IAED,WAAW,CAAC,OAAO,EAAE,MAAM,GAAG,IAAI,CAMjC;IAED,yBAAyB,IAAI,MAAM,CAElC;IAED,yBAAyB,CAAC,UAAU,EAAE,MAAM,GAAG,IAAI,CAMlD;IAED,uBAAuB,CAAC,QAAQ,EAAE,oBAAoB,GAAG,IAAI,CAG5D;IAED;;;OAGG;IACH,YAAY,CAAC,IAAI,EAAE,MAAM,GAAG,IAAI,CAU/B;IAED,OAAO,CAAC,aAAa;IAIrB,OAAO,CAAC,mBAAmB;IAM3B,OAAO,CAAC,kBAAkB;IAM1B,OAAO,CAAC,eAAe;IAsBvB,kFAAkF;IAClF,OAAO,CAAC,eAAe;IAavB,UAAU,IAAI,IAAI,CAEjB;IAED,MAAM,CAAC,KAAK,EAAE,MAAM,GAAG,MAAM,EAAE,CA2H9B;IAED,WAAW,CAAC,IAAI,EAAE,MAAM,GAAG,IAAI,CA+R9B;IAED,OAAO,CAAC,UAAU;IAwFlB,OAAO,IAAI,MAAM,CAEhB;IAED,OAAO,CAAC,kBAAkB;IAS1B;;;OAGG;IACH,eAAe,IAAI,MAAM,CAExB;IAED,QAAQ,IAAI,MAAM,EAAE,CAEnB;IAED,SAAS,IAAI;QAAE,IAAI,EAAE,MAAM,CAAC;QAAC,GAAG,EAAE,MAAM,CAAA;KAAE,CAEzC;IAED,OAAO,CAAC,IAAI,EAAE,MAAM,GAAG,IAAI,CAU1B;IAED;;;;OAIG;IACH,kBAAkB,CAAC,IAAI,EAAE,MAAM,GAAG,IAAI,CAOrC;IAED;;;;OAIG;IACH,OAAO,CAAC,aAAa;IAIrB;;;;OAIG;IACH,OAAO,CAAC,0BAA0B;IA4ClC,OAAO,CAAC,eAAe;IA4DvB,OAAO,CAAC,WAAW;IAoEnB,OAAO,CAAC,UAAU;IAyBlB,OAAO,CAAC,4BAA4B;IAWpC,OAAO,CAAC,WAAW;IAgBnB,OAAO,CAAC,eAAe;IAyDvB;;;OAGG;IACH,OAAO,CAAC,YAAY;IAMpB;;;OAGG;IACH,OAAO,CAAC,gBAAgB;IAkFxB;;;;;;;;;;;;;;;;;;;OAmBG;IACH,OAAO,CAAC,yBAAyB;IAiCjC,OAAO,CAAC,eAAe;IAKvB,OAAO,CAAC,aAAa;IAMrB,OAAO,CAAC,mBAAmB;IAmC3B,OAAO,CAAC,iBAAiB;IAgCzB,OAAO,CAAC,mBAAmB;IA6C3B,OAAO,CAAC,iBAAiB;IA0CzB,OAAO,CAAC,mBAAmB;IAkD3B;;;;;;OAMG;IACH,OAAO,CAAC,kBAAkB;IA2B1B;;OAEG;IACH,OAAO,CAAC,gBAAgB;IAmBxB;;OAEG;IACH,OAAO,CAAC,qBAAqB;IAM7B,OAAO,CAAC,UAAU;IAmDlB;;;OAGG;IACH,OAAO,CAAC,UAAU;IAYlB,OAAO,CAAC,iBAAiB;IAyDzB;;OAEG;IACH,OAAO,CAAC,IAAI;IAWZ;;;OAGG;IACH,OAAO,CAAC,OAAO;IAmBf;;OAEG;IACH,OAAO,CAAC,gBAAgB;IAuCxB;;;OAGG;IACH,OAAO,CAAC,gBAAgB;IAsCxB,OAAO,CAAC,gBAAgB;IAIxB,OAAO,CAAC,IAAI;IAYZ;;;OAGG;IACH,OAAO,CAAC,UAAU;IA8BlB,OAAO,CAAC,gBAAgB;IAsDxB,OAAO,CAAC,kBAAkB;IAK1B,OAAO,CAAC,kBAAkB;IAO1B,OAAO,CAAC,uBAAuB;IAK/B;;;;;;;;;;OAUG;IACH,OAAO,CAAC,6BAA6B;IAkBrC,OAAO,CAAC,sBAAsB;IAQ9B,OAAO,CAAC,sBAAsB;IAI9B,OAAO,CAAC,mBAAmB;IAa3B,OAAO,CAAC,4BAA4B;IAIpC,OAAO,CAAC,qBAAqB;IAI7B,OAAO,CAAC,mBAAmB;YA+Bb,wBAAwB;IAuBtC,OAAO,CAAC,yBAAyB;YAWnB,sBAAsB;IAoDpC,OAAO,CAAC,4BAA4B;IAgBpC,OAAO,CAAC,4BAA4B;IAYpC,OAAO,CAAC,yBAAyB;IAUjC,OAAO,CAAC,mBAAmB;IAM3B,OAAO,CAAC,kBAAkB;IAKnB,qBAAqB,IAAI,OAAO,CAEtC;IAED,OAAO,CAAC,kBAAkB;CAI1B","sourcesContent":["import type { AutocompleteProvider, AutocompleteSuggestions } from \"../autocomplete.js\";\nimport { getKeybindings } from \"../keybindings.js\";\nimport { decodePrintableKey, matchesKey } from \"../keys.js\";\nimport { KillRing } from \"../kill-ring.js\";\nimport { type Component, CURSOR_MARKER, type Focusable, type TUI } from \"../tui.js\";\nimport { UndoStack } from \"../undo-stack.js\";\nimport { getSegmenter, isPunctuationChar, isWhitespaceChar, truncateToWidth, visibleWidth } from \"../utils.js\";\nimport { SelectList, type SelectListLayoutOptions, type SelectListTheme } from \"./select-list.js\";\n\nconst baseSegmenter = getSegmenter();\n\n/** Regex matching paste markers like `[paste #1 +123 lines]` or `[paste #2 1234 chars]`. */\nconst PASTE_MARKER_REGEX = /\\[paste #(\\d+)( (\\+\\d+ lines|\\d+ chars))?\\]/g;\n\n/** Non-global version for single-segment testing. */\nconst PASTE_MARKER_SINGLE = /^\\[paste #(\\d+)( (\\+\\d+ lines|\\d+ chars))?\\]$/;\n\n/** Check if a segment is a paste marker (i.e. was merged by segmentWithMarkers). */\nfunction isPasteMarker(segment: string): boolean {\n\treturn segment.length >= 10 && PASTE_MARKER_SINGLE.test(segment);\n}\n\n/**\n * A segmenter that wraps Intl.Segmenter and merges graphemes that fall\n * within paste markers into single atomic segments.  This makes cursor\n * movement, deletion, word-wrap, etc. treat paste markers as single units.\n *\n * Only markers whose numeric ID exists in `validIds` are merged.\n */\nfunction segmentWithMarkers(text: string, validIds: Set<number>): Iterable<Intl.SegmentData> {\n\t// Fast path: no paste markers in the text or no valid IDs.\n\tif (validIds.size === 0 || !text.includes(\"[paste #\")) {\n\t\treturn baseSegmenter.segment(text);\n\t}\n\n\t// Find all marker spans with valid IDs.\n\tconst markers: Array<{ start: number; end: number }> = [];\n\tfor (const m of text.matchAll(PASTE_MARKER_REGEX)) {\n\t\tconst id = Number.parseInt(m[1]!, 10);\n\t\tif (!validIds.has(id)) continue;\n\t\tmarkers.push({ start: m.index, end: m.index + m[0].length });\n\t}\n\tif (markers.length === 0) {\n\t\treturn baseSegmenter.segment(text);\n\t}\n\n\t// Build merged segment list.\n\tconst baseSegments = baseSegmenter.segment(text);\n\tconst result: Intl.SegmentData[] = [];\n\tlet markerIdx = 0;\n\n\tfor (const seg of baseSegments) {\n\t\t// Skip past markers that are entirely before this segment.\n\t\twhile (markerIdx < markers.length && markers[markerIdx]!.end <= seg.index) {\n\t\t\tmarkerIdx++;\n\t\t}\n\n\t\tconst marker = markerIdx < markers.length ? markers[markerIdx]! : null;\n\n\t\tif (marker && seg.index >= marker.start && seg.index < marker.end) {\n\t\t\t// This segment falls inside a marker.\n\t\t\t// If this is the first segment of the marker, emit a merged segment.\n\t\t\tif (seg.index === marker.start) {\n\t\t\t\tconst markerText = text.slice(marker.start, marker.end);\n\t\t\t\tresult.push({\n\t\t\t\t\tsegment: markerText,\n\t\t\t\t\tindex: marker.start,\n\t\t\t\t\tinput: text,\n\t\t\t\t});\n\t\t\t}\n\t\t\t// Otherwise skip (already merged into the first segment).\n\t\t} else {\n\t\t\tresult.push(seg);\n\t\t}\n\t}\n\n\treturn result;\n}\n\n/**\n * Represents a chunk of text for word-wrap layout.\n * Tracks both the text content and its position in the original line.\n */\nexport interface TextChunk {\n\ttext: string;\n\tstartIndex: number;\n\tendIndex: number;\n}\n\n/**\n * Split a line into word-wrapped chunks.\n * Wraps at word boundaries when possible, falling back to character-level\n * wrapping for words longer than the available width.\n *\n * @param line - The text line to wrap\n * @param maxWidth - Maximum visible width per chunk\n * @param preSegmented - Optional pre-segmented graphemes (e.g. with paste-marker awareness).\n *                       When omitted the default Intl.Segmenter is used.\n * @returns Array of chunks with text and position information\n */\nexport function wordWrapLine(line: string, maxWidth: number, preSegmented?: Intl.SegmentData[]): TextChunk[] {\n\tif (!line || maxWidth <= 0) {\n\t\treturn [{ text: \"\", startIndex: 0, endIndex: 0 }];\n\t}\n\n\tconst lineWidth = visibleWidth(line);\n\tif (lineWidth <= maxWidth) {\n\t\treturn [{ text: line, startIndex: 0, endIndex: line.length }];\n\t}\n\n\tconst chunks: TextChunk[] = [];\n\tconst segments = preSegmented ?? [...baseSegmenter.segment(line)];\n\n\tlet currentWidth = 0;\n\tlet chunkStart = 0;\n\n\t// Wrap opportunity: the position after the last whitespace before a non-whitespace\n\t// grapheme, i.e. where a line break is allowed.\n\tlet wrapOppIndex = -1;\n\tlet wrapOppWidth = 0;\n\n\tfor (let i = 0; i < segments.length; i++) {\n\t\tconst seg = segments[i]!;\n\t\tconst grapheme = seg.segment;\n\t\tconst gWidth = visibleWidth(grapheme);\n\t\tconst charIndex = seg.index;\n\t\tconst isWs = !isPasteMarker(grapheme) && isWhitespaceChar(grapheme);\n\n\t\t// Overflow check before advancing.\n\t\tif (currentWidth + gWidth > maxWidth) {\n\t\t\tif (wrapOppIndex >= 0 && currentWidth - wrapOppWidth + gWidth <= maxWidth) {\n\t\t\t\t// Backtrack to last wrap opportunity (the remaining content\n\t\t\t\t// plus the current grapheme still fits within maxWidth).\n\t\t\t\tchunks.push({ text: line.slice(chunkStart, wrapOppIndex), startIndex: chunkStart, endIndex: wrapOppIndex });\n\t\t\t\tchunkStart = wrapOppIndex;\n\t\t\t\tcurrentWidth -= wrapOppWidth;\n\t\t\t} else if (chunkStart < charIndex) {\n\t\t\t\t// No viable wrap opportunity: force-break at current position.\n\t\t\t\t// This also handles the case where backtracking to a word\n\t\t\t\t// boundary wouldn't help because the remaining content plus\n\t\t\t\t// the current grapheme (e.g. a wide character) still exceeds\n\t\t\t\t// maxWidth.\n\t\t\t\tchunks.push({ text: line.slice(chunkStart, charIndex), startIndex: chunkStart, endIndex: charIndex });\n\t\t\t\tchunkStart = charIndex;\n\t\t\t\tcurrentWidth = 0;\n\t\t\t}\n\t\t\twrapOppIndex = -1;\n\t\t}\n\n\t\tif (gWidth > maxWidth) {\n\t\t\t// Single atomic segment wider than maxWidth (e.g. paste marker\n\t\t\t// in a narrow terminal). Re-wrap it at grapheme granularity.\n\n\t\t\t// The segment remains logically atomic for cursor\n\t\t\t// movement / editing — the split is purely visual for word-wrap layout.\n\t\t\tconst subChunks = wordWrapLine(grapheme, maxWidth);\n\t\t\tfor (let j = 0; j < subChunks.length - 1; j++) {\n\t\t\t\tconst sc = subChunks[j]!;\n\t\t\t\tchunks.push({ text: sc.text, startIndex: charIndex + sc.startIndex, endIndex: charIndex + sc.endIndex });\n\t\t\t}\n\t\t\tconst last = subChunks[subChunks.length - 1]!;\n\t\t\tchunkStart = charIndex + last.startIndex;\n\t\t\tcurrentWidth = visibleWidth(last.text);\n\t\t\twrapOppIndex = -1;\n\t\t\tcontinue;\n\t\t}\n\n\t\t// Advance.\n\t\tcurrentWidth += gWidth;\n\n\t\t// Record wrap opportunity: whitespace followed by non-whitespace.\n\t\t// Multiple spaces join (no break between them); the break point is\n\t\t// after the last space before the next word.\n\t\tconst next = segments[i + 1];\n\t\tif (isWs && next && (isPasteMarker(next.segment) || !isWhitespaceChar(next.segment))) {\n\t\t\twrapOppIndex = next.index;\n\t\t\twrapOppWidth = currentWidth;\n\t\t}\n\t}\n\n\t// Push final chunk.\n\tchunks.push({ text: line.slice(chunkStart), startIndex: chunkStart, endIndex: line.length });\n\n\treturn chunks;\n}\n\n// Kitty CSI-u sequences for printable keys, including optional shifted/base codepoints.\ninterface EditorState {\n\tlines: string[];\n\tcursorLine: number;\n\tcursorCol: number;\n}\n\ninterface LayoutLine {\n\ttext: string;\n\thasCursor: boolean;\n\tcursorPos?: number;\n}\n\nexport interface EditorTheme {\n\tborderColor: (str: string) => string;\n\tselectList: SelectListTheme;\n}\n\nexport interface EditorOptions {\n\tpaddingX?: number;\n\tautocompleteMaxVisible?: number;\n}\n\nconst SLASH_COMMAND_SELECT_LIST_LAYOUT: SelectListLayoutOptions = {\n\tminPrimaryColumnWidth: 12,\n\tmaxPrimaryColumnWidth: 32,\n};\n\nconst ATTACHMENT_AUTOCOMPLETE_DEBOUNCE_MS = 20;\n\nexport class Editor implements Component, Focusable {\n\tprivate state: EditorState = {\n\t\tlines: [\"\"],\n\t\tcursorLine: 0,\n\t\tcursorCol: 0,\n\t};\n\n\t/** Focusable interface - set by TUI when focus changes */\n\tfocused: boolean = false;\n\n\tprotected tui: TUI;\n\tprivate theme: EditorTheme;\n\tprivate paddingX: number = 0;\n\n\t// Store last render width for cursor navigation\n\tprivate lastWidth: number = 80;\n\n\t// Vertical scrolling support\n\tprivate scrollOffset: number = 0;\n\n\t// Border color (can be changed dynamically)\n\tpublic borderColor: (str: string) => string;\n\n\t// Autocomplete support\n\tprivate autocompleteProvider?: AutocompleteProvider;\n\tprivate autocompleteList?: SelectList;\n\tprivate autocompleteState: \"regular\" | \"force\" | null = null;\n\tprivate autocompletePrefix: string = \"\";\n\tprivate autocompleteMaxVisible: number = 5;\n\tprivate autocompleteAbort?: AbortController;\n\tprivate autocompleteDebounceTimer?: ReturnType<typeof setTimeout>;\n\tprivate autocompleteRequestTask: Promise<void> = Promise.resolve();\n\tprivate autocompleteStartToken: number = 0;\n\tprivate autocompleteRequestId: number = 0;\n\n\t// Paste tracking for large pastes\n\tprivate pastes: Map<number, string> = new Map();\n\tprivate pasteCounter: number = 0;\n\n\t// Bracketed paste mode buffering\n\tprivate pasteBuffer: string = \"\";\n\tprivate isInPaste: boolean = false;\n\n\t// Prompt history for up/down navigation\n\tprivate history: string[] = [];\n\tprivate historyIndex: number = -1; // -1 = not browsing, 0 = most recent, 1 = older, etc.\n\n\t// Kill ring for Emacs-style kill/yank operations\n\tprivate killRing = new KillRing();\n\tprivate lastAction: \"kill\" | \"yank\" | \"type-word\" | null = null;\n\n\t// Character jump mode\n\tprivate jumpMode: \"forward\" | \"backward\" | null = null;\n\n\t// Preferred visual column for vertical cursor movement (sticky column)\n\tprivate preferredVisualCol: number | null = null;\n\n\t// When the cursor is snapped to the start of an atomic segment, e.g. a\n\t// paste marker, cursorCol no longer reflects where the cursor would have\n\t// landed. This field stores the pre-snap cursorCol so that the next\n\t// vertical move can resolve it to a visual column on whatever VL it belongs\n\t// to.\n\tprivate snappedFromCursorCol: number | null = null;\n\n\t// Undo support\n\tprivate undoStack = new UndoStack<EditorState>();\n\n\tpublic onSubmit?: (text: string) => void;\n\tpublic onChange?: (text: string) => void;\n\tpublic disableSubmit: boolean = false;\n\n\tconstructor(tui: TUI, theme: EditorTheme, options: EditorOptions = {}) {\n\t\tthis.tui = tui;\n\t\tthis.theme = theme;\n\t\tthis.borderColor = theme.borderColor;\n\t\tconst paddingX = options.paddingX ?? 0;\n\t\tthis.paddingX = Number.isFinite(paddingX) ? Math.max(0, Math.floor(paddingX)) : 0;\n\t\tconst maxVisible = options.autocompleteMaxVisible ?? 5;\n\t\tthis.autocompleteMaxVisible = Number.isFinite(maxVisible) ? Math.max(3, Math.min(20, Math.floor(maxVisible))) : 5;\n\t}\n\n\t/** Set of currently valid paste IDs, for marker-aware segmentation. */\n\tprivate validPasteIds(): Set<number> {\n\t\treturn new Set(this.pastes.keys());\n\t}\n\n\t/** Segment text with paste-marker awareness, only merging markers with valid IDs. */\n\tprivate segment(text: string): Iterable<Intl.SegmentData> {\n\t\treturn segmentWithMarkers(text, this.validPasteIds());\n\t}\n\n\tgetPaddingX(): number {\n\t\treturn this.paddingX;\n\t}\n\n\tsetPaddingX(padding: number): void {\n\t\tconst newPadding = Number.isFinite(padding) ? Math.max(0, Math.floor(padding)) : 0;\n\t\tif (this.paddingX !== newPadding) {\n\t\t\tthis.paddingX = newPadding;\n\t\t\tthis.tui.requestRender();\n\t\t}\n\t}\n\n\tgetAutocompleteMaxVisible(): number {\n\t\treturn this.autocompleteMaxVisible;\n\t}\n\n\tsetAutocompleteMaxVisible(maxVisible: number): void {\n\t\tconst newMaxVisible = Number.isFinite(maxVisible) ? Math.max(3, Math.min(20, Math.floor(maxVisible))) : 5;\n\t\tif (this.autocompleteMaxVisible !== newMaxVisible) {\n\t\t\tthis.autocompleteMaxVisible = newMaxVisible;\n\t\t\tthis.tui.requestRender();\n\t\t}\n\t}\n\n\tsetAutocompleteProvider(provider: AutocompleteProvider): void {\n\t\tthis.cancelAutocomplete();\n\t\tthis.autocompleteProvider = provider;\n\t}\n\n\t/**\n\t * Add a prompt to history for up/down arrow navigation.\n\t * Called after successful submission.\n\t */\n\taddToHistory(text: string): void {\n\t\tconst trimmed = text.trim();\n\t\tif (!trimmed) return;\n\t\t// Don't add consecutive duplicates\n\t\tif (this.history.length > 0 && this.history[0] === trimmed) return;\n\t\tthis.history.unshift(trimmed);\n\t\t// Limit history size\n\t\tif (this.history.length > 100) {\n\t\t\tthis.history.pop();\n\t\t}\n\t}\n\n\tprivate isEditorEmpty(): boolean {\n\t\treturn this.state.lines.length === 1 && this.state.lines[0] === \"\";\n\t}\n\n\tprivate isOnFirstVisualLine(): boolean {\n\t\tconst visualLines = this.buildVisualLineMap(this.lastWidth);\n\t\tconst currentVisualLine = this.findCurrentVisualLine(visualLines);\n\t\treturn currentVisualLine === 0;\n\t}\n\n\tprivate isOnLastVisualLine(): boolean {\n\t\tconst visualLines = this.buildVisualLineMap(this.lastWidth);\n\t\tconst currentVisualLine = this.findCurrentVisualLine(visualLines);\n\t\treturn currentVisualLine === visualLines.length - 1;\n\t}\n\n\tprivate navigateHistory(direction: 1 | -1): void {\n\t\tthis.lastAction = null;\n\t\tif (this.history.length === 0) return;\n\n\t\tconst newIndex = this.historyIndex - direction; // Up(-1) increases index, Down(1) decreases\n\t\tif (newIndex < -1 || newIndex >= this.history.length) return;\n\n\t\t// Capture state when first entering history browsing mode\n\t\tif (this.historyIndex === -1 && newIndex >= 0) {\n\t\t\tthis.pushUndoSnapshot();\n\t\t}\n\n\t\tthis.historyIndex = newIndex;\n\n\t\tif (this.historyIndex === -1) {\n\t\t\t// Returned to \"current\" state - clear editor\n\t\t\tthis.setTextInternal(\"\");\n\t\t} else {\n\t\t\tthis.setTextInternal(this.history[this.historyIndex] || \"\");\n\t\t}\n\t}\n\n\t/** Internal setText that doesn't reset history state - used by navigateHistory */\n\tprivate setTextInternal(text: string): void {\n\t\tconst lines = text.split(\"\\n\");\n\t\tthis.state.lines = lines.length === 0 ? [\"\"] : lines;\n\t\tthis.state.cursorLine = this.state.lines.length - 1;\n\t\tthis.setCursorCol(this.state.lines[this.state.cursorLine]?.length || 0);\n\t\t// Reset scroll - render() will adjust to show cursor\n\t\tthis.scrollOffset = 0;\n\n\t\tif (this.onChange) {\n\t\t\tthis.onChange(this.getText());\n\t\t}\n\t}\n\n\tinvalidate(): void {\n\t\t// No cached state to invalidate currently\n\t}\n\n\trender(width: number): string[] {\n\t\tconst maxPadding = Math.max(0, Math.floor((width - 1) / 2));\n\t\tconst paddingX = Math.min(this.paddingX, maxPadding);\n\t\tconst contentWidth = Math.max(1, width - paddingX * 2);\n\n\t\t// Layout width: with padding the cursor can overflow into it,\n\t\t// without padding we reserve 1 column for the cursor.\n\t\tconst layoutWidth = Math.max(1, contentWidth - (paddingX ? 0 : 1));\n\n\t\t// Store for cursor navigation (must match wrapping width)\n\t\tthis.lastWidth = layoutWidth;\n\n\t\tconst horizontal = this.borderColor(\"─\");\n\n\t\t// Layout the text\n\t\tconst layoutLines = this.layoutText(layoutWidth);\n\n\t\t// Calculate max visible lines: 30% of terminal height, minimum 5 lines\n\t\tconst terminalRows = this.tui.terminal.rows;\n\t\tconst maxVisibleLines = Math.max(5, Math.floor(terminalRows * 0.3));\n\n\t\t// Find the cursor line index in layoutLines\n\t\tlet cursorLineIndex = layoutLines.findIndex((line) => line.hasCursor);\n\t\tif (cursorLineIndex === -1) cursorLineIndex = 0;\n\n\t\t// Adjust scroll offset to keep cursor visible\n\t\tif (cursorLineIndex < this.scrollOffset) {\n\t\t\tthis.scrollOffset = cursorLineIndex;\n\t\t} else if (cursorLineIndex >= this.scrollOffset + maxVisibleLines) {\n\t\t\tthis.scrollOffset = cursorLineIndex - maxVisibleLines + 1;\n\t\t}\n\n\t\t// Clamp scroll offset to valid range\n\t\tconst maxScrollOffset = Math.max(0, layoutLines.length - maxVisibleLines);\n\t\tthis.scrollOffset = Math.max(0, Math.min(this.scrollOffset, maxScrollOffset));\n\n\t\t// Get visible lines slice\n\t\tconst visibleLines = layoutLines.slice(this.scrollOffset, this.scrollOffset + maxVisibleLines);\n\n\t\tconst result: string[] = [];\n\t\tconst leftPadding = \" \".repeat(paddingX);\n\t\tconst rightPadding = leftPadding;\n\n\t\t// Render top border (with scroll indicator if scrolled down)\n\t\tif (this.scrollOffset > 0) {\n\t\t\tconst indicator = `─── ↑ ${this.scrollOffset} more `;\n\t\t\tconst remaining = width - visibleWidth(indicator);\n\t\t\tif (remaining >= 0) {\n\t\t\t\tresult.push(this.borderColor(indicator + \"─\".repeat(remaining)));\n\t\t\t} else {\n\t\t\t\tresult.push(this.borderColor(truncateToWidth(indicator, width)));\n\t\t\t}\n\t\t} else {\n\t\t\tresult.push(horizontal.repeat(width));\n\t\t}\n\n\t\t// Render each visible layout line\n\t\t// Emit hardware cursor marker only when focused and not showing autocomplete\n\t\tconst emitCursorMarker = this.focused && !this.autocompleteState;\n\n\t\tfor (const layoutLine of visibleLines) {\n\t\t\tlet displayText = layoutLine.text;\n\t\t\tlet lineVisibleWidth = visibleWidth(layoutLine.text);\n\t\t\tlet cursorInPadding = false;\n\n\t\t\t// Add cursor if this line has it\n\t\t\tif (layoutLine.hasCursor && layoutLine.cursorPos !== undefined) {\n\t\t\t\tconst before = displayText.slice(0, layoutLine.cursorPos);\n\t\t\t\tconst after = displayText.slice(layoutLine.cursorPos);\n\n\t\t\t\t// Hardware cursor marker (zero-width, emitted before fake cursor for IME positioning)\n\t\t\t\tconst marker = emitCursorMarker ? CURSOR_MARKER : \"\";\n\n\t\t\t\tif (after.length > 0) {\n\t\t\t\t\t// Cursor is on a character (grapheme) - replace it with highlighted version\n\t\t\t\t\t// Get the first grapheme from 'after'\n\t\t\t\t\tconst afterGraphemes = [...this.segment(after)];\n\t\t\t\t\tconst firstGrapheme = afterGraphemes[0]?.segment || \"\";\n\t\t\t\t\tconst restAfter = after.slice(firstGrapheme.length);\n\t\t\t\t\tconst cursor = `\\x1b[7m${firstGrapheme}\\x1b[0m`;\n\t\t\t\t\tdisplayText = before + marker + cursor + restAfter;\n\t\t\t\t\t// lineVisibleWidth stays the same - we're replacing, not adding\n\t\t\t\t} else {\n\t\t\t\t\t// Cursor is at the end - add highlighted space\n\t\t\t\t\tconst cursor = \"\\x1b[7m \\x1b[0m\";\n\t\t\t\t\tdisplayText = before + marker + cursor;\n\t\t\t\t\tlineVisibleWidth = lineVisibleWidth + 1;\n\t\t\t\t\t// If cursor overflows content width into the padding, flag it\n\t\t\t\t\tif (lineVisibleWidth > contentWidth && paddingX > 0) {\n\t\t\t\t\t\tcursorInPadding = true;\n\t\t\t\t\t}\n\t\t\t\t}\n\t\t\t}\n\n\t\t\t// Calculate padding based on actual visible width\n\t\t\tconst padding = \" \".repeat(Math.max(0, contentWidth - lineVisibleWidth));\n\t\t\tconst lineRightPadding = cursorInPadding ? rightPadding.slice(1) : rightPadding;\n\n\t\t\t// Render the line (no side borders, just horizontal lines above and below)\n\t\t\tresult.push(`${leftPadding}${displayText}${padding}${lineRightPadding}`);\n\t\t}\n\n\t\t// Render bottom border (with scroll indicator if more content below)\n\t\tconst linesBelow = layoutLines.length - (this.scrollOffset + visibleLines.length);\n\t\tif (linesBelow > 0) {\n\t\t\tconst indicator = `─── ↓ ${linesBelow} more `;\n\t\t\tconst remaining = width - visibleWidth(indicator);\n\t\t\tresult.push(this.borderColor(indicator + \"─\".repeat(Math.max(0, remaining))));\n\t\t} else {\n\t\t\tresult.push(horizontal.repeat(width));\n\t\t}\n\n\t\t// Add autocomplete list if active\n\t\tif (this.autocompleteState && this.autocompleteList) {\n\t\t\tconst autocompleteResult = this.autocompleteList.render(contentWidth);\n\t\t\tfor (const line of autocompleteResult) {\n\t\t\t\tconst lineWidth = visibleWidth(line);\n\t\t\t\tconst linePadding = \" \".repeat(Math.max(0, contentWidth - lineWidth));\n\t\t\t\tresult.push(`${leftPadding}${line}${linePadding}${rightPadding}`);\n\t\t\t}\n\t\t}\n\n\t\treturn result;\n\t}\n\n\thandleInput(data: string): void {\n\t\tconst kb = getKeybindings();\n\n\t\t// Handle character jump mode (awaiting next character to jump to)\n\t\tif (this.jumpMode !== null) {\n\t\t\t// Cancel if the hotkey is pressed again\n\t\t\tif (kb.matches(data, \"tui.editor.jumpForward\") || kb.matches(data, \"tui.editor.jumpBackward\")) {\n\t\t\t\tthis.jumpMode = null;\n\t\t\t\treturn;\n\t\t\t}\n\n\t\t\tconst printable = decodePrintableKey(data) ?? (data.charCodeAt(0) >= 32 ? data : undefined);\n\t\t\tif (printable !== undefined) {\n\t\t\t\t// Printable character - perform the jump\n\t\t\t\tconst direction = this.jumpMode;\n\t\t\t\tthis.jumpMode = null;\n\t\t\t\tthis.jumpToChar(printable, direction);\n\t\t\t\treturn;\n\t\t\t}\n\n\t\t\t// Control character - cancel and fall through to normal handling\n\t\t\tthis.jumpMode = null;\n\t\t}\n\n\t\t// Handle bracketed paste mode\n\t\tif (data.includes(\"\\x1b[200~\")) {\n\t\t\tthis.isInPaste = true;\n\t\t\tthis.pasteBuffer = \"\";\n\t\t\tdata = data.replace(\"\\x1b[200~\", \"\");\n\t\t}\n\n\t\tif (this.isInPaste) {\n\t\t\tthis.pasteBuffer += data;\n\t\t\tconst endIndex = this.pasteBuffer.indexOf(\"\\x1b[201~\");\n\t\t\tif (endIndex !== -1) {\n\t\t\t\tconst pasteContent = this.pasteBuffer.substring(0, endIndex);\n\t\t\t\tif (pasteContent.length > 0) {\n\t\t\t\t\tthis.handlePaste(pasteContent);\n\t\t\t\t}\n\t\t\t\tthis.isInPaste = false;\n\t\t\t\tconst remaining = this.pasteBuffer.substring(endIndex + 6);\n\t\t\t\tthis.pasteBuffer = \"\";\n\t\t\t\tif (remaining.length > 0) {\n\t\t\t\t\tthis.handleInput(remaining);\n\t\t\t\t}\n\t\t\t\treturn;\n\t\t\t}\n\t\t\treturn;\n\t\t}\n\n\t\t// Ctrl+C - let parent handle (exit/clear)\n\t\tif (kb.matches(data, \"tui.input.copy\")) {\n\t\t\treturn;\n\t\t}\n\n\t\t// Undo\n\t\tif (kb.matches(data, \"tui.editor.undo\")) {\n\t\t\tthis.undo();\n\t\t\treturn;\n\t\t}\n\n\t\t// Handle autocomplete mode\n\t\tif (this.autocompleteState && this.autocompleteList) {\n\t\t\tif (kb.matches(data, \"tui.select.cancel\")) {\n\t\t\t\tthis.cancelAutocomplete();\n\t\t\t\treturn;\n\t\t\t}\n\n\t\t\tif (kb.matches(data, \"tui.select.up\") || kb.matches(data, \"tui.select.down\")) {\n\t\t\t\tthis.autocompleteList.handleInput(data);\n\t\t\t\treturn;\n\t\t\t}\n\n\t\t\tif (kb.matches(data, \"tui.input.tab\")) {\n\t\t\t\tconst selected = this.autocompleteList.getSelectedItem();\n\t\t\t\tif (selected && this.autocompleteProvider) {\n\t\t\t\t\tthis.pushUndoSnapshot();\n\t\t\t\t\tthis.lastAction = null;\n\t\t\t\t\tconst result = this.autocompleteProvider.applyCompletion(\n\t\t\t\t\t\tthis.state.lines,\n\t\t\t\t\t\tthis.state.cursorLine,\n\t\t\t\t\t\tthis.state.cursorCol,\n\t\t\t\t\t\tselected,\n\t\t\t\t\t\tthis.autocompletePrefix,\n\t\t\t\t\t);\n\t\t\t\t\tthis.state.lines = result.lines;\n\t\t\t\t\tthis.state.cursorLine = result.cursorLine;\n\t\t\t\t\tthis.setCursorCol(result.cursorCol);\n\t\t\t\t\tthis.cancelAutocomplete();\n\t\t\t\t\tif (this.onChange) this.onChange(this.getText());\n\t\t\t\t}\n\t\t\t\treturn;\n\t\t\t}\n\n\t\t\tif (kb.matches(data, \"tui.select.confirm\")) {\n\t\t\t\tconst selected = this.autocompleteList.getSelectedItem();\n\t\t\t\tif (selected && this.autocompleteProvider) {\n\t\t\t\t\tthis.pushUndoSnapshot();\n\t\t\t\t\tthis.lastAction = null;\n\t\t\t\t\tconst result = this.autocompleteProvider.applyCompletion(\n\t\t\t\t\t\tthis.state.lines,\n\t\t\t\t\t\tthis.state.cursorLine,\n\t\t\t\t\t\tthis.state.cursorCol,\n\t\t\t\t\t\tselected,\n\t\t\t\t\t\tthis.autocompletePrefix,\n\t\t\t\t\t);\n\t\t\t\t\tthis.state.lines = result.lines;\n\t\t\t\t\tthis.state.cursorLine = result.cursorLine;\n\t\t\t\t\tthis.setCursorCol(result.cursorCol);\n\n\t\t\t\t\tif (this.autocompletePrefix.startsWith(\"/\")) {\n\t\t\t\t\t\tthis.cancelAutocomplete();\n\t\t\t\t\t\t// Fall through to submit\n\t\t\t\t\t} else {\n\t\t\t\t\t\tthis.cancelAutocomplete();\n\t\t\t\t\t\tif (this.onChange) this.onChange(this.getText());\n\t\t\t\t\t\treturn;\n\t\t\t\t\t}\n\t\t\t\t}\n\t\t\t}\n\t\t}\n\n\t\t// Tab - trigger completion\n\t\tif (kb.matches(data, \"tui.input.tab\") && !this.autocompleteState) {\n\t\t\tthis.handleTabCompletion();\n\t\t\treturn;\n\t\t}\n\n\t\t// Deletion actions\n\t\tif (kb.matches(data, \"tui.editor.deleteToLineEnd\")) {\n\t\t\tthis.deleteToEndOfLine();\n\t\t\treturn;\n\t\t}\n\t\tif (kb.matches(data, \"tui.editor.deleteToLineStart\")) {\n\t\t\tthis.deleteToStartOfLine();\n\t\t\treturn;\n\t\t}\n\t\tif (kb.matches(data, \"tui.editor.deleteWordBackward\")) {\n\t\t\tthis.deleteWordBackwards();\n\t\t\treturn;\n\t\t}\n\t\tif (kb.matches(data, \"tui.editor.deleteWordForward\")) {\n\t\t\tthis.deleteWordForward();\n\t\t\treturn;\n\t\t}\n\t\tif (kb.matches(data, \"tui.editor.deleteCharBackward\") || matchesKey(data, \"shift+backspace\")) {\n\t\t\tthis.handleBackspace();\n\t\t\treturn;\n\t\t}\n\t\tif (kb.matches(data, \"tui.editor.deleteCharForward\") || matchesKey(data, \"shift+delete\")) {\n\t\t\tthis.handleForwardDelete();\n\t\t\treturn;\n\t\t}\n\n\t\t// Kill ring actions\n\t\tif (kb.matches(data, \"tui.editor.yank\")) {\n\t\t\tthis.yank();\n\t\t\treturn;\n\t\t}\n\t\tif (kb.matches(data, \"tui.editor.yankPop\")) {\n\t\t\tthis.yankPop();\n\t\t\treturn;\n\t\t}\n\n\t\t// Cursor movement actions\n\t\tif (kb.matches(data, \"tui.editor.cursorLineStart\")) {\n\t\t\tthis.moveToLineStart();\n\t\t\treturn;\n\t\t}\n\t\tif (kb.matches(data, \"tui.editor.cursorLineEnd\")) {\n\t\t\tthis.moveToLineEnd();\n\t\t\treturn;\n\t\t}\n\t\tif (kb.matches(data, \"tui.editor.cursorWordLeft\")) {\n\t\t\tthis.moveWordBackwards();\n\t\t\treturn;\n\t\t}\n\t\tif (kb.matches(data, \"tui.editor.cursorWordRight\")) {\n\t\t\tthis.moveWordForwards();\n\t\t\treturn;\n\t\t}\n\n\t\t// New line\n\t\tif (\n\t\t\tkb.matches(data, \"tui.input.newLine\") ||\n\t\t\t(data.charCodeAt(0) === 10 && data.length > 1) ||\n\t\t\tdata === \"\\x1b\\r\" ||\n\t\t\tdata === \"\\x1b[13;2~\" ||\n\t\t\t(data.length > 1 && data.includes(\"\\x1b\") && data.includes(\"\\r\")) ||\n\t\t\t(data === \"\\n\" && data.length === 1)\n\t\t) {\n\t\t\tif (this.shouldSubmitOnBackslashEnter(data, kb)) {\n\t\t\t\tthis.handleBackspace();\n\t\t\t\tthis.submitValue();\n\t\t\t\treturn;\n\t\t\t}\n\t\t\tthis.addNewLine();\n\t\t\treturn;\n\t\t}\n\n\t\t// Submit (Enter)\n\t\tif (kb.matches(data, \"tui.input.submit\")) {\n\t\t\tif (this.disableSubmit) return;\n\n\t\t\t// Workaround for terminals without Shift+Enter support:\n\t\t\t// If char before cursor is \\, delete it and insert newline instead of submitting.\n\t\t\tconst currentLine = this.state.lines[this.state.cursorLine] || \"\";\n\t\t\tif (this.state.cursorCol > 0 && currentLine[this.state.cursorCol - 1] === \"\\\\\") {\n\t\t\t\tthis.handleBackspace();\n\t\t\t\tthis.addNewLine();\n\t\t\t\treturn;\n\t\t\t}\n\n\t\t\tthis.submitValue();\n\t\t\treturn;\n\t\t}\n\n\t\t// Arrow key navigation (with history support)\n\t\tif (kb.matches(data, \"tui.editor.cursorUp\")) {\n\t\t\tif (this.isEditorEmpty()) {\n\t\t\t\tthis.navigateHistory(-1);\n\t\t\t} else if (this.historyIndex > -1 && this.isOnFirstVisualLine()) {\n\t\t\t\tthis.navigateHistory(-1);\n\t\t\t} else if (this.isOnFirstVisualLine()) {\n\t\t\t\t// Already at top - jump to start of line\n\t\t\t\tthis.moveToLineStart();\n\t\t\t} else {\n\t\t\t\tthis.moveCursor(-1, 0);\n\t\t\t}\n\t\t\treturn;\n\t\t}\n\t\tif (kb.matches(data, \"tui.editor.cursorDown\")) {\n\t\t\tif (this.historyIndex > -1 && this.isOnLastVisualLine()) {\n\t\t\t\tthis.navigateHistory(1);\n\t\t\t} else if (this.isOnLastVisualLine()) {\n\t\t\t\t// Already at bottom - jump to end of line\n\t\t\t\tthis.moveToLineEnd();\n\t\t\t} else {\n\t\t\t\tthis.moveCursor(1, 0);\n\t\t\t}\n\t\t\treturn;\n\t\t}\n\t\tif (kb.matches(data, \"tui.editor.cursorRight\")) {\n\t\t\tthis.moveCursor(0, 1);\n\t\t\treturn;\n\t\t}\n\t\tif (kb.matches(data, \"tui.editor.cursorLeft\")) {\n\t\t\tthis.moveCursor(0, -1);\n\t\t\treturn;\n\t\t}\n\n\t\t// Page up/down - scroll by page and move cursor\n\t\tif (kb.matches(data, \"tui.editor.pageUp\")) {\n\t\t\tthis.pageScroll(-1);\n\t\t\treturn;\n\t\t}\n\t\tif (kb.matches(data, \"tui.editor.pageDown\")) {\n\t\t\tthis.pageScroll(1);\n\t\t\treturn;\n\t\t}\n\n\t\t// Character jump mode triggers\n\t\tif (kb.matches(data, \"tui.editor.jumpForward\")) {\n\t\t\tthis.jumpMode = \"forward\";\n\t\t\treturn;\n\t\t}\n\t\tif (kb.matches(data, \"tui.editor.jumpBackward\")) {\n\t\t\tthis.jumpMode = \"backward\";\n\t\t\treturn;\n\t\t}\n\n\t\t// Shift+Space - insert regular space\n\t\tif (matchesKey(data, \"shift+space\")) {\n\t\t\tthis.insertCharacter(\" \");\n\t\t\treturn;\n\t\t}\n\n\t\tconst printable = decodePrintableKey(data);\n\t\tif (printable !== undefined) {\n\t\t\tthis.insertCharacter(printable);\n\t\t\treturn;\n\t\t}\n\n\t\t// Regular characters\n\t\tif (data.charCodeAt(0) >= 32) {\n\t\t\tthis.insertCharacter(data);\n\t\t}\n\t}\n\n\tprivate layoutText(contentWidth: number): LayoutLine[] {\n\t\tconst layoutLines: LayoutLine[] = [];\n\n\t\tif (this.state.lines.length === 0 || (this.state.lines.length === 1 && this.state.lines[0] === \"\")) {\n\t\t\t// Empty editor\n\t\t\tlayoutLines.push({\n\t\t\t\ttext: \"\",\n\t\t\t\thasCursor: true,\n\t\t\t\tcursorPos: 0,\n\t\t\t});\n\t\t\treturn layoutLines;\n\t\t}\n\n\t\t// Process each logical line\n\t\tfor (let i = 0; i < this.state.lines.length; i++) {\n\t\t\tconst line = this.state.lines[i] || \"\";\n\t\t\tconst isCurrentLine = i === this.state.cursorLine;\n\t\t\tconst lineVisibleWidth = visibleWidth(line);\n\n\t\t\tif (lineVisibleWidth <= contentWidth) {\n\t\t\t\t// Line fits in one layout line\n\t\t\t\tif (isCurrentLine) {\n\t\t\t\t\tlayoutLines.push({\n\t\t\t\t\t\ttext: line,\n\t\t\t\t\t\thasCursor: true,\n\t\t\t\t\t\tcursorPos: this.state.cursorCol,\n\t\t\t\t\t});\n\t\t\t\t} else {\n\t\t\t\t\tlayoutLines.push({\n\t\t\t\t\t\ttext: line,\n\t\t\t\t\t\thasCursor: false,\n\t\t\t\t\t});\n\t\t\t\t}\n\t\t\t} else {\n\t\t\t\t// Line needs wrapping - use word-aware wrapping\n\t\t\t\tconst chunks = wordWrapLine(line, contentWidth, [...this.segment(line)]);\n\n\t\t\t\tfor (let chunkIndex = 0; chunkIndex < chunks.length; chunkIndex++) {\n\t\t\t\t\tconst chunk = chunks[chunkIndex];\n\t\t\t\t\tif (!chunk) continue;\n\n\t\t\t\t\tconst cursorPos = this.state.cursorCol;\n\t\t\t\t\tconst isLastChunk = chunkIndex === chunks.length - 1;\n\n\t\t\t\t\t// Determine if cursor is in this chunk\n\t\t\t\t\t// For word-wrapped chunks, we need to handle the case where\n\t\t\t\t\t// cursor might be in trimmed whitespace at end of chunk\n\t\t\t\t\tlet hasCursorInChunk = false;\n\t\t\t\t\tlet adjustedCursorPos = 0;\n\n\t\t\t\t\tif (isCurrentLine) {\n\t\t\t\t\t\tif (isLastChunk) {\n\t\t\t\t\t\t\t// Last chunk: cursor belongs here if >= startIndex\n\t\t\t\t\t\t\thasCursorInChunk = cursorPos >= chunk.startIndex;\n\t\t\t\t\t\t\tadjustedCursorPos = cursorPos - chunk.startIndex;\n\t\t\t\t\t\t} else {\n\t\t\t\t\t\t\t// Non-last chunk: cursor belongs here if in range [startIndex, endIndex)\n\t\t\t\t\t\t\t// But we need to handle the visual position in the trimmed text\n\t\t\t\t\t\t\thasCursorInChunk = cursorPos >= chunk.startIndex && cursorPos < chunk.endIndex;\n\t\t\t\t\t\t\tif (hasCursorInChunk) {\n\t\t\t\t\t\t\t\tadjustedCursorPos = cursorPos - chunk.startIndex;\n\t\t\t\t\t\t\t\t// Clamp to text length (in case cursor was in trimmed whitespace)\n\t\t\t\t\t\t\t\tif (adjustedCursorPos > chunk.text.length) {\n\t\t\t\t\t\t\t\t\tadjustedCursorPos = chunk.text.length;\n\t\t\t\t\t\t\t\t}\n\t\t\t\t\t\t\t}\n\t\t\t\t\t\t}\n\t\t\t\t\t}\n\n\t\t\t\t\tif (hasCursorInChunk) {\n\t\t\t\t\t\tlayoutLines.push({\n\t\t\t\t\t\t\ttext: chunk.text,\n\t\t\t\t\t\t\thasCursor: true,\n\t\t\t\t\t\t\tcursorPos: adjustedCursorPos,\n\t\t\t\t\t\t});\n\t\t\t\t\t} else {\n\t\t\t\t\t\tlayoutLines.push({\n\t\t\t\t\t\t\ttext: chunk.text,\n\t\t\t\t\t\t\thasCursor: false,\n\t\t\t\t\t\t});\n\t\t\t\t\t}\n\t\t\t\t}\n\t\t\t}\n\t\t}\n\n\t\treturn layoutLines;\n\t}\n\n\tgetText(): string {\n\t\treturn this.state.lines.join(\"\\n\");\n\t}\n\n\tprivate expandPasteMarkers(text: string): string {\n\t\tlet result = text;\n\t\tfor (const [pasteId, pasteContent] of this.pastes) {\n\t\t\tconst markerRegex = new RegExp(`\\\\[paste #${pasteId}( (\\\\+\\\\d+ lines|\\\\d+ chars))?\\\\]`, \"g\");\n\t\t\tresult = result.replace(markerRegex, () => pasteContent);\n\t\t}\n\t\treturn result;\n\t}\n\n\t/**\n\t * Get text with paste markers expanded to their actual content.\n\t * Use this when you need the full content (e.g., for external editor).\n\t */\n\tgetExpandedText(): string {\n\t\treturn this.expandPasteMarkers(this.state.lines.join(\"\\n\"));\n\t}\n\n\tgetLines(): string[] {\n\t\treturn [...this.state.lines];\n\t}\n\n\tgetCursor(): { line: number; col: number } {\n\t\treturn { line: this.state.cursorLine, col: this.state.cursorCol };\n\t}\n\n\tsetText(text: string): void {\n\t\tthis.cancelAutocomplete();\n\t\tthis.lastAction = null;\n\t\tthis.historyIndex = -1; // Exit history browsing mode\n\t\tconst normalized = this.normalizeText(text);\n\t\t// Push undo snapshot if content differs (makes programmatic changes undoable)\n\t\tif (this.getText() !== normalized) {\n\t\t\tthis.pushUndoSnapshot();\n\t\t}\n\t\tthis.setTextInternal(normalized);\n\t}\n\n\t/**\n\t * Insert text at the current cursor position.\n\t * Used for programmatic insertion (e.g., clipboard image markers).\n\t * This is atomic for undo - single undo restores entire pre-insert state.\n\t */\n\tinsertTextAtCursor(text: string): void {\n\t\tif (!text) return;\n\t\tthis.cancelAutocomplete();\n\t\tthis.pushUndoSnapshot();\n\t\tthis.lastAction = null;\n\t\tthis.historyIndex = -1;\n\t\tthis.insertTextAtCursorInternal(text);\n\t}\n\n\t/**\n\t * Normalize text for editor storage:\n\t * - Normalize line endings (\\r\\n and \\r -> \\n)\n\t * - Expand tabs to 4 spaces\n\t */\n\tprivate normalizeText(text: string): string {\n\t\treturn text.replace(/\\r\\n/g, \"\\n\").replace(/\\r/g, \"\\n\").replace(/\\t/g, \"    \");\n\t}\n\n\t/**\n\t * Internal text insertion at cursor. Handles single and multi-line text.\n\t * Does not push undo snapshots or trigger autocomplete - caller is responsible.\n\t * Normalizes line endings and calls onChange once at the end.\n\t */\n\tprivate insertTextAtCursorInternal(text: string): void {\n\t\tif (!text) return;\n\n\t\t// Normalize line endings and tabs\n\t\tconst normalized = this.normalizeText(text);\n\t\tconst insertedLines = normalized.split(\"\\n\");\n\n\t\tconst currentLine = this.state.lines[this.state.cursorLine] || \"\";\n\t\tconst beforeCursor = currentLine.slice(0, this.state.cursorCol);\n\t\tconst afterCursor = currentLine.slice(this.state.cursorCol);\n\n\t\tif (insertedLines.length === 1) {\n\t\t\t// Single line - insert at cursor position\n\t\t\tthis.state.lines[this.state.cursorLine] = beforeCursor + normalized + afterCursor;\n\t\t\tthis.setCursorCol(this.state.cursorCol + normalized.length);\n\t\t} else {\n\t\t\t// Multi-line insertion\n\t\t\tthis.state.lines = [\n\t\t\t\t// All lines before current line\n\t\t\t\t...this.state.lines.slice(0, this.state.cursorLine),\n\n\t\t\t\t// The first inserted line merged with text before cursor\n\t\t\t\tbeforeCursor + insertedLines[0],\n\n\t\t\t\t// All middle inserted lines\n\t\t\t\t...insertedLines.slice(1, -1),\n\n\t\t\t\t// The last inserted line with text after cursor\n\t\t\t\tinsertedLines[insertedLines.length - 1] + afterCursor,\n\n\t\t\t\t// All lines after current line\n\t\t\t\t...this.state.lines.slice(this.state.cursorLine + 1),\n\t\t\t];\n\n\t\t\tthis.state.cursorLine += insertedLines.length - 1;\n\t\t\tthis.setCursorCol((insertedLines[insertedLines.length - 1] || \"\").length);\n\t\t}\n\n\t\tif (this.onChange) {\n\t\t\tthis.onChange(this.getText());\n\t\t}\n\t}\n\n\t// All the editor methods from before...\n\tprivate insertCharacter(char: string, skipUndoCoalescing?: boolean): void {\n\t\tthis.historyIndex = -1; // Exit history browsing mode\n\n\t\t// Undo coalescing (fish-style):\n\t\t// - Consecutive word chars coalesce into one undo unit\n\t\t// - Space captures state before itself (so undo removes space+following word together)\n\t\t// - Each space is separately undoable\n\t\t// Skip coalescing when called from atomic operations (e.g., handlePaste)\n\t\tif (!skipUndoCoalescing) {\n\t\t\tif (isWhitespaceChar(char) || this.lastAction !== \"type-word\") {\n\t\t\t\tthis.pushUndoSnapshot();\n\t\t\t}\n\t\t\tthis.lastAction = \"type-word\";\n\t\t}\n\n\t\tconst line = this.state.lines[this.state.cursorLine] || \"\";\n\n\t\tconst before = line.slice(0, this.state.cursorCol);\n\t\tconst after = line.slice(this.state.cursorCol);\n\n\t\tthis.state.lines[this.state.cursorLine] = before + char + after;\n\t\tthis.setCursorCol(this.state.cursorCol + char.length);\n\n\t\tif (this.onChange) {\n\t\t\tthis.onChange(this.getText());\n\t\t}\n\n\t\t// Check if we should trigger or update autocomplete\n\t\tif (!this.autocompleteState) {\n\t\t\t// Auto-trigger for \"/\" at the start of a line (slash commands)\n\t\t\tif (char === \"/\" && this.isAtStartOfMessage()) {\n\t\t\t\tthis.tryTriggerAutocomplete();\n\t\t\t}\n\t\t\t// Auto-trigger for symbol-based completion like @ or # at token boundaries\n\t\t\telse if (char === \"@\" || char === \"#\") {\n\t\t\t\tconst currentLine = this.state.lines[this.state.cursorLine] || \"\";\n\t\t\t\tconst textBeforeCursor = currentLine.slice(0, this.state.cursorCol);\n\t\t\t\tconst charBeforeSymbol = textBeforeCursor[textBeforeCursor.length - 2];\n\t\t\t\tif (textBeforeCursor.length === 1 || charBeforeSymbol === \" \" || charBeforeSymbol === \"\\t\") {\n\t\t\t\t\tthis.tryTriggerAutocomplete();\n\t\t\t\t}\n\t\t\t}\n\t\t\t// Also auto-trigger when typing letters in a slash command or symbol completion context\n\t\t\telse if (/[a-zA-Z0-9.\\-_]/.test(char)) {\n\t\t\t\tconst currentLine = this.state.lines[this.state.cursorLine] || \"\";\n\t\t\t\tconst textBeforeCursor = currentLine.slice(0, this.state.cursorCol);\n\t\t\t\t// Check if we're in a slash command (with or without space for arguments)\n\t\t\t\tif (this.isInSlashCommandContext(textBeforeCursor)) {\n\t\t\t\t\tthis.tryTriggerAutocomplete();\n\t\t\t\t}\n\t\t\t\t// Check if we're in a symbol-based completion context like @ or #\n\t\t\t\telse if (textBeforeCursor.match(/(?:^|[\\s])[@#][^\\s]*$/)) {\n\t\t\t\t\tthis.tryTriggerAutocomplete();\n\t\t\t\t}\n\t\t\t}\n\t\t} else {\n\t\t\tthis.updateAutocomplete();\n\t\t}\n\t}\n\n\tprivate handlePaste(pastedText: string): void {\n\t\tthis.cancelAutocomplete();\n\t\tthis.historyIndex = -1; // Exit history browsing mode\n\t\tthis.lastAction = null;\n\n\t\tthis.pushUndoSnapshot();\n\n\t\t// Some terminals (e.g. tmux popups with extended-keys-format=csi-u) re-encode\n\t\t// control bytes inside bracketed paste as CSI-u Ctrl+<letter> sequences\n\t\t// (ESC [ <codepoint> ; 5 u). Decode those back to their literal byte so the\n\t\t// per-char filter below preserves newlines instead of stripping ESC and\n\t\t// leaking the printable tail (e.g. \"[106;5u\") into the editor.\n\t\tconst decodedText = pastedText.replace(/\\x1b\\[(\\d+);5u/g, (match, code) => {\n\t\t\tconst cp = Number(code);\n\t\t\tif (cp >= 97 && cp <= 122) return String.fromCharCode(cp - 96);\n\t\t\tif (cp >= 65 && cp <= 90) return String.fromCharCode(cp - 64);\n\t\t\treturn match;\n\t\t});\n\n\t\t// Clean the pasted text: normalize line endings, expand tabs\n\t\tconst cleanText = this.normalizeText(decodedText);\n\n\t\t// Filter out non-printable characters except newlines\n\t\tlet filteredText = cleanText\n\t\t\t.split(\"\")\n\t\t\t.filter((char) => char === \"\\n\" || char.charCodeAt(0) >= 32)\n\t\t\t.join(\"\");\n\n\t\t// If pasting a file path (starts with /, ~, or .) and the character before\n\t\t// the cursor is a word character, prepend a space for better readability\n\t\tif (/^[/~.]/.test(filteredText)) {\n\t\t\tconst currentLine = this.state.lines[this.state.cursorLine] || \"\";\n\t\t\tconst charBeforeCursor = this.state.cursorCol > 0 ? currentLine[this.state.cursorCol - 1] : \"\";\n\t\t\tif (charBeforeCursor && /\\w/.test(charBeforeCursor)) {\n\t\t\t\tfilteredText = ` ${filteredText}`;\n\t\t\t}\n\t\t}\n\n\t\t// Split into lines to check for large paste\n\t\tconst pastedLines = filteredText.split(\"\\n\");\n\n\t\t// Check if this is a large paste (> 10 lines or > 1000 characters)\n\t\tconst totalChars = filteredText.length;\n\t\tif (pastedLines.length > 10 || totalChars > 1000) {\n\t\t\t// Store the paste and insert a marker\n\t\t\tthis.pasteCounter++;\n\t\t\tconst pasteId = this.pasteCounter;\n\t\t\tthis.pastes.set(pasteId, filteredText);\n\n\t\t\t// Insert marker like \"[paste #1 +123 lines]\" or \"[paste #1 1234 chars]\"\n\t\t\tconst marker =\n\t\t\t\tpastedLines.length > 10\n\t\t\t\t\t? `[paste #${pasteId} +${pastedLines.length} lines]`\n\t\t\t\t\t: `[paste #${pasteId} ${totalChars} chars]`;\n\t\t\tthis.insertTextAtCursorInternal(marker);\n\t\t\treturn;\n\t\t}\n\n\t\tif (pastedLines.length === 1) {\n\t\t\t// Single line - insert atomically (do not trigger autocomplete during paste)\n\t\t\tthis.insertTextAtCursorInternal(filteredText);\n\t\t\treturn;\n\t\t}\n\n\t\t// Multi-line paste - use direct state manipulation\n\t\tthis.insertTextAtCursorInternal(filteredText);\n\t}\n\n\tprivate addNewLine(): void {\n\t\tthis.cancelAutocomplete();\n\t\tthis.historyIndex = -1; // Exit history browsing mode\n\t\tthis.lastAction = null;\n\n\t\tthis.pushUndoSnapshot();\n\n\t\tconst currentLine = this.state.lines[this.state.cursorLine] || \"\";\n\n\t\tconst before = currentLine.slice(0, this.state.cursorCol);\n\t\tconst after = currentLine.slice(this.state.cursorCol);\n\n\t\t// Split current line\n\t\tthis.state.lines[this.state.cursorLine] = before;\n\t\tthis.state.lines.splice(this.state.cursorLine + 1, 0, after);\n\n\t\t// Move cursor to start of new line\n\t\tthis.state.cursorLine++;\n\t\tthis.setCursorCol(0);\n\n\t\tif (this.onChange) {\n\t\t\tthis.onChange(this.getText());\n\t\t}\n\t}\n\n\tprivate shouldSubmitOnBackslashEnter(data: string, kb: ReturnType<typeof getKeybindings>): boolean {\n\t\tif (this.disableSubmit) return false;\n\t\tif (!matchesKey(data, \"enter\")) return false;\n\t\tconst submitKeys = kb.getKeys(\"tui.input.submit\");\n\t\tconst hasShiftEnter = submitKeys.includes(\"shift+enter\") || submitKeys.includes(\"shift+return\");\n\t\tif (!hasShiftEnter) return false;\n\n\t\tconst currentLine = this.state.lines[this.state.cursorLine] || \"\";\n\t\treturn this.state.cursorCol > 0 && currentLine[this.state.cursorCol - 1] === \"\\\\\";\n\t}\n\n\tprivate submitValue(): void {\n\t\tthis.cancelAutocomplete();\n\t\tconst result = this.expandPasteMarkers(this.state.lines.join(\"\\n\")).trim();\n\n\t\tthis.state = { lines: [\"\"], cursorLine: 0, cursorCol: 0 };\n\t\tthis.pastes.clear();\n\t\tthis.pasteCounter = 0;\n\t\tthis.historyIndex = -1;\n\t\tthis.scrollOffset = 0;\n\t\tthis.undoStack.clear();\n\t\tthis.lastAction = null;\n\n\t\tif (this.onChange) this.onChange(\"\");\n\t\tif (this.onSubmit) this.onSubmit(result);\n\t}\n\n\tprivate handleBackspace(): void {\n\t\tthis.historyIndex = -1; // Exit history browsing mode\n\t\tthis.lastAction = null;\n\n\t\tif (this.state.cursorCol > 0) {\n\t\t\tthis.pushUndoSnapshot();\n\n\t\t\t// Delete grapheme before cursor (handles emojis, combining characters, etc.)\n\t\t\tconst line = this.state.lines[this.state.cursorLine] || \"\";\n\t\t\tconst beforeCursor = line.slice(0, this.state.cursorCol);\n\n\t\t\t// Find the last grapheme in the text before cursor\n\t\t\tconst graphemes = [...this.segment(beforeCursor)];\n\t\t\tconst lastGrapheme = graphemes[graphemes.length - 1];\n\t\t\tconst graphemeLength = lastGrapheme ? lastGrapheme.segment.length : 1;\n\n\t\t\tconst before = line.slice(0, this.state.cursorCol - graphemeLength);\n\t\t\tconst after = line.slice(this.state.cursorCol);\n\n\t\t\tthis.state.lines[this.state.cursorLine] = before + after;\n\t\t\tthis.setCursorCol(this.state.cursorCol - graphemeLength);\n\t\t} else if (this.state.cursorLine > 0) {\n\t\t\tthis.pushUndoSnapshot();\n\n\t\t\t// Merge with previous line\n\t\t\tconst currentLine = this.state.lines[this.state.cursorLine] || \"\";\n\t\t\tconst previousLine = this.state.lines[this.state.cursorLine - 1] || \"\";\n\n\t\t\tthis.state.lines[this.state.cursorLine - 1] = previousLine + currentLine;\n\t\t\tthis.state.lines.splice(this.state.cursorLine, 1);\n\n\t\t\tthis.state.cursorLine--;\n\t\t\tthis.setCursorCol(previousLine.length);\n\t\t}\n\n\t\tif (this.onChange) {\n\t\t\tthis.onChange(this.getText());\n\t\t}\n\n\t\t// Update or re-trigger autocomplete after backspace\n\t\tif (this.autocompleteState) {\n\t\t\tthis.updateAutocomplete();\n\t\t} else {\n\t\t\t// If autocomplete was cancelled (no matches), re-trigger if we're in a completable context\n\t\t\tconst currentLine = this.state.lines[this.state.cursorLine] || \"\";\n\t\t\tconst textBeforeCursor = currentLine.slice(0, this.state.cursorCol);\n\t\t\t// Slash command context\n\t\t\tif (this.isInSlashCommandContext(textBeforeCursor)) {\n\t\t\t\tthis.tryTriggerAutocomplete();\n\t\t\t}\n\t\t\t// Symbol-based completion context like @ or #\n\t\t\telse if (textBeforeCursor.match(/(?:^|[\\s])[@#][^\\s]*$/)) {\n\t\t\t\tthis.tryTriggerAutocomplete();\n\t\t\t}\n\t\t}\n\t}\n\n\t/**\n\t * Set cursor column and clear preferredVisualCol.\n\t * Use this for all non-vertical cursor movements to reset sticky column behavior.\n\t */\n\tprivate setCursorCol(col: number): void {\n\t\tthis.state.cursorCol = col;\n\t\tthis.preferredVisualCol = null;\n\t\tthis.snappedFromCursorCol = null;\n\t}\n\n\t/**\n\t * Move cursor to a target visual line, applying sticky column logic.\n\t * Shared by moveCursor() and pageScroll().\n\t */\n\tprivate moveToVisualLine(\n\t\tvisualLines: Array<{ logicalLine: number; startCol: number; length: number }>,\n\t\tcurrentVisualLine: number,\n\t\ttargetVisualLine: number,\n\t): void {\n\t\tconst currentVL = visualLines[currentVisualLine];\n\t\tconst targetVL = visualLines[targetVisualLine];\n\t\tif (!(currentVL && targetVL)) return;\n\n\t\t// When the cursor was snapped to a segment start, resolve the pre-snap\n\t\t// position against the VL it belongs to. This gives the correct visual\n\t\t// column even after a resize reshuffles VLs.\n\t\tlet currentVisualCol: number;\n\t\tif (this.snappedFromCursorCol !== null) {\n\t\t\tconst vlIndex = this.findVisualLineAt(visualLines, currentVL.logicalLine, this.snappedFromCursorCol);\n\t\t\tcurrentVisualCol = this.snappedFromCursorCol - visualLines[vlIndex].startCol;\n\t\t} else {\n\t\t\tcurrentVisualCol = this.state.cursorCol - currentVL.startCol;\n\t\t}\n\n\t\t// For non-last segments, clamp to length-1 to stay within the segment\n\t\tconst isLastSourceSegment =\n\t\t\tcurrentVisualLine === visualLines.length - 1 ||\n\t\t\tvisualLines[currentVisualLine + 1]?.logicalLine !== currentVL.logicalLine;\n\t\tconst sourceMaxVisualCol = isLastSourceSegment ? currentVL.length : Math.max(0, currentVL.length - 1);\n\n\t\tconst isLastTargetSegment =\n\t\t\ttargetVisualLine === visualLines.length - 1 ||\n\t\t\tvisualLines[targetVisualLine + 1]?.logicalLine !== targetVL.logicalLine;\n\t\tconst targetMaxVisualCol = isLastTargetSegment ? targetVL.length : Math.max(0, targetVL.length - 1);\n\n\t\tconst moveToVisualCol = this.computeVerticalMoveColumn(currentVisualCol, sourceMaxVisualCol, targetMaxVisualCol);\n\n\t\t// Set cursor position\n\t\tthis.state.cursorLine = targetVL.logicalLine;\n\t\tconst targetCol = targetVL.startCol + moveToVisualCol;\n\t\tconst logicalLine = this.state.lines[targetVL.logicalLine] || \"\";\n\t\tthis.state.cursorCol = Math.min(targetCol, logicalLine.length);\n\n\t\t// Snap cursor to atomic segment boundary (e.g. paste markers)\n\t\t// so the cursor never lands in the middle of a multi-grapheme unit.\n\t\t// Single-grapheme segments don't need snapping.\n\t\tconst segments = [...this.segment(logicalLine)];\n\t\tfor (const seg of segments) {\n\t\t\tif (seg.index > this.state.cursorCol) break;\n\t\t\tif (seg.segment.length <= 1) continue;\n\t\t\tif (this.state.cursorCol < seg.index + seg.segment.length) {\n\t\t\t\tconst isContinuation = seg.index < targetVL.startCol;\n\t\t\t\tconst isMovingDown = targetVisualLine > currentVisualLine;\n\n\t\t\t\tif (isContinuation && isMovingDown) {\n\t\t\t\t\t// The segment started on a previous visual line, and we\n\t\t\t\t\t// already visited it on the way down. Skip all remaining\n\t\t\t\t\t// continuation VLs and land on the first VL past it.\n\t\t\t\t\tconst segEnd = seg.index + seg.segment.length;\n\t\t\t\t\tlet next = targetVisualLine + 1;\n\t\t\t\t\twhile (\n\t\t\t\t\t\tnext < visualLines.length &&\n\t\t\t\t\t\tvisualLines[next].logicalLine === targetVL.logicalLine &&\n\t\t\t\t\t\tvisualLines[next].startCol < segEnd\n\t\t\t\t\t) {\n\t\t\t\t\t\tnext++;\n\t\t\t\t\t}\n\t\t\t\t\tif (next < visualLines.length) {\n\t\t\t\t\t\tthis.moveToVisualLine(visualLines, currentVisualLine, next);\n\t\t\t\t\t\treturn;\n\t\t\t\t\t}\n\t\t\t\t}\n\n\t\t\t\t// Snap to the start of the segment so it gets highlighted.\n\t\t\t\t// Store the pre-snap position so the next vertical move can\n\t\t\t\t// resolve it to the correct visual column.\n\t\t\t\tthis.snappedFromCursorCol = this.state.cursorCol;\n\t\t\t\tthis.state.cursorCol = seg.index;\n\t\t\t\treturn;\n\t\t\t}\n\t\t}\n\n\t\t// No snap occurred – we moved out of the atomic segment.\n\t\tthis.snappedFromCursorCol = null;\n\t}\n\n\t/**\n\t * Compute the target visual column for vertical cursor movement.\n\t * Implements the sticky column decision table:\n\t *\n\t * | P | S | T | U | Scenario                                             | Set Preferred | Move To     |\n\t * |---|---|---|---| ---------------------------------------------------- |---------------|-------------|\n\t * | 0 | * | 0 | - | Start nav, target fits                               | null          | current     |\n\t * | 0 | * | 1 | - | Start nav, target shorter                            | current       | target end  |\n\t * | 1 | 0 | 0 | 0 | Clamped, target fits preferred                       | null          | preferred   |\n\t * | 1 | 0 | 0 | 1 | Clamped, target longer but still can't fit preferred | keep          | target end  |\n\t * | 1 | 0 | 1 | - | Clamped, target even shorter                         | keep          | target end  |\n\t * | 1 | 1 | 0 | - | Rewrapped, target fits current                       | null          | current     |\n\t * | 1 | 1 | 1 | - | Rewrapped, target shorter than current               | current       | target end  |\n\t *\n\t * Where:\n\t * - P = preferred col is set\n\t * - S = cursor in middle of source line (not clamped to end)\n\t * - T = target line shorter than current visual col\n\t * - U = target line shorter than preferred col\n\t */\n\tprivate computeVerticalMoveColumn(\n\t\tcurrentVisualCol: number,\n\t\tsourceMaxVisualCol: number,\n\t\ttargetMaxVisualCol: number,\n\t): number {\n\t\tconst hasPreferred = this.preferredVisualCol !== null; // P\n\t\tconst cursorInMiddle = currentVisualCol < sourceMaxVisualCol; // S\n\t\tconst targetTooShort = targetMaxVisualCol < currentVisualCol; // T\n\n\t\tif (!hasPreferred || cursorInMiddle) {\n\t\t\tif (targetTooShort) {\n\t\t\t\t// Cases 2 and 7\n\t\t\t\tthis.preferredVisualCol = currentVisualCol;\n\t\t\t\treturn targetMaxVisualCol;\n\t\t\t}\n\n\t\t\t// Cases 1 and 6\n\t\t\tthis.preferredVisualCol = null;\n\t\t\treturn currentVisualCol;\n\t\t}\n\n\t\tconst targetCantFitPreferred = targetMaxVisualCol < this.preferredVisualCol!; // U\n\t\tif (targetTooShort || targetCantFitPreferred) {\n\t\t\t// Cases 4 and 5\n\t\t\treturn targetMaxVisualCol;\n\t\t}\n\n\t\t// Case 3\n\t\tconst result = this.preferredVisualCol!;\n\t\tthis.preferredVisualCol = null;\n\t\treturn result;\n\t}\n\n\tprivate moveToLineStart(): void {\n\t\tthis.lastAction = null;\n\t\tthis.setCursorCol(0);\n\t}\n\n\tprivate moveToLineEnd(): void {\n\t\tthis.lastAction = null;\n\t\tconst currentLine = this.state.lines[this.state.cursorLine] || \"\";\n\t\tthis.setCursorCol(currentLine.length);\n\t}\n\n\tprivate deleteToStartOfLine(): void {\n\t\tthis.historyIndex = -1; // Exit history browsing mode\n\n\t\tconst currentLine = this.state.lines[this.state.cursorLine] || \"\";\n\n\t\tif (this.state.cursorCol > 0) {\n\t\t\tthis.pushUndoSnapshot();\n\n\t\t\t// Calculate text to be deleted and save to kill ring (backward deletion = prepend)\n\t\t\tconst deletedText = currentLine.slice(0, this.state.cursorCol);\n\t\t\tthis.killRing.push(deletedText, { prepend: true, accumulate: this.lastAction === \"kill\" });\n\t\t\tthis.lastAction = \"kill\";\n\n\t\t\t// Delete from start of line up to cursor\n\t\t\tthis.state.lines[this.state.cursorLine] = currentLine.slice(this.state.cursorCol);\n\t\t\tthis.setCursorCol(0);\n\t\t} else if (this.state.cursorLine > 0) {\n\t\t\tthis.pushUndoSnapshot();\n\n\t\t\t// At start of line - merge with previous line, treating newline as deleted text\n\t\t\tthis.killRing.push(\"\\n\", { prepend: true, accumulate: this.lastAction === \"kill\" });\n\t\t\tthis.lastAction = \"kill\";\n\n\t\t\tconst previousLine = this.state.lines[this.state.cursorLine - 1] || \"\";\n\t\t\tthis.state.lines[this.state.cursorLine - 1] = previousLine + currentLine;\n\t\t\tthis.state.lines.splice(this.state.cursorLine, 1);\n\t\t\tthis.state.cursorLine--;\n\t\t\tthis.setCursorCol(previousLine.length);\n\t\t}\n\n\t\tif (this.onChange) {\n\t\t\tthis.onChange(this.getText());\n\t\t}\n\t}\n\n\tprivate deleteToEndOfLine(): void {\n\t\tthis.historyIndex = -1; // Exit history browsing mode\n\n\t\tconst currentLine = this.state.lines[this.state.cursorLine] || \"\";\n\n\t\tif (this.state.cursorCol < currentLine.length) {\n\t\t\tthis.pushUndoSnapshot();\n\n\t\t\t// Calculate text to be deleted and save to kill ring (forward deletion = append)\n\t\t\tconst deletedText = currentLine.slice(this.state.cursorCol);\n\t\t\tthis.killRing.push(deletedText, { prepend: false, accumulate: this.lastAction === \"kill\" });\n\t\t\tthis.lastAction = \"kill\";\n\n\t\t\t// Delete from cursor to end of line\n\t\t\tthis.state.lines[this.state.cursorLine] = currentLine.slice(0, this.state.cursorCol);\n\t\t} else if (this.state.cursorLine < this.state.lines.length - 1) {\n\t\t\tthis.pushUndoSnapshot();\n\n\t\t\t// At end of line - merge with next line, treating newline as deleted text\n\t\t\tthis.killRing.push(\"\\n\", { prepend: false, accumulate: this.lastAction === \"kill\" });\n\t\t\tthis.lastAction = \"kill\";\n\n\t\t\tconst nextLine = this.state.lines[this.state.cursorLine + 1] || \"\";\n\t\t\tthis.state.lines[this.state.cursorLine] = currentLine + nextLine;\n\t\t\tthis.state.lines.splice(this.state.cursorLine + 1, 1);\n\t\t}\n\n\t\tif (this.onChange) {\n\t\t\tthis.onChange(this.getText());\n\t\t}\n\t}\n\n\tprivate deleteWordBackwards(): void {\n\t\tthis.historyIndex = -1; // Exit history browsing mode\n\n\t\tconst currentLine = this.state.lines[this.state.cursorLine] || \"\";\n\n\t\t// If at start of line, behave like backspace at column 0 (merge with previous line)\n\t\tif (this.state.cursorCol === 0) {\n\t\t\tif (this.state.cursorLine > 0) {\n\t\t\t\tthis.pushUndoSnapshot();\n\n\t\t\t\t// Treat newline as deleted text (backward deletion = prepend)\n\t\t\t\tthis.killRing.push(\"\\n\", { prepend: true, accumulate: this.lastAction === \"kill\" });\n\t\t\t\tthis.lastAction = \"kill\";\n\n\t\t\t\tconst previousLine = this.state.lines[this.state.cursorLine - 1] || \"\";\n\t\t\t\tthis.state.lines[this.state.cursorLine - 1] = previousLine + currentLine;\n\t\t\t\tthis.state.lines.splice(this.state.cursorLine, 1);\n\t\t\t\tthis.state.cursorLine--;\n\t\t\t\tthis.setCursorCol(previousLine.length);\n\t\t\t}\n\t\t} else {\n\t\t\tthis.pushUndoSnapshot();\n\n\t\t\t// Save lastAction before cursor movement (moveWordBackwards resets it)\n\t\t\tconst wasKill = this.lastAction === \"kill\";\n\n\t\t\tconst oldCursorCol = this.state.cursorCol;\n\t\t\tthis.moveWordBackwards();\n\t\t\tconst deleteFrom = this.state.cursorCol;\n\t\t\tthis.setCursorCol(oldCursorCol);\n\n\t\t\tconst deletedText = currentLine.slice(deleteFrom, this.state.cursorCol);\n\t\t\tthis.killRing.push(deletedText, { prepend: true, accumulate: wasKill });\n\t\t\tthis.lastAction = \"kill\";\n\n\t\t\tthis.state.lines[this.state.cursorLine] =\n\t\t\t\tcurrentLine.slice(0, deleteFrom) + currentLine.slice(this.state.cursorCol);\n\t\t\tthis.setCursorCol(deleteFrom);\n\t\t}\n\n\t\tif (this.onChange) {\n\t\t\tthis.onChange(this.getText());\n\t\t}\n\t}\n\n\tprivate deleteWordForward(): void {\n\t\tthis.historyIndex = -1; // Exit history browsing mode\n\n\t\tconst currentLine = this.state.lines[this.state.cursorLine] || \"\";\n\n\t\t// If at end of line, merge with next line (delete the newline)\n\t\tif (this.state.cursorCol >= currentLine.length) {\n\t\t\tif (this.state.cursorLine < this.state.lines.length - 1) {\n\t\t\t\tthis.pushUndoSnapshot();\n\n\t\t\t\t// Treat newline as deleted text (forward deletion = append)\n\t\t\t\tthis.killRing.push(\"\\n\", { prepend: false, accumulate: this.lastAction === \"kill\" });\n\t\t\t\tthis.lastAction = \"kill\";\n\n\t\t\t\tconst nextLine = this.state.lines[this.state.cursorLine + 1] || \"\";\n\t\t\t\tthis.state.lines[this.state.cursorLine] = currentLine + nextLine;\n\t\t\t\tthis.state.lines.splice(this.state.cursorLine + 1, 1);\n\t\t\t}\n\t\t} else {\n\t\t\tthis.pushUndoSnapshot();\n\n\t\t\t// Save lastAction before cursor movement (moveWordForwards resets it)\n\t\t\tconst wasKill = this.lastAction === \"kill\";\n\n\t\t\tconst oldCursorCol = this.state.cursorCol;\n\t\t\tthis.moveWordForwards();\n\t\t\tconst deleteTo = this.state.cursorCol;\n\t\t\tthis.setCursorCol(oldCursorCol);\n\n\t\t\tconst deletedText = currentLine.slice(this.state.cursorCol, deleteTo);\n\t\t\tthis.killRing.push(deletedText, { prepend: false, accumulate: wasKill });\n\t\t\tthis.lastAction = \"kill\";\n\n\t\t\tthis.state.lines[this.state.cursorLine] =\n\t\t\t\tcurrentLine.slice(0, this.state.cursorCol) + currentLine.slice(deleteTo);\n\t\t}\n\n\t\tif (this.onChange) {\n\t\t\tthis.onChange(this.getText());\n\t\t}\n\t}\n\n\tprivate handleForwardDelete(): void {\n\t\tthis.historyIndex = -1; // Exit history browsing mode\n\t\tthis.lastAction = null;\n\n\t\tconst currentLine = this.state.lines[this.state.cursorLine] || \"\";\n\n\t\tif (this.state.cursorCol < currentLine.length) {\n\t\t\tthis.pushUndoSnapshot();\n\n\t\t\t// Delete grapheme at cursor position (handles emojis, combining characters, etc.)\n\t\t\tconst afterCursor = currentLine.slice(this.state.cursorCol);\n\n\t\t\t// Find the first grapheme at cursor\n\t\t\tconst graphemes = [...this.segment(afterCursor)];\n\t\t\tconst firstGrapheme = graphemes[0];\n\t\t\tconst graphemeLength = firstGrapheme ? firstGrapheme.segment.length : 1;\n\n\t\t\tconst before = currentLine.slice(0, this.state.cursorCol);\n\t\t\tconst after = currentLine.slice(this.state.cursorCol + graphemeLength);\n\t\t\tthis.state.lines[this.state.cursorLine] = before + after;\n\t\t} else if (this.state.cursorLine < this.state.lines.length - 1) {\n\t\t\tthis.pushUndoSnapshot();\n\n\t\t\t// At end of line - merge with next line\n\t\t\tconst nextLine = this.state.lines[this.state.cursorLine + 1] || \"\";\n\t\t\tthis.state.lines[this.state.cursorLine] = currentLine + nextLine;\n\t\t\tthis.state.lines.splice(this.state.cursorLine + 1, 1);\n\t\t}\n\n\t\tif (this.onChange) {\n\t\t\tthis.onChange(this.getText());\n\t\t}\n\n\t\t// Update or re-trigger autocomplete after forward delete\n\t\tif (this.autocompleteState) {\n\t\t\tthis.updateAutocomplete();\n\t\t} else {\n\t\t\tconst currentLine = this.state.lines[this.state.cursorLine] || \"\";\n\t\t\tconst textBeforeCursor = currentLine.slice(0, this.state.cursorCol);\n\t\t\t// Slash command context\n\t\t\tif (this.isInSlashCommandContext(textBeforeCursor)) {\n\t\t\t\tthis.tryTriggerAutocomplete();\n\t\t\t}\n\t\t\t// Symbol-based completion context like @ or #\n\t\t\telse if (textBeforeCursor.match(/(?:^|[\\s])[@#][^\\s]*$/)) {\n\t\t\t\tthis.tryTriggerAutocomplete();\n\t\t\t}\n\t\t}\n\t}\n\n\t/**\n\t * Build a mapping from visual lines to logical positions.\n\t * Returns an array where each element represents a visual line with:\n\t * - logicalLine: index into this.state.lines\n\t * - startCol: starting column in the logical line\n\t * - length: length of this visual line segment\n\t */\n\tprivate buildVisualLineMap(width: number): Array<{ logicalLine: number; startCol: number; length: number }> {\n\t\tconst visualLines: Array<{ logicalLine: number; startCol: number; length: number }> = [];\n\n\t\tfor (let i = 0; i < this.state.lines.length; i++) {\n\t\t\tconst line = this.state.lines[i] || \"\";\n\t\t\tconst lineVisWidth = visibleWidth(line);\n\t\t\tif (line.length === 0) {\n\t\t\t\t// Empty line still takes one visual line\n\t\t\t\tvisualLines.push({ logicalLine: i, startCol: 0, length: 0 });\n\t\t\t} else if (lineVisWidth <= width) {\n\t\t\t\tvisualLines.push({ logicalLine: i, startCol: 0, length: line.length });\n\t\t\t} else {\n\t\t\t\t// Line needs wrapping - use word-aware wrapping\n\t\t\t\tconst chunks = wordWrapLine(line, width, [...this.segment(line)]);\n\t\t\t\tfor (const chunk of chunks) {\n\t\t\t\t\tvisualLines.push({\n\t\t\t\t\t\tlogicalLine: i,\n\t\t\t\t\t\tstartCol: chunk.startIndex,\n\t\t\t\t\t\tlength: chunk.endIndex - chunk.startIndex,\n\t\t\t\t\t});\n\t\t\t\t}\n\t\t\t}\n\t\t}\n\n\t\treturn visualLines;\n\t}\n\n\t/**\n\t * Find the visual line index that contains the given logical position.\n\t */\n\tprivate findVisualLineAt(\n\t\tvisualLines: Array<{ logicalLine: number; startCol: number; length: number }>,\n\t\tline: number,\n\t\tcol: number,\n\t): number {\n\t\tfor (let i = 0; i < visualLines.length; i++) {\n\t\t\tconst vl = visualLines[i];\n\t\t\tif (!vl || vl.logicalLine !== line) continue;\n\t\t\tconst offset = col - vl.startCol;\n\t\t\t// Cursor is in this segment if it's within range. For the last\n\t\t\t// segment of a logical line, cursor can be at length (end position)\n\t\t\tconst isLastSegmentOfLine = i === visualLines.length - 1 || visualLines[i + 1]?.logicalLine !== vl.logicalLine;\n\t\t\tif (offset >= 0 && (offset < vl.length || (isLastSegmentOfLine && offset === vl.length))) {\n\t\t\t\treturn i;\n\t\t\t}\n\t\t}\n\t\treturn visualLines.length - 1;\n\t}\n\n\t/**\n\t * Find the visual line index for the current cursor position.\n\t */\n\tprivate findCurrentVisualLine(\n\t\tvisualLines: Array<{ logicalLine: number; startCol: number; length: number }>,\n\t): number {\n\t\treturn this.findVisualLineAt(visualLines, this.state.cursorLine, this.state.cursorCol);\n\t}\n\n\tprivate moveCursor(deltaLine: number, deltaCol: number): void {\n\t\tthis.lastAction = null;\n\t\tconst visualLines = this.buildVisualLineMap(this.lastWidth);\n\t\tconst currentVisualLine = this.findCurrentVisualLine(visualLines);\n\n\t\tif (deltaLine !== 0) {\n\t\t\tconst targetVisualLine = currentVisualLine + deltaLine;\n\n\t\t\tif (targetVisualLine >= 0 && targetVisualLine < visualLines.length) {\n\t\t\t\tthis.moveToVisualLine(visualLines, currentVisualLine, targetVisualLine);\n\t\t\t}\n\t\t}\n\n\t\tif (deltaCol !== 0) {\n\t\t\tconst currentLine = this.state.lines[this.state.cursorLine] || \"\";\n\n\t\t\tif (deltaCol > 0) {\n\t\t\t\t// Moving right - move by one grapheme (handles emojis, combining characters, etc.)\n\t\t\t\tif (this.state.cursorCol < currentLine.length) {\n\t\t\t\t\tconst afterCursor = currentLine.slice(this.state.cursorCol);\n\t\t\t\t\tconst graphemes = [...this.segment(afterCursor)];\n\t\t\t\t\tconst firstGrapheme = graphemes[0];\n\t\t\t\t\tthis.setCursorCol(this.state.cursorCol + (firstGrapheme ? firstGrapheme.segment.length : 1));\n\t\t\t\t} else if (this.state.cursorLine < this.state.lines.length - 1) {\n\t\t\t\t\t// Wrap to start of next logical line\n\t\t\t\t\tthis.state.cursorLine++;\n\t\t\t\t\tthis.setCursorCol(0);\n\t\t\t\t} else {\n\t\t\t\t\t// At end of last line - can't move, but set preferredVisualCol for up/down navigation\n\t\t\t\t\tconst currentVL = visualLines[currentVisualLine];\n\t\t\t\t\tif (currentVL) {\n\t\t\t\t\t\tthis.preferredVisualCol = this.state.cursorCol - currentVL.startCol;\n\t\t\t\t\t}\n\t\t\t\t}\n\t\t\t} else {\n\t\t\t\t// Moving left - move by one grapheme (handles emojis, combining characters, etc.)\n\t\t\t\tif (this.state.cursorCol > 0) {\n\t\t\t\t\tconst beforeCursor = currentLine.slice(0, this.state.cursorCol);\n\t\t\t\t\tconst graphemes = [...this.segment(beforeCursor)];\n\t\t\t\t\tconst lastGrapheme = graphemes[graphemes.length - 1];\n\t\t\t\t\tthis.setCursorCol(this.state.cursorCol - (lastGrapheme ? lastGrapheme.segment.length : 1));\n\t\t\t\t} else if (this.state.cursorLine > 0) {\n\t\t\t\t\t// Wrap to end of previous logical line\n\t\t\t\t\tthis.state.cursorLine--;\n\t\t\t\t\tconst prevLine = this.state.lines[this.state.cursorLine] || \"\";\n\t\t\t\t\tthis.setCursorCol(prevLine.length);\n\t\t\t\t}\n\t\t\t}\n\t\t}\n\t}\n\n\t/**\n\t * Scroll by a page (direction: -1 for up, 1 for down).\n\t * Moves cursor by the page size while keeping it in bounds.\n\t */\n\tprivate pageScroll(direction: -1 | 1): void {\n\t\tthis.lastAction = null;\n\t\tconst terminalRows = this.tui.terminal.rows;\n\t\tconst pageSize = Math.max(5, Math.floor(terminalRows * 0.3));\n\n\t\tconst visualLines = this.buildVisualLineMap(this.lastWidth);\n\t\tconst currentVisualLine = this.findCurrentVisualLine(visualLines);\n\t\tconst targetVisualLine = Math.max(0, Math.min(visualLines.length - 1, currentVisualLine + direction * pageSize));\n\n\t\tthis.moveToVisualLine(visualLines, currentVisualLine, targetVisualLine);\n\t}\n\n\tprivate moveWordBackwards(): void {\n\t\tthis.lastAction = null;\n\t\tconst currentLine = this.state.lines[this.state.cursorLine] || \"\";\n\n\t\t// If at start of line, move to end of previous line\n\t\tif (this.state.cursorCol === 0) {\n\t\t\tif (this.state.cursorLine > 0) {\n\t\t\t\tthis.state.cursorLine--;\n\t\t\t\tconst prevLine = this.state.lines[this.state.cursorLine] || \"\";\n\t\t\t\tthis.setCursorCol(prevLine.length);\n\t\t\t}\n\t\t\treturn;\n\t\t}\n\n\t\tconst textBeforeCursor = currentLine.slice(0, this.state.cursorCol);\n\t\tconst graphemes = [...this.segment(textBeforeCursor)];\n\t\tlet newCol = this.state.cursorCol;\n\n\t\t// Skip trailing whitespace\n\t\twhile (\n\t\t\tgraphemes.length > 0 &&\n\t\t\t!isPasteMarker(graphemes[graphemes.length - 1]?.segment || \"\") &&\n\t\t\tisWhitespaceChar(graphemes[graphemes.length - 1]?.segment || \"\")\n\t\t) {\n\t\t\tnewCol -= graphemes.pop()?.segment.length || 0;\n\t\t}\n\n\t\tif (graphemes.length > 0) {\n\t\t\tconst lastGrapheme = graphemes[graphemes.length - 1]?.segment || \"\";\n\t\t\tif (isPasteMarker(lastGrapheme)) {\n\t\t\t\t// Paste marker is a single atomic word\n\t\t\t\tnewCol -= graphemes.pop()?.segment.length || 0;\n\t\t\t} else if (isPunctuationChar(lastGrapheme)) {\n\t\t\t\t// Skip punctuation run\n\t\t\t\twhile (\n\t\t\t\t\tgraphemes.length > 0 &&\n\t\t\t\t\tisPunctuationChar(graphemes[graphemes.length - 1]?.segment || \"\") &&\n\t\t\t\t\t!isPasteMarker(graphemes[graphemes.length - 1]?.segment || \"\")\n\t\t\t\t) {\n\t\t\t\t\tnewCol -= graphemes.pop()?.segment.length || 0;\n\t\t\t\t}\n\t\t\t} else {\n\t\t\t\t// Skip word run\n\t\t\t\twhile (\n\t\t\t\t\tgraphemes.length > 0 &&\n\t\t\t\t\t!isWhitespaceChar(graphemes[graphemes.length - 1]?.segment || \"\") &&\n\t\t\t\t\t!isPunctuationChar(graphemes[graphemes.length - 1]?.segment || \"\") &&\n\t\t\t\t\t!isPasteMarker(graphemes[graphemes.length - 1]?.segment || \"\")\n\t\t\t\t) {\n\t\t\t\t\tnewCol -= graphemes.pop()?.segment.length || 0;\n\t\t\t\t}\n\t\t\t}\n\t\t}\n\n\t\tthis.setCursorCol(newCol);\n\t}\n\n\t/**\n\t * Yank (paste) the most recent kill ring entry at cursor position.\n\t */\n\tprivate yank(): void {\n\t\tif (this.killRing.length === 0) return;\n\n\t\tthis.pushUndoSnapshot();\n\n\t\tconst text = this.killRing.peek()!;\n\t\tthis.insertYankedText(text);\n\n\t\tthis.lastAction = \"yank\";\n\t}\n\n\t/**\n\t * Cycle through kill ring (only works immediately after yank or yank-pop).\n\t * Replaces the last yanked text with the previous entry in the ring.\n\t */\n\tprivate yankPop(): void {\n\t\t// Only works if we just yanked and have more than one entry\n\t\tif (this.lastAction !== \"yank\" || this.killRing.length <= 1) return;\n\n\t\tthis.pushUndoSnapshot();\n\n\t\t// Delete the previously yanked text (still at end of ring before rotation)\n\t\tthis.deleteYankedText();\n\n\t\t// Rotate the ring: move end to front\n\t\tthis.killRing.rotate();\n\n\t\t// Insert the new most recent entry (now at end after rotation)\n\t\tconst text = this.killRing.peek()!;\n\t\tthis.insertYankedText(text);\n\n\t\tthis.lastAction = \"yank\";\n\t}\n\n\t/**\n\t * Insert text at cursor position (used by yank operations).\n\t */\n\tprivate insertYankedText(text: string): void {\n\t\tthis.historyIndex = -1; // Exit history browsing mode\n\t\tconst lines = text.split(\"\\n\");\n\n\t\tif (lines.length === 1) {\n\t\t\t// Single line - insert at cursor\n\t\t\tconst currentLine = this.state.lines[this.state.cursorLine] || \"\";\n\t\t\tconst before = currentLine.slice(0, this.state.cursorCol);\n\t\t\tconst after = currentLine.slice(this.state.cursorCol);\n\t\t\tthis.state.lines[this.state.cursorLine] = before + text + after;\n\t\t\tthis.setCursorCol(this.state.cursorCol + text.length);\n\t\t} else {\n\t\t\t// Multi-line insert\n\t\t\tconst currentLine = this.state.lines[this.state.cursorLine] || \"\";\n\t\t\tconst before = currentLine.slice(0, this.state.cursorCol);\n\t\t\tconst after = currentLine.slice(this.state.cursorCol);\n\n\t\t\t// First line merges with text before cursor\n\t\t\tthis.state.lines[this.state.cursorLine] = before + (lines[0] || \"\");\n\n\t\t\t// Insert middle lines\n\t\t\tfor (let i = 1; i < lines.length - 1; i++) {\n\t\t\t\tthis.state.lines.splice(this.state.cursorLine + i, 0, lines[i] || \"\");\n\t\t\t}\n\n\t\t\t// Last line merges with text after cursor\n\t\t\tconst lastLineIndex = this.state.cursorLine + lines.length - 1;\n\t\t\tthis.state.lines.splice(lastLineIndex, 0, (lines[lines.length - 1] || \"\") + after);\n\n\t\t\t// Update cursor position\n\t\t\tthis.state.cursorLine = lastLineIndex;\n\t\t\tthis.setCursorCol((lines[lines.length - 1] || \"\").length);\n\t\t}\n\n\t\tif (this.onChange) {\n\t\t\tthis.onChange(this.getText());\n\t\t}\n\t}\n\n\t/**\n\t * Delete the previously yanked text (used by yank-pop).\n\t * The yanked text is derived from killRing[end] since it hasn't been rotated yet.\n\t */\n\tprivate deleteYankedText(): void {\n\t\tconst yankedText = this.killRing.peek();\n\t\tif (!yankedText) return;\n\n\t\tconst yankLines = yankedText.split(\"\\n\");\n\n\t\tif (yankLines.length === 1) {\n\t\t\t// Single line - delete backward from cursor\n\t\t\tconst currentLine = this.state.lines[this.state.cursorLine] || \"\";\n\t\t\tconst deleteLen = yankedText.length;\n\t\t\tconst before = currentLine.slice(0, this.state.cursorCol - deleteLen);\n\t\t\tconst after = currentLine.slice(this.state.cursorCol);\n\t\t\tthis.state.lines[this.state.cursorLine] = before + after;\n\t\t\tthis.setCursorCol(this.state.cursorCol - deleteLen);\n\t\t} else {\n\t\t\t// Multi-line delete - cursor is at end of last yanked line\n\t\t\tconst startLine = this.state.cursorLine - (yankLines.length - 1);\n\t\t\tconst startCol = (this.state.lines[startLine] || \"\").length - (yankLines[0] || \"\").length;\n\n\t\t\t// Get text after cursor on current line\n\t\t\tconst afterCursor = (this.state.lines[this.state.cursorLine] || \"\").slice(this.state.cursorCol);\n\n\t\t\t// Get text before yank start position\n\t\t\tconst beforeYank = (this.state.lines[startLine] || \"\").slice(0, startCol);\n\n\t\t\t// Remove all lines from startLine to cursorLine and replace with merged line\n\t\t\tthis.state.lines.splice(startLine, yankLines.length, beforeYank + afterCursor);\n\n\t\t\t// Update cursor\n\t\t\tthis.state.cursorLine = startLine;\n\t\t\tthis.setCursorCol(startCol);\n\t\t}\n\n\t\tif (this.onChange) {\n\t\t\tthis.onChange(this.getText());\n\t\t}\n\t}\n\n\tprivate pushUndoSnapshot(): void {\n\t\tthis.undoStack.push(this.state);\n\t}\n\n\tprivate undo(): void {\n\t\tthis.historyIndex = -1; // Exit history browsing mode\n\t\tconst snapshot = this.undoStack.pop();\n\t\tif (!snapshot) return;\n\t\tObject.assign(this.state, snapshot);\n\t\tthis.lastAction = null;\n\t\tthis.preferredVisualCol = null;\n\t\tif (this.onChange) {\n\t\t\tthis.onChange(this.getText());\n\t\t}\n\t}\n\n\t/**\n\t * Jump to the first occurrence of a character in the specified direction.\n\t * Multi-line search. Case-sensitive. Skips the current cursor position.\n\t */\n\tprivate jumpToChar(char: string, direction: \"forward\" | \"backward\"): void {\n\t\tthis.lastAction = null;\n\t\tconst isForward = direction === \"forward\";\n\t\tconst lines = this.state.lines;\n\n\t\tconst end = isForward ? lines.length : -1;\n\t\tconst step = isForward ? 1 : -1;\n\n\t\tfor (let lineIdx = this.state.cursorLine; lineIdx !== end; lineIdx += step) {\n\t\t\tconst line = lines[lineIdx] || \"\";\n\t\t\tconst isCurrentLine = lineIdx === this.state.cursorLine;\n\n\t\t\t// Current line: start after/before cursor; other lines: search full line\n\t\t\tconst searchFrom = isCurrentLine\n\t\t\t\t? isForward\n\t\t\t\t\t? this.state.cursorCol + 1\n\t\t\t\t\t: this.state.cursorCol - 1\n\t\t\t\t: undefined;\n\n\t\t\tconst idx = isForward ? line.indexOf(char, searchFrom) : line.lastIndexOf(char, searchFrom);\n\n\t\t\tif (idx !== -1) {\n\t\t\t\tthis.state.cursorLine = lineIdx;\n\t\t\t\tthis.setCursorCol(idx);\n\t\t\t\treturn;\n\t\t\t}\n\t\t}\n\t\t// No match found - cursor stays in place\n\t}\n\n\tprivate moveWordForwards(): void {\n\t\tthis.lastAction = null;\n\t\tconst currentLine = this.state.lines[this.state.cursorLine] || \"\";\n\n\t\t// If at end of line, move to start of next line\n\t\tif (this.state.cursorCol >= currentLine.length) {\n\t\t\tif (this.state.cursorLine < this.state.lines.length - 1) {\n\t\t\t\tthis.state.cursorLine++;\n\t\t\t\tthis.setCursorCol(0);\n\t\t\t}\n\t\t\treturn;\n\t\t}\n\n\t\tconst textAfterCursor = currentLine.slice(this.state.cursorCol);\n\t\tconst segments = this.segment(textAfterCursor);\n\t\tconst iterator = segments[Symbol.iterator]();\n\t\tlet next = iterator.next();\n\t\tlet newCol = this.state.cursorCol;\n\n\t\t// Skip leading whitespace\n\t\twhile (!next.done && !isPasteMarker(next.value.segment) && isWhitespaceChar(next.value.segment)) {\n\t\t\tnewCol += next.value.segment.length;\n\t\t\tnext = iterator.next();\n\t\t}\n\n\t\tif (!next.done) {\n\t\t\tconst firstGrapheme = next.value.segment;\n\t\t\tif (isPasteMarker(firstGrapheme)) {\n\t\t\t\t// Paste marker is a single atomic word\n\t\t\t\tnewCol += firstGrapheme.length;\n\t\t\t} else if (isPunctuationChar(firstGrapheme)) {\n\t\t\t\t// Skip punctuation run\n\t\t\t\twhile (!next.done && isPunctuationChar(next.value.segment) && !isPasteMarker(next.value.segment)) {\n\t\t\t\t\tnewCol += next.value.segment.length;\n\t\t\t\t\tnext = iterator.next();\n\t\t\t\t}\n\t\t\t} else {\n\t\t\t\t// Skip word run\n\t\t\t\twhile (\n\t\t\t\t\t!next.done &&\n\t\t\t\t\t!isWhitespaceChar(next.value.segment) &&\n\t\t\t\t\t!isPunctuationChar(next.value.segment) &&\n\t\t\t\t\t!isPasteMarker(next.value.segment)\n\t\t\t\t) {\n\t\t\t\t\tnewCol += next.value.segment.length;\n\t\t\t\t\tnext = iterator.next();\n\t\t\t\t}\n\t\t\t}\n\t\t}\n\n\t\tthis.setCursorCol(newCol);\n\t}\n\n\t// Slash menu only allowed on the first line of the editor\n\tprivate isSlashMenuAllowed(): boolean {\n\t\treturn this.state.cursorLine === 0;\n\t}\n\n\t// Helper method to check if cursor is at start of message (for slash command detection)\n\tprivate isAtStartOfMessage(): boolean {\n\t\tif (!this.isSlashMenuAllowed()) return false;\n\t\tconst currentLine = this.state.lines[this.state.cursorLine] || \"\";\n\t\tconst beforeCursor = currentLine.slice(0, this.state.cursorCol);\n\t\treturn beforeCursor.trim() === \"\" || beforeCursor.trim() === \"/\";\n\t}\n\n\tprivate isInSlashCommandContext(textBeforeCursor: string): boolean {\n\t\treturn this.isSlashMenuAllowed() && textBeforeCursor.trimStart().startsWith(\"/\");\n\t}\n\n\t// Autocomplete methods\n\t/**\n\t * Find the best autocomplete item index for the given prefix.\n\t * Returns -1 if no match is found.\n\t *\n\t * Match priority:\n\t * 1. Exact match (prefix === item.value) -> always selected\n\t * 2. Prefix match -> first item whose value starts with prefix\n\t * 3. No match -> -1 (keep default highlight)\n\t *\n\t * Matching is case-sensitive and checks item.value only.\n\t */\n\tprivate getBestAutocompleteMatchIndex(items: Array<{ value: string; label: string }>, prefix: string): number {\n\t\tif (!prefix) return -1;\n\n\t\tlet firstPrefixIndex = -1;\n\n\t\tfor (let i = 0; i < items.length; i++) {\n\t\t\tconst value = items[i]!.value;\n\t\t\tif (value === prefix) {\n\t\t\t\treturn i; // Exact match always wins\n\t\t\t}\n\t\t\tif (firstPrefixIndex === -1 && value.startsWith(prefix)) {\n\t\t\t\tfirstPrefixIndex = i;\n\t\t\t}\n\t\t}\n\n\t\treturn firstPrefixIndex;\n\t}\n\n\tprivate createAutocompleteList(\n\t\tprefix: string,\n\t\titems: Array<{ value: string; label: string; description?: string }>,\n\t): SelectList {\n\t\tconst layout = prefix.startsWith(\"/\") ? SLASH_COMMAND_SELECT_LIST_LAYOUT : undefined;\n\t\treturn new SelectList(items, this.autocompleteMaxVisible, this.theme.selectList, layout);\n\t}\n\n\tprivate tryTriggerAutocomplete(explicitTab: boolean = false): void {\n\t\tthis.requestAutocomplete({ force: false, explicitTab });\n\t}\n\n\tprivate handleTabCompletion(): void {\n\t\tif (!this.autocompleteProvider) return;\n\n\t\tconst currentLine = this.state.lines[this.state.cursorLine] || \"\";\n\t\tconst beforeCursor = currentLine.slice(0, this.state.cursorCol);\n\n\t\tif (this.isInSlashCommandContext(beforeCursor) && !beforeCursor.trimStart().includes(\" \")) {\n\t\t\tthis.handleSlashCommandCompletion();\n\t\t} else {\n\t\t\tthis.forceFileAutocomplete(true);\n\t\t}\n\t}\n\n\tprivate handleSlashCommandCompletion(): void {\n\t\tthis.requestAutocomplete({ force: false, explicitTab: true });\n\t}\n\n\tprivate forceFileAutocomplete(explicitTab: boolean = false): void {\n\t\tthis.requestAutocomplete({ force: true, explicitTab });\n\t}\n\n\tprivate requestAutocomplete(options: { force: boolean; explicitTab: boolean }): void {\n\t\tif (!this.autocompleteProvider) return;\n\n\t\tif (options.force) {\n\t\t\tconst shouldTrigger =\n\t\t\t\t!this.autocompleteProvider.shouldTriggerFileCompletion ||\n\t\t\t\tthis.autocompleteProvider.shouldTriggerFileCompletion(\n\t\t\t\t\tthis.state.lines,\n\t\t\t\t\tthis.state.cursorLine,\n\t\t\t\t\tthis.state.cursorCol,\n\t\t\t\t);\n\t\t\tif (!shouldTrigger) {\n\t\t\t\treturn;\n\t\t\t}\n\t\t}\n\n\t\tthis.cancelAutocompleteRequest();\n\t\tconst startToken = ++this.autocompleteStartToken;\n\n\t\tconst debounceMs = this.getAutocompleteDebounceMs(options);\n\t\tif (debounceMs > 0) {\n\t\t\tthis.autocompleteDebounceTimer = setTimeout(() => {\n\t\t\t\tthis.autocompleteDebounceTimer = undefined;\n\t\t\t\tvoid this.startAutocompleteRequest(startToken, options);\n\t\t\t}, debounceMs);\n\t\t\treturn;\n\t\t}\n\n\t\tvoid this.startAutocompleteRequest(startToken, options);\n\t}\n\n\tprivate async startAutocompleteRequest(\n\t\tstartToken: number,\n\t\toptions: { force: boolean; explicitTab: boolean },\n\t): Promise<void> {\n\t\tconst previousTask = this.autocompleteRequestTask;\n\t\tthis.autocompleteRequestTask = (async () => {\n\t\t\tawait previousTask;\n\t\t\tif (startToken !== this.autocompleteStartToken || !this.autocompleteProvider) {\n\t\t\t\treturn;\n\t\t\t}\n\n\t\t\tconst controller = new AbortController();\n\t\t\tthis.autocompleteAbort = controller;\n\t\t\tconst requestId = ++this.autocompleteRequestId;\n\t\t\tconst snapshotText = this.getText();\n\t\t\tconst snapshotLine = this.state.cursorLine;\n\t\t\tconst snapshotCol = this.state.cursorCol;\n\n\t\t\tawait this.runAutocompleteRequest(requestId, controller, snapshotText, snapshotLine, snapshotCol, options);\n\t\t})();\n\t\tawait this.autocompleteRequestTask;\n\t}\n\n\tprivate getAutocompleteDebounceMs(options: { force: boolean; explicitTab: boolean }): number {\n\t\tif (options.explicitTab || options.force) {\n\t\t\treturn 0;\n\t\t}\n\n\t\tconst currentLine = this.state.lines[this.state.cursorLine] || \"\";\n\t\tconst textBeforeCursor = currentLine.slice(0, this.state.cursorCol);\n\t\tconst isSymbolAutocompleteContext = /(?:^|[ \\t])(?:@(?:\"[^\"]*|[^\\s]*)|#[^\\s]*)$/.test(textBeforeCursor);\n\t\treturn isSymbolAutocompleteContext ? ATTACHMENT_AUTOCOMPLETE_DEBOUNCE_MS : 0;\n\t}\n\n\tprivate async runAutocompleteRequest(\n\t\trequestId: number,\n\t\tcontroller: AbortController,\n\t\tsnapshotText: string,\n\t\tsnapshotLine: number,\n\t\tsnapshotCol: number,\n\t\toptions: { force: boolean; explicitTab: boolean },\n\t): Promise<void> {\n\t\tif (!this.autocompleteProvider) return;\n\n\t\tconst suggestions = await this.autocompleteProvider.getSuggestions(\n\t\t\tthis.state.lines,\n\t\t\tthis.state.cursorLine,\n\t\t\tthis.state.cursorCol,\n\t\t\t{ signal: controller.signal, force: options.force },\n\t\t);\n\n\t\tif (!this.isAutocompleteRequestCurrent(requestId, controller, snapshotText, snapshotLine, snapshotCol)) {\n\t\t\treturn;\n\t\t}\n\n\t\tthis.autocompleteAbort = undefined;\n\n\t\tif (!suggestions || !Array.isArray(suggestions.items) || suggestions.items.length === 0) {\n\t\t\tthis.cancelAutocomplete();\n\t\t\tthis.tui.requestRender();\n\t\t\treturn;\n\t\t}\n\n\t\tif (options.force && options.explicitTab && suggestions.items.length === 1) {\n\t\t\tconst item = suggestions.items[0]!;\n\t\t\tthis.pushUndoSnapshot();\n\t\t\tthis.lastAction = null;\n\t\t\tconst result = this.autocompleteProvider.applyCompletion(\n\t\t\t\tthis.state.lines,\n\t\t\t\tthis.state.cursorLine,\n\t\t\t\tthis.state.cursorCol,\n\t\t\t\titem,\n\t\t\t\tsuggestions.prefix,\n\t\t\t);\n\t\t\tthis.state.lines = result.lines;\n\t\t\tthis.state.cursorLine = result.cursorLine;\n\t\t\tthis.setCursorCol(result.cursorCol);\n\t\t\tif (this.onChange) this.onChange(this.getText());\n\t\t\tthis.tui.requestRender();\n\t\t\treturn;\n\t\t}\n\n\t\tthis.applyAutocompleteSuggestions(suggestions, options.force ? \"force\" : \"regular\");\n\t\tthis.tui.requestRender();\n\t}\n\n\tprivate isAutocompleteRequestCurrent(\n\t\trequestId: number,\n\t\tcontroller: AbortController,\n\t\tsnapshotText: string,\n\t\tsnapshotLine: number,\n\t\tsnapshotCol: number,\n\t): boolean {\n\t\treturn (\n\t\t\t!controller.signal.aborted &&\n\t\t\trequestId === this.autocompleteRequestId &&\n\t\t\tthis.getText() === snapshotText &&\n\t\t\tthis.state.cursorLine === snapshotLine &&\n\t\t\tthis.state.cursorCol === snapshotCol\n\t\t);\n\t}\n\n\tprivate applyAutocompleteSuggestions(suggestions: AutocompleteSuggestions, state: \"regular\" | \"force\"): void {\n\t\tthis.autocompletePrefix = suggestions.prefix;\n\t\tthis.autocompleteList = this.createAutocompleteList(suggestions.prefix, suggestions.items);\n\n\t\tconst bestMatchIndex = this.getBestAutocompleteMatchIndex(suggestions.items, suggestions.prefix);\n\t\tif (bestMatchIndex >= 0) {\n\t\t\tthis.autocompleteList.setSelectedIndex(bestMatchIndex);\n\t\t}\n\n\t\tthis.autocompleteState = state;\n\t}\n\n\tprivate cancelAutocompleteRequest(): void {\n\t\tthis.autocompleteStartToken += 1;\n\t\tif (this.autocompleteDebounceTimer) {\n\t\t\tclearTimeout(this.autocompleteDebounceTimer);\n\t\t\tthis.autocompleteDebounceTimer = undefined;\n\t\t}\n\t\tthis.autocompleteAbort?.abort();\n\t\tthis.autocompleteAbort = undefined;\n\t}\n\n\tprivate clearAutocompleteUi(): void {\n\t\tthis.autocompleteState = null;\n\t\tthis.autocompleteList = undefined;\n\t\tthis.autocompletePrefix = \"\";\n\t}\n\n\tprivate cancelAutocomplete(): void {\n\t\tthis.cancelAutocompleteRequest();\n\t\tthis.clearAutocompleteUi();\n\t}\n\n\tpublic isShowingAutocomplete(): boolean {\n\t\treturn this.autocompleteState !== null;\n\t}\n\n\tprivate updateAutocomplete(): void {\n\t\tif (!this.autocompleteState || !this.autocompleteProvider) return;\n\t\tthis.requestAutocomplete({ force: this.autocompleteState === \"force\", explicitTab: false });\n\t}\n}\n"]}
node_modules/@earendil-works/pi-tui/dist/components/editor.d.ts:26:    borderColor: (str: string) => string;
node_modules/@earendil-works/pi-tui/dist/components/editor.d.ts:42:    borderColor: (str: string) => string;
node_modules/@earendil-works/pi-tui/dist/components/markdown.d.ts:30:    codeBlockBorder: (text: string) => string;
node_modules/@earendil-works/pi-tui/dist/components/markdown.d.ts:32:    quoteBorder: (text: string) => string;
node_modules/@earendil-works/pi-tui/dist/components/editor.js:174:    // Border color (can be changed dynamically)
node_modules/@earendil-works/pi-tui/dist/components/editor.js:175:    borderColor;
node_modules/@earendil-works/pi-tui/dist/components/editor.js:217:        this.borderColor = theme.borderColor;
node_modules/@earendil-works/pi-tui/dist/components/editor.js:329:        const horizontal = this.borderColor("─");
node_modules/@earendil-works/pi-tui/dist/components/editor.js:354:        // Render top border (with scroll indicator if scrolled down)
node_modules/@earendil-works/pi-tui/dist/components/editor.js:359:                result.push(this.borderColor(indicator + "─".repeat(remaining)));
node_modules/@earendil-works/pi-tui/dist/components/editor.js:362:                result.push(this.borderColor(truncateToWidth(indicator, width)));
node_modules/@earendil-works/pi-tui/dist/components/editor.js:405:            // Render the line (no side borders, just horizontal lines above and below)
node_modules/@earendil-works/pi-tui/dist/components/editor.js:408:        // Render bottom border (with scroll indicator if more content below)
node_modules/@earendil-works/pi-tui/dist/components/editor.js:413:            result.push(this.borderColor(indicator + "─".repeat(Math.max(0, remaining))));
## TUI/widget source excerpts (maps excluded)
$ rg --glob !*.map ...
.pi/extensions/goal/ui.ts:10:		ctx.ui.setWidget(WIDGET_UI_KEY, undefined);
.pi/extensions/goal/ui.ts:14:	ctx.ui.setWidget(WIDGET_UI_KEY, goalWidgetFactory(goal), { placement: "aboveEditor" });
node_modules/@earendil-works/pi-tui/dist/index.d.ts:2:export { Box } from "./components/box.js";
node_modules/@earendil-works/pi-tui/dist/index.d.ts:8:export { type DefaultTextStyle, Markdown, type MarkdownTheme } from "./components/markdown.js";
node_modules/@earendil-works/pi-tui/dist/index.d.ts:12:export { Text } from "./components/text.js";
node_modules/@earendil-works/pi-tui/dist/index.d.ts:13:export { TruncatedText } from "./components/truncated-text.js";
node_modules/@earendil-works/pi-tui/dist/index.d.ts:21:export { type Component, Container, CURSOR_MARKER, type Focusable, isFocusable, type OverlayAnchor, type OverlayHandle, type OverlayMargin, type OverlayOptions, type SizeValue, TUI, } from "./tui.js";
node_modules/@earendil-works/pi-tui/dist/index.d.ts:22:export { truncateToWidth, visibleWidth, wrapTextWithAnsi } from "./utils.js";
.pi/extensions/goal/widget.ts:14:	render(width: number): string[];
.pi/extensions/goal/widget.ts:34:const MIN_CARD_WIDTH = 28;
.pi/extensions/goal/widget.ts:42:	if (width < MIN_CARD_WIDTH) return compactLines(goal, theme, width);
.pi/extensions/goal/widget.ts:43:	const cardWidth = Math.min(MAX_CARD_WIDTH, Math.max(MIN_CARD_WIDTH, width));
.pi/extensions/goal/widget.ts:47:		topBorder(cardWidth, style, theme),
.pi/extensions/goal/widget.ts:48:		contentLine(theme.fg("dim", objectiveExcerpt(goal.objective, contentWidth)), contentWidth, theme),
.pi/extensions/goal/widget.ts:49:		contentLine(resourceLine(timeResource(goal), theme), contentWidth, theme),
.pi/extensions/goal/widget.ts:50:		contentLine(resourceLine(tokenResource(goal), theme), contentWidth, theme),
.pi/extensions/goal/widget.ts:51:		contentLine(floorLine(goal, theme), contentWidth, theme),
.pi/extensions/goal/widget.ts:52:		contentLine(commandLine(goal.status, theme), contentWidth, theme),
.pi/extensions/goal/widget.ts:61:	render(width: number): string[] {
.pi/extensions/goal/widget.ts:68:function compactLines(goal: GoalState, theme: GoalWidgetTheme, width: number): string[] {
.pi/extensions/goal/widget.ts:79:function topBorder(width: number, style: StatusStyle, theme: GoalWidgetTheme): string {
.pi/extensions/goal/widget.ts:92:function contentLine(content: string, width: number, theme: GoalWidgetTheme): string {
node_modules/@earendil-works/pi-tui/dist/tui.d.ts:7: * Component interface - all components must implement this
node_modules/@earendil-works/pi-tui/dist/tui.d.ts:15:    render(width: number): string[];
node_modules/@earendil-works/pi-tui/dist/tui.d.ts:121: * Container - a component that contains other components
node_modules/@earendil-works/pi-tui/dist/tui.d.ts:123:export declare class Container implements Component {
node_modules/@earendil-works/pi-tui/dist/tui.d.ts:129:    render(width: number): string[];
node_modules/@earendil-works/pi-tui/dist/tui.d.ts:134:export declare class TUI extends Container {
~/dev/_state/personal/npm-tools/pi/lib/node_modules/@earendil-works/pi-coding-agent/dist/modes/interactive/components/dynamic-border.js:7: * function when using DynamicBorder in components exported for extension use.
~/dev/_state/personal/npm-tools/pi/lib/node_modules/@earendil-works/pi-coding-agent/dist/modes/interactive/components/dynamic-border.js:9:export class DynamicBorder {
~/dev/_state/personal/npm-tools/pi/lib/node_modules/@earendil-works/pi-coding-agent/dist/modes/interactive/components/dynamic-border.js:17:    render(width) {
~/dev/_state/personal/npm-tools/pi/lib/node_modules/@earendil-works/pi-coding-agent/docs/tui.md:15:  render(width: number): string[];
~/dev/_state/personal/npm-tools/pi/lib/node_modules/@earendil-works/pi-coding-agent/docs/tui.md:24:| `render(width)` | Return array of strings (one per line). Each line **must not exceed `width`**. |
~/dev/_state/personal/npm-tools/pi/lib/node_modules/@earendil-works/pi-coding-agent/docs/tui.md:41:  render(width: number): string[] {
~/dev/_state/personal/npm-tools/pi/lib/node_modules/@earendil-works/pi-coding-agent/docs/tui.md:295:render(width: number): string[] {
~/dev/_state/personal/npm-tools/pi/lib/node_modules/@earendil-works/pi-coding-agent/docs/tui.md:343:  render(width: number): string[] {
~/dev/_state/personal/npm-tools/pi/lib/node_modules/@earendil-works/pi-coding-agent/docs/tui.md:463:  render(width: number): string[] {
~/dev/_state/personal/npm-tools/pi/lib/node_modules/@earendil-works/pi-coding-agent/docs/tui.md:498:    // Pre-baked theme colors stored in Text component
~/dev/_state/personal/npm-tools/pi/lib/node_modules/@earendil-works/pi-coding-agent/docs/tui.md:590:For letting users pick from a list of options. Use `SelectList` from `@earendil-works/pi-tui` with `DynamicBorder` for framing.
~/dev/_state/personal/npm-tools/pi/lib/node_modules/@earendil-works/pi-coding-agent/docs/tui.md:594:import { DynamicBorder } from "@earendil-works/pi-coding-agent";
~/dev/_state/personal/npm-tools/pi/lib/node_modules/@earendil-works/pi-coding-agent/docs/tui.md:609:      container.addChild(new DynamicBorder((s: string) => theme.fg("accent", s)));
~/dev/_state/personal/npm-tools/pi/lib/node_modules/@earendil-works/pi-coding-agent/docs/tui.md:630:      container.addChild(new DynamicBorder((s: string) => theme.fg("accent", s)));
~/dev/_state/personal/npm-tools/pi/lib/node_modules/@earendil-works/pi-coding-agent/docs/tui.md:774:ctx.ui.setWidget("my-widget", ["Line 1", "Line 2"]);
~/dev/_state/personal/npm-tools/pi/lib/node_modules/@earendil-works/pi-coding-agent/docs/tui.md:777:ctx.ui.setWidget("my-widget", ["Line 1", "Line 2"], { placement: "belowEditor" });
~/dev/_state/personal/npm-tools/pi/lib/node_modules/@earendil-works/pi-coding-agent/docs/tui.md:780:ctx.ui.setWidget("my-widget", (_tui, theme) => {
~/dev/_state/personal/npm-tools/pi/lib/node_modules/@earendil-works/pi-coding-agent/docs/tui.md:793:ctx.ui.setWidget("my-widget", undefined);
~/dev/_state/personal/npm-tools/pi/lib/node_modules/@earendil-works/pi-coding-agent/docs/tui.md:805:  render(width: number): string[] {
~/dev/_state/personal/npm-tools/pi/lib/node_modules/@earendil-works/pi-coding-agent/docs/tui.md:864:  render(width: number): string[] {
~/dev/_state/personal/npm-tools/pi/lib/node_modules/@earendil-works/pi-coding-agent/docs/tui.md:865:    const lines = super.render(width);
~/dev/_state/personal/npm-tools/pi/lib/node_modules/@earendil-works/pi-coding-agent/docs/tui.md:900:2. **Always type DynamicBorder color param** - Write `(s: string) => theme.fg("accent", s)`, not `(s) => theme.fg("accent", s)`.
~/dev/_state/personal/npm-tools/pi/lib/node_modules/@earendil-works/pi-coding-agent/docs/tui.md:910:- **Selection UI**: [examples/extensions/preset.ts](../examples/extensions/preset.ts) - SelectList with DynamicBorder framing
~/dev/_state/personal/npm-tools/pi/lib/node_modules/@earendil-works/pi-coding-agent/docs/tui.md:913:- **Status indicators**: [examples/extensions/plan-mode.ts](../examples/extensions/plan-mode.ts) - setStatus and setWidget

$ rg --glob !*.map "Card|card|border|Border" pi-tui dist public files
node_modules/@earendil-works/pi-tui/dist/components/markdown.js:234:                lines.push(this.theme.codeBlockBorder(`\`\`\`${token.lang || ""}`));
node_modules/@earendil-works/pi-tui/dist/components/markdown.js:248:                lines.push(this.theme.codeBlockBorder("```"));
node_modules/@earendil-works/pi-tui/dist/components/markdown.js:276:                // Calculate available width for quote content (subtract border "│ " = 2 chars)
node_modules/@earendil-works/pi-tui/dist/components/markdown.js:300:                        lines.push(this.theme.quoteBorder("│ ") + wrappedLine);
node_modules/@earendil-works/pi-tui/dist/components/markdown.js:491:                lines.push(this.theme.codeBlockBorder(`\`\`\`${token.lang || ""}`));
node_modules/@earendil-works/pi-tui/dist/components/markdown.js:504:                lines.push(this.theme.codeBlockBorder("```"));
node_modules/@earendil-works/pi-tui/dist/components/markdown.js:549:        // Calculate border overhead: "│ " + (n-1) * " │ " + " │"
node_modules/@earendil-works/pi-tui/dist/components/markdown.js:551:        const borderOverhead = 3 * numCols + 1;
node_modules/@earendil-works/pi-tui/dist/components/markdown.js:552:        const availableForCells = availableWidth - borderOverhead;
node_modules/@earendil-works/pi-tui/dist/components/markdown.js:601:        const totalNaturalWidth = naturalWidths.reduce((a, b) => a + b, 0) + borderOverhead;
node_modules/@earendil-works/pi-tui/dist/components/markdown.js:639:        // Render top border
node_modules/@earendil-works/pi-tui/dist/components/markdown.js:640:        const topBorderCells = columnWidths.map((w) => "─".repeat(w));
node_modules/@earendil-works/pi-tui/dist/components/markdown.js:641:        lines.push(`┌─${topBorderCells.join("─┬─")}─┐`);
node_modules/@earendil-works/pi-tui/dist/components/markdown.js:679:        // Render bottom border
node_modules/@earendil-works/pi-tui/dist/components/markdown.js:680:        const bottomBorderCells = columnWidths.map((w) => "─".repeat(w));
node_modules/@earendil-works/pi-tui/dist/components/markdown.js:681:        lines.push(`└─${bottomBorderCells.join("─┴─")}─┘`);
node_modules/@earendil-works/pi-tui/dist/components/editor.d.ts:26:    borderColor: (str: string) => string;
node_modules/@earendil-works/pi-tui/dist/components/editor.d.ts:42:    borderColor: (str: string) => string;
node_modules/@earendil-works/pi-tui/dist/components/editor.js:174:    // Border color (can be changed dynamically)
node_modules/@earendil-works/pi-tui/dist/components/editor.js:175:    borderColor;
node_modules/@earendil-works/pi-tui/dist/components/editor.js:217:        this.borderColor = theme.borderColor;
node_modules/@earendil-works/pi-tui/dist/components/editor.js:329:        const horizontal = this.borderColor("─");
node_modules/@earendil-works/pi-tui/dist/components/editor.js:354:        // Render top border (with scroll indicator if scrolled down)
node_modules/@earendil-works/pi-tui/dist/components/editor.js:359:                result.push(this.borderColor(indicator + "─".repeat(remaining)));
node_modules/@earendil-works/pi-tui/dist/components/editor.js:362:                result.push(this.borderColor(truncateToWidth(indicator, width)));
node_modules/@earendil-works/pi-tui/dist/components/editor.js:405:            // Render the line (no side borders, just horizontal lines above and below)
node_modules/@earendil-works/pi-tui/dist/components/editor.js:408:        // Render bottom border (with scroll indicator if more content below)
node_modules/@earendil-works/pi-tui/dist/components/editor.js:413:            result.push(this.borderColor(indicator + "─".repeat(Math.max(0, remaining))));
node_modules/@earendil-works/pi-tui/dist/components/markdown.d.ts:30:    codeBlockBorder: (text: string) => string;
node_modules/@earendil-works/pi-tui/dist/components/markdown.d.ts:32:    quoteBorder: (text: string) => string;
## dependency/reference inventory before ISSUE-011 promotion
$ rg -n ".ai/issues/refine/ISSUE-011|ISSUE-011-goal-widget-real-component-and-narrow-width|ISSUE-011" .ai/issues .ai/docs README.md .pi/extensions/goal package.json
.ai/issues/open/ISSUE-015-goal-subgoals.md:16:- `.ai/issues/refine/ISSUE-011-goal-widget-real-component-and-narrow-width.md`
.ai/issues/open/ISSUE-015-goal-subgoals.md:159:- `.ai/issues/refine/ISSUE-011-goal-widget-real-component-and-narrow-width.md`
.ai/issues/refine/ISSUE-014-goal-progress-estimates.md:11:Depends on: `.ai/issues/refine/ISSUE-011-goal-widget-real-component-and-narrow-width.md`
.ai/issues/refine/ISSUE-011-goal-widget-real-component-and-narrow-width.md:1:# ISSUE-011 — Refine goal widget component/layout strategy
.ai/docs/issue-workflow/ISSUE-016-goal-idle-tolerant-mode/33-stack-inventory-after-promotion.md:25:6. `.ai/issues/refine/ISSUE-011-goal-widget-real-component-and-narrow-width.md`
.ai/docs/issue-workflow/ISSUE-016-goal-idle-tolerant-mode/13-queue-continuation-note.md:17:Then ISSUE-022, ISSUE-018, ISSUE-019, ISSUE-023, ISSUE-011, ISSUE-014, and ISSUE-013.
.ai/docs/issue-workflow/ISSUE-016-goal-idle-tolerant-mode/raw/refine-inventory-final.log:1:.ai/issues/refine/ISSUE-011-goal-widget-real-component-and-narrow-width.md
.ai/issues/fixed/ISSUE-007-goal-budget-warning-and-hard-stop.md:40:- Widget layout/card refactor; see `ISSUE-011` in refine.
.ai/docs/issue-workflow/ISSUE-016-goal-idle-tolerant-mode/raw/current-refine-open-inventory-summary.log:7:refine .ai/issues/refine/ISSUE-011-goal-widget-real-component-and-narrow-width.md
.ai/issues/fixed/ISSUE-009-goal-budget-edit-status-recompute.md:39:- Widget card/layout refactor; see `ISSUE-011`.
.ai/issues/fixed/ISSUE-025-goal-line-breaks-widget-rendering.md:14:- `.ai/issues/refine/ISSUE-011-goal-widget-real-component-and-narrow-width.md`
.ai/issues/fixed/ISSUE-025-goal-line-breaks-widget-rendering.md:90:- Do not broaden into ISSUE-011 card/Box/narrow-width refinement.
.ai/docs/issue-workflow/ISSUE-024-goal-audit-command/19-current-inventory-after-promotion.md:13:5. `.ai/issues/refine/ISSUE-011-goal-widget-real-component-and-narrow-width.md`
.ai/docs/issue-workflow/ISSUE-018-goal-start-in-worktree/raw/commands.log:19:ISSUE-011-goal-widget-real-component-and-narrow-width.md
.ai/docs/issue-workflow/ISSUE-021-goal-completion-proofs/33-queue-continuation-note.md:17:- Continue the stack with ISSUE-015 next, then ISSUE-016, ISSUE-024, ISSUE-022, ISSUE-018, ISSUE-019, ISSUE-023, ISSUE-011, ISSUE-014, and ISSUE-013.
.ai/docs/issue-workflow/ISSUE-024-goal-audit-command/06-final-audit.md:64:5. `.ai/issues/refine/ISSUE-011-goal-widget-real-component-and-narrow-width.md`
.ai/docs/issue-workflow/ISSUE-024-goal-audit-command/raw/refine-inventory-final.log:1:.ai/issues/refine/ISSUE-011-goal-widget-real-component-and-narrow-width.md
.ai/docs/issue-workflow/ISSUE-036-minimum-goal-spend-floors/raw/commands.log:42:.ai/issues/refine/ISSUE-011-goal-widget-real-component-and-narrow-width.md
.ai/docs/issue-workflow/ISSUE-036-minimum-goal-spend-floors/raw/commands.log:1071:./.ai/issues/refine/ISSUE-011-goal-widget-real-component-and-narrow-width.md
.ai/docs/issue-workflow/ISSUE-021-goal-completion-proofs/raw/refine-inventory-final.log:1:.ai/issues/refine/ISSUE-011-goal-widget-real-component-and-narrow-width.md
.ai/docs/issue-workflow/refine-issue-leverage-order-2026-05-10/01-open-promotion-addendum.md:19:9. `.ai/issues/refine/ISSUE-011-goal-widget-real-component-and-narrow-width.md`
.ai/docs/issue-workflow/ISSUE-019-parallel-multiple-goals/03-design-lock.md:126:- The first pass does not implement a full dashboard; ISSUE-011 can later improve component layout.
.ai/docs/issue-workflow/ISSUE-019-parallel-multiple-goals/raw/commands.log:38:.ai/issues/refine/ISSUE-011-goal-widget-real-component-and-narrow-width.md
.ai/docs/issue-workflow/ISSUE-019-parallel-multiple-goals/raw/commands.log:123:.ai/issues/open/ISSUE-015-goal-subgoals.md:16:- `.ai/issues/refine/ISSUE-011-goal-widget-real-component-and-narrow-width.md`
.ai/docs/issue-workflow/ISSUE-019-parallel-multiple-goals/raw/commands.log:214:.ai/issues/open/ISSUE-015-goal-subgoals.md:159:- `.ai/issues/refine/ISSUE-011-goal-widget-real-component-and-narrow-width.md`
.ai/docs/issue-workflow/ISSUE-021-goal-completion-proofs/raw/open-refine-inventory-after-promotion.log:3:.ai/issues/refine/ISSUE-011-goal-widget-real-component-and-narrow-width.md
.ai/docs/issue-workflow/refine-issue-leverage-order-2026-05-10/final-order.md:25:9. `.ai/issues/refine/ISSUE-011-goal-widget-real-component-and-narrow-width.md` — Goal widget component/layout strategy.
.ai/docs/issue-workflow/refine-issue-leverage-order-2026-05-10/final-order.md:39:- ISSUE-011 comes before ISSUE-014 because progress rendering depends on widget/layout decisions.
.ai/docs/issue-workflow/ISSUE-025-goal-line-breaks-widget-rendering/03-design-lock.md:21:  widget_redesign,"perform full card/Box/narrow-width redesign","belongs to ISSUE-011 refine, too broad for this bug"
.ai/docs/issue-workflow/ISSUE-011-goal-widget-real-component-and-narrow-width/raw/pre-refinement-widget-gap.log:1:# commands.log — ISSUE-011 refinement
.ai/docs/issue-workflow/ISSUE-022-goal-history-checkpoints-and-compaction/raw/commands.log:64:.ai/issues/refine/ISSUE-011-goal-widget-real-component-and-narrow-width.md
.ai/docs/issue-workflow/ISSUE-022-goal-history-checkpoints-and-compaction/raw/commands.log:219:.ai/issues/refine/ISSUE-011-goal-widget-real-component-and-narrow-width.md:14:- At narrow widths, the framed header can degrade or truncate instead of switching to a clean compact layout.
.ai/docs/issue-workflow/ISSUE-022-goal-history-checkpoints-and-compaction/raw/commands.log:220:.ai/issues/refine/ISSUE-011-goal-widget-real-component-and-narrow-width.md:28:5. What exact compact layout should be shown below that minimum?
.ai/docs/issue-workflow/ISSUE-022-goal-history-checkpoints-and-compaction/raw/commands.log:221:.ai/issues/refine/ISSUE-011-goal-widget-real-component-and-narrow-width.md:33:- Widths below the viable framed minimum switch to compact unframed rows.
.ai/docs/issue-workflow/ISSUE-022-goal-history-checkpoints-and-compaction/raw/commands.log:222:.ai/issues/refine/ISSUE-011-goal-widget-real-component-and-narrow-width.md:42:- [ ] 011.2 Decide whether to use `Box`/`Text`/`Container`, custom border rendering, or compact-only rendering.
.ai/docs/issue-workflow/ISSUE-022-goal-history-checkpoints-and-compaction/raw/commands.log:223:.ai/issues/refine/ISSUE-011-goal-widget-real-component-and-narrow-width.md:43:- [ ] 011.3 Specify exact width thresholds and compact layout for each status.
.ai/docs/issue-workflow/ISSUE-022-goal-history-checkpoints-and-compaction/raw/commands.log:931:$ git status --short --untracked-files=all | rg "ISSUE-022|ISSUE-018|ISSUE-019|ISSUE-023|ISSUE-011|ISSUE-014|ISSUE-013|sentrux|refine-issue-leverage-order|ISSUE-015|ISSUE-016|ISSUE-021|ISSUE-024"
.ai/docs/issue-workflow/ISSUE-022-goal-history-checkpoints-and-compaction/raw/commands.log:1455:PASS ISSUE-011 covered
.ai/docs/issue-workflow/ISSUE-023-goal-dependency-triggers-and-watchers/raw/commands.log:540:.ai/issues/refine/ISSUE-011-goal-widget-real-component-and-narrow-width.md
.ai/docs/issue-workflow/ISSUE-015-goal-subgoals/02-grounded-research.md:48:- `.ai/issues/refine/ISSUE-011-goal-widget-real-component-and-narrow-width.md` means subgoal UI must be conservative until widget strategy is refined.
.ai/docs/issue-workflow/ISSUE-022-goal-history-checkpoints-and-compaction/16-queue-continuation-note.md:27:- `.ai/issues/refine/ISSUE-011-goal-widget-real-component-and-narrow-width.md`
.ai/docs/issue-workflow/ISSUE-011-goal-widget-real-component-and-narrow-width/raw/commands.log:1:# commands.log — ISSUE-011 refinement
.ai/docs/issue-workflow/ISSUE-023-goal-dependency-triggers-and-watchers/raw/final-inventory.log:4:.ai/issues/refine/ISSUE-011-goal-widget-real-component-and-narrow-width.md
.ai/docs/issue-workflow/ISSUE-015-goal-subgoals/05-issue-writeback.md:24:- Existing dependencies on ISSUE-011 and ISSUE-014 were downgraded to related issues because first release only needs compact child rendering/counts and does not require progress-percent or widget-card redesign first.
.ai/docs/issue-workflow/ISSUE-022-goal-history-checkpoints-and-compaction/14-stack-compatibility-review.md:8:- `.ai/issues/refine/ISSUE-011-goal-widget-real-component-and-narrow-width.md`
.ai/docs/issue-workflow/ISSUE-022-goal-history-checkpoints-and-compaction/14-stack-compatibility-review.md:17:- ISSUE-011 widget layout affects how latest checkpoint/count hints may render later, but ISSUE-022 should keep widget changes minimal and prefer detailed history in tool/command output.
.ai/docs/issue-workflow/ISSUE-022-goal-history-checkpoints-and-compaction/14-stack-compatibility-review.md:33:  "ISSUE-011","future widget can render latest checkpoint hints","keep first-pass history detail in command/tool output"
.ai/docs/issue-workflow/ISSUE-015-goal-subgoals/raw/path-existence-audit.log:22:PASS .ai/issues/refine/ISSUE-011-goal-widget-real-component-and-narrow-width.md
.ai/docs/issue-workflow/ISSUE-015-goal-subgoals/15-queue-continuation-note.md:17:- Continue the stack with ISSUE-016 next, then ISSUE-024, ISSUE-022, ISSUE-018, ISSUE-019, ISSUE-023, ISSUE-011, ISSUE-014, and ISSUE-013.
.ai/docs/issue-workflow/ISSUE-015-goal-subgoals/raw/refine-inventory-final.log:1:.ai/issues/refine/ISSUE-011-goal-widget-real-component-and-narrow-width.md
.ai/docs/issue-workflow/ISSUE-015-goal-subgoals/raw/stack-order-after-promotion-probe.log:3:PASS ISSUE-015 absent from refine inventory :: .ai/issues/refine/ISSUE-011-goal-widget-real-component-and-narrow-width.md,.ai/issues/refine/ISSUE-013-goal-update-natural-language.md,.ai/issues/refine/ISSUE-014-goal-progress-estimates.md,.ai/issues/refine/ISSUE-016-goal-idle-tolerant-mode.md,.ai/issues/refine/ISSUE-018-goal-start-in-worktree.md,.ai/issues/refine/ISSUE-019-parallel-multiple-goals.md,.ai/issues/refine/ISSUE-022-goal-history-checkpoints-and-compaction.md,.ai/issues/refine/ISSUE-023-goal-dependency-triggers-and-watchers.md,.ai/issues/refine/ISSUE-024-goal-audit-command.md
.ai/docs/issue-workflow/ISSUE-015-goal-subgoals/raw/open-path-audit.log:50:PASS .ai/issues/refine/ISSUE-011-goal-widget-real-component-and-narrow-width.md exists
## framed header minimum width calculation using pi-tui visibleWidth
$ node - <<NODE
active: left=14 right=10 min=25 label=active
paused: left=13 right=10 min=24 label=paused
budgetLimited: left=13 right=18 min=32 label=budget-limited
complete: left=13 right=12 min=26 label=complete
## stale reference cleanup
$ perl path replace in 11 files
updated .ai/issues/refine/ISSUE-014-goal-progress-estimates.md
updated .ai/issues/open/ISSUE-015-goal-subgoals.md
updated .ai/issues/fixed/ISSUE-025-goal-line-breaks-widget-rendering.md
updated .ai/docs/issue-workflow/ISSUE-024-goal-audit-command/19-current-inventory-after-promotion.md
updated .ai/docs/issue-workflow/ISSUE-024-goal-audit-command/06-final-audit.md
updated .ai/docs/issue-workflow/ISSUE-015-goal-subgoals/02-grounded-research.md
updated .ai/docs/issue-workflow/ISSUE-016-goal-idle-tolerant-mode/33-stack-inventory-after-promotion.md
updated .ai/docs/issue-workflow/ISSUE-022-goal-history-checkpoints-and-compaction/14-stack-compatibility-review.md
updated .ai/docs/issue-workflow/ISSUE-022-goal-history-checkpoints-and-compaction/16-queue-continuation-note.md
updated .ai/docs/issue-workflow/refine-issue-leverage-order-2026-05-10/01-open-promotion-addendum.md
updated .ai/docs/issue-workflow/refine-issue-leverage-order-2026-05-10/final-order.md
$ rm refine issue
## final sentrux gate
$ sentrux gate --save .pi/extensions/goal
Scanning .pi/extensions/goal...
[build_project_map] 30 files, 2 unique dirs, 2 cache misses, 0.1ms
[resolve] 112 resolved, 22 unresolved (of 134 total specs)
[resolve_imports] project_map 0.1ms, suffix_idx 0.3ms, suffix_resolve 0.9ms, total 1.3ms
[build_graphs] 30 files | maps 0.0ms, imports 1.3ms, calls+inherit 0.4ms, total 1.8ms | 111 import, 591 call, 0 inherit edges
Baseline saved to .pi/extensions/goal/.sentrux/baseline.json
Quality: 6241

Run `sentrux gate` after making changes to compare.
## final npm quality gate
$ npm run quality:goal

> pi-goals@0.2.0 quality:goal
> sentrux gate .pi/extensions/goal && sentrux check .pi/extensions/goal && npm run slop:goal && npm run typecheck:goal && pi --offline --no-session --no-tools -e .pi/extensions/goal/index.ts --list-models >/tmp/pi-goal-quality-load.txt

Scanning .pi/extensions/goal...
[build_project_map] 30 files, 2 unique dirs, 2 cache misses, 0.1ms
[resolve] 112 resolved, 22 unresolved (of 134 total specs)
[resolve_imports] project_map 0.1ms, suffix_idx 0.7ms, suffix_resolve 1.3ms, total 2.2ms
[build_graphs] 30 files | maps 0.0ms, imports 2.2ms, calls+inherit 0.6ms, total 2.8ms | 111 import, 591 call, 0 inherit edges
sentrux gate — structural regression check

Quality:      6241 -> 6241
Coupling:     0.16 → 0.16
Cycles:       0 → 0
God files:    0 → 0

Distance from Main Sequence: 0.25

✓ No degradation detected
Scanning .pi/extensions/goal...
[build_project_map] 30 files, 2 unique dirs, 2 cache misses, 0.1ms
[resolve] 112 resolved, 22 unresolved (of 134 total specs)
[resolve_imports] project_map 0.1ms, suffix_idx 0.4ms, suffix_resolve 1.1ms, total 1.6ms
[build_graphs] 30 files | maps 0.0ms, imports 1.6ms, calls+inherit 0.7ms, total 2.3ms | 111 import, 591 call, 0 inherit edges
sentrux check — 33 rules checked

Quality: 6241

✓ All rules pass

> pi-goals@0.2.0 slop:goal
> if rg -n 'as unknown as|as any' .pi/extensions/goal; then exit 1; else exit 0; fi


> pi-goals@0.2.0 typecheck:goal
> tsc --noEmit --target ES2022 --module ESNext --moduleResolution node --ignoreDeprecations 6.0 --types node --strict --skipLibCheck .pi/extensions/goal/*.ts

provider      model                       context  max-out  thinking  images
anthropic     claude-3-5-haiku-20241022   200K     8.2K     no        yes
anthropic     claude-3-5-haiku-latest     200K     8.2K     no        yes
anthropic     claude-3-5-sonnet-20240620  200K     8.2K     no        yes
anthropic     claude-3-5-sonnet-20241022  200K     8.2K     no        yes
anthropic     claude-3-7-sonnet-20250219  200K     64K      yes       yes
anthropic     claude-3-haiku-20240307     200K     4.1K     no        yes
anthropic     claude-3-opus-20240229      200K     4.1K     no        yes
anthropic     claude-3-sonnet-20240229    200K     4.1K     no        yes
anthropic     claude-haiku-4-5            200K     64K      yes       yes
anthropic     claude-haiku-4-5-20251001   200K     64K      yes       yes
anthropic     claude-opus-4-0             200K     32K      yes       yes
anthropic     claude-opus-4-1             200K     32K      yes       yes
anthropic     claude-opus-4-1-20250805    200K     32K      yes       yes
anthropic     claude-opus-4-20250514      200K     32K      yes       yes
anthropic     claude-opus-4-5             200K     64K      yes       yes
anthropic     claude-opus-4-5-20251101    200K     64K      yes       yes
anthropic     claude-opus-4-6             1M       128K     yes       yes
anthropic     claude-opus-4-7             1M       128K     yes       yes
anthropic     claude-sonnet-4-0           200K     64K      yes       yes
anthropic     claude-sonnet-4-20250514    200K     64K      yes       yes
anthropic     claude-sonnet-4-5           200K     64K      yes       yes
anthropic     claude-sonnet-4-5-20250929  200K     64K      yes       yes
anthropic     claude-sonnet-4-6           1M       64K      yes       yes
openai-codex  gpt-5.1                     272K     128K     yes       yes
openai-codex  gpt-5.1-codex-max           272K     128K     yes       yes
openai-codex  gpt-5.1-codex-mini          272K     128K     yes       yes
openai-codex  gpt-5.2                     272K     128K     yes       yes
openai-codex  gpt-5.2-codex               272K     128K     yes       yes
openai-codex  gpt-5.3-codex               272K     128K     yes       yes
openai-codex  gpt-5.3-codex-spark         128K     128K     yes       no
openai-codex  gpt-5.4                     272K     128K     yes       yes
openai-codex  gpt-5.4-mini                272K     128K     yes       yes
openai-codex  gpt-5.5                     272K     128K     yes       yes
opencode-go   deepseek-v4-flash           1M       384K     yes       no
opencode-go   deepseek-v4-pro             1M       384K     yes       no
opencode-go   glm-5                       202.8K   32.8K    yes       no
opencode-go   glm-5.1                     202.8K   32.8K    yes       no
opencode-go   kimi-k2.5                   262.1K   65.5K    yes       yes
opencode-go   kimi-k2.6                   262.1K   65.5K    yes       yes
opencode-go   mimo-v2.5                   1M       128K     yes       yes
opencode-go   mimo-v2.5-pro               1.0M     128K     yes       no
opencode-go   minimax-m2.5                204.8K   65.5K    yes       no
opencode-go   minimax-m2.7                204.8K   131.1K   yes       no
opencode-go   qwen3.5-plus                262.1K   65.5K    yes       yes
opencode-go   qwen3.6-plus                262.1K   65.5K    yes       yes
quality_exit=0
## final path and reference probes
$ test open issue exists and refine issue absent
PASS open_exists_refine_absent
$ rg stale refine path outside ISSUE-011 workflow artifacts and raw logs
PASS stale_canonical_refine_issue011_refs=0
$ rg open path in downstream issue docs
.ai/issues/fixed/ISSUE-025-goal-line-breaks-widget-rendering.md:14:- `.ai/issues/open/ISSUE-011-goal-widget-real-component-and-narrow-width.md`
.ai/issues/refine/ISSUE-014-goal-progress-estimates.md:11:Depends on: `.ai/issues/open/ISSUE-011-goal-widget-real-component-and-narrow-width.md`
.ai/issues/open/ISSUE-015-goal-subgoals.md:16:- `.ai/issues/open/ISSUE-011-goal-widget-real-component-and-narrow-width.md`
.ai/issues/open/ISSUE-015-goal-subgoals.md:159:- `.ai/issues/open/ISSUE-011-goal-widget-real-component-and-narrow-width.md`
## issue structural and artifact-link probes
$ python3 structural probe
PASS issue011_structural_probe required_signals=9 linked_artifacts=7
## artifact visibility and whitespace checks
$ git status --short --untracked-files=all relevant paths
 M .ai/docs/issue-workflow/ISSUE-015-goal-subgoals/02-grounded-research.md
 M .ai/docs/issue-workflow/ISSUE-016-goal-idle-tolerant-mode/33-stack-inventory-after-promotion.md
 M .ai/docs/issue-workflow/ISSUE-022-goal-history-checkpoints-and-compaction/14-stack-compatibility-review.md
 M .ai/docs/issue-workflow/ISSUE-022-goal-history-checkpoints-and-compaction/16-queue-continuation-note.md
 M .ai/docs/issue-workflow/ISSUE-024-goal-audit-command/06-final-audit.md
 M .ai/docs/issue-workflow/ISSUE-024-goal-audit-command/19-current-inventory-after-promotion.md
 M .ai/docs/issue-workflow/refine-issue-leverage-order-2026-05-10/01-open-promotion-addendum.md
 M .ai/docs/issue-workflow/refine-issue-leverage-order-2026-05-10/final-order.md
 M .ai/issues/fixed/ISSUE-025-goal-line-breaks-widget-rendering.md
 M .ai/issues/open/ISSUE-015-goal-subgoals.md
 M .ai/issues/open/ISSUE-016-goal-idle-tolerant-mode.md
 M .ai/issues/open/ISSUE-022-goal-history-checkpoints-and-compaction.md
 D .ai/issues/refine/ISSUE-011-goal-widget-real-component-and-narrow-width.md
 M .ai/issues/refine/ISSUE-014-goal-progress-estimates.md
?? .ai/docs/issue-workflow/ISSUE-011-goal-widget-real-component-and-narrow-width/00-request.md
?? .ai/docs/issue-workflow/ISSUE-011-goal-widget-real-component-and-narrow-width/01-protocol-read.md
?? .ai/docs/issue-workflow/ISSUE-011-goal-widget-real-component-and-narrow-width/02-grounded-research.md
?? .ai/docs/issue-workflow/ISSUE-011-goal-widget-real-component-and-narrow-width/03-design-lock.md
?? .ai/docs/issue-workflow/ISSUE-011-goal-widget-real-component-and-narrow-width/04-proof-threat-model.md
?? .ai/docs/issue-workflow/ISSUE-011-goal-widget-real-component-and-narrow-width/05-issue-writeback.md
?? .ai/docs/issue-workflow/ISSUE-011-goal-widget-real-component-and-narrow-width/raw/artifact-visibility-diff-check.log
?? .ai/docs/issue-workflow/ISSUE-011-goal-widget-real-component-and-narrow-width/raw/commands.log
?? .ai/docs/issue-workflow/ISSUE-011-goal-widget-real-component-and-narrow-width/raw/final-path-reference-probes.log
?? .ai/docs/issue-workflow/ISSUE-011-goal-widget-real-component-and-narrow-width/raw/framed-width-thresholds.log
?? .ai/docs/issue-workflow/ISSUE-011-goal-widget-real-component-and-narrow-width/raw/issue-structural-probe.log
?? .ai/docs/issue-workflow/ISSUE-011-goal-widget-real-component-and-narrow-width/raw/pre-refinement-widget-gap.log
?? .ai/docs/issue-workflow/ISSUE-011-goal-widget-real-component-and-narrow-width/raw/quality-goal-open-promotion.log
?? .ai/docs/issue-workflow/ISSUE-011-goal-widget-real-component-and-narrow-width/raw/reference-cleanup.log
?? .ai/docs/issue-workflow/ISSUE-011-goal-widget-real-component-and-narrow-width/raw/reference-inventory-pre.log
?? .ai/docs/issue-workflow/ISSUE-011-goal-widget-real-component-and-narrow-width/raw/sentrux-gate-final.log
?? .ai/docs/issue-workflow/ISSUE-011-goal-widget-real-component-and-narrow-width/raw/sentrux-gate-pre.log
?? .ai/docs/issue-workflow/ISSUE-011-goal-widget-real-component-and-narrow-width/raw/tui-component-source-excerpts.log
?? .ai/docs/issue-workflow/ISSUE-011-goal-widget-real-component-and-narrow-width/raw/tui-source-discovery.log
?? .ai/issues/open/ISSUE-011-goal-widget-real-component-and-narrow-width.md
$ git check-ignore artifacts/open issue
.gitignore:11:!.ai/docs/issue-workflow/**	.ai/docs/issue-workflow/ISSUE-011-goal-widget-real-component-and-narrow-width/00-request.md
$ git diff --check
PASS artifact_visibility_and_diff_check
## final stack inventory
$ find .ai/issues/refine -maxdepth 1 -type f | sort
.ai/issues/refine/ISSUE-013-goal-update-natural-language.md
.ai/issues/refine/ISSUE-014-goal-progress-estimates.md
$ find .ai/issues/open -maxdepth 1 -type f | sort | rg "ISSUE-011|ISSUE-013|ISSUE-014|ISSUE-015|ISSUE-016|ISSUE-018|ISSUE-019|ISSUE-021|ISSUE-022|ISSUE-023|ISSUE-024|ISSUE-037"
.ai/issues/open/ISSUE-011-goal-widget-real-component-and-narrow-width.md
.ai/issues/open/ISSUE-015-goal-subgoals.md
.ai/issues/open/ISSUE-016-goal-idle-tolerant-mode.md
.ai/issues/open/ISSUE-018-goal-start-in-worktree.md
.ai/issues/open/ISSUE-019-parallel-multiple-goals.md
.ai/issues/open/ISSUE-021-goal-completion-proofs.md
.ai/issues/open/ISSUE-022-goal-history-checkpoints-and-compaction.md
.ai/issues/open/ISSUE-023-goal-dependency-triggers-and-watchers.md
.ai/issues/open/ISSUE-024-goal-audit-command.md
.ai/issues/open/ISSUE-037-goal-queue-auto-continuation-after-complete.md
## final artifact visibility after final audit
$ git status --short --untracked-files=all ISSUE-011 paths
 D .ai/issues/refine/ISSUE-011-goal-widget-real-component-and-narrow-width.md
?? .ai/docs/issue-workflow/ISSUE-011-goal-widget-real-component-and-narrow-width/00-request.md
?? .ai/docs/issue-workflow/ISSUE-011-goal-widget-real-component-and-narrow-width/01-protocol-read.md
?? .ai/docs/issue-workflow/ISSUE-011-goal-widget-real-component-and-narrow-width/02-grounded-research.md
?? .ai/docs/issue-workflow/ISSUE-011-goal-widget-real-component-and-narrow-width/03-design-lock.md
?? .ai/docs/issue-workflow/ISSUE-011-goal-widget-real-component-and-narrow-width/04-proof-threat-model.md
?? .ai/docs/issue-workflow/ISSUE-011-goal-widget-real-component-and-narrow-width/05-issue-writeback.md
?? .ai/docs/issue-workflow/ISSUE-011-goal-widget-real-component-and-narrow-width/06-final-audit.md
?? .ai/docs/issue-workflow/ISSUE-011-goal-widget-real-component-and-narrow-width/raw/artifact-visibility-diff-check.log
?? .ai/docs/issue-workflow/ISSUE-011-goal-widget-real-component-and-narrow-width/raw/commands.log
?? .ai/docs/issue-workflow/ISSUE-011-goal-widget-real-component-and-narrow-width/raw/final-artifact-visibility.log
?? .ai/docs/issue-workflow/ISSUE-011-goal-widget-real-component-and-narrow-width/raw/final-inventory.log
?? .ai/docs/issue-workflow/ISSUE-011-goal-widget-real-component-and-narrow-width/raw/final-path-reference-probes.log
?? .ai/docs/issue-workflow/ISSUE-011-goal-widget-real-component-and-narrow-width/raw/framed-width-thresholds.log
?? .ai/docs/issue-workflow/ISSUE-011-goal-widget-real-component-and-narrow-width/raw/issue-structural-probe.log
?? .ai/docs/issue-workflow/ISSUE-011-goal-widget-real-component-and-narrow-width/raw/pre-refinement-widget-gap.log
?? .ai/docs/issue-workflow/ISSUE-011-goal-widget-real-component-and-narrow-width/raw/quality-goal-open-promotion.log
?? .ai/docs/issue-workflow/ISSUE-011-goal-widget-real-component-and-narrow-width/raw/reference-cleanup.log
?? .ai/docs/issue-workflow/ISSUE-011-goal-widget-real-component-and-narrow-width/raw/reference-inventory-pre.log
?? .ai/docs/issue-workflow/ISSUE-011-goal-widget-real-component-and-narrow-width/raw/sentrux-gate-final.log
?? .ai/docs/issue-workflow/ISSUE-011-goal-widget-real-component-and-narrow-width/raw/sentrux-gate-pre.log
?? .ai/docs/issue-workflow/ISSUE-011-goal-widget-real-component-and-narrow-width/raw/tui-component-source-excerpts.log
?? .ai/docs/issue-workflow/ISSUE-011-goal-widget-real-component-and-narrow-width/raw/tui-source-discovery.log
?? .ai/issues/open/ISSUE-011-goal-widget-real-component-and-narrow-width.md
$ git check-ignore final audit and issue
.gitignore:11:!.ai/docs/issue-workflow/**	.ai/docs/issue-workflow/ISSUE-011-goal-widget-real-component-and-narrow-width/06-final-audit.md
$ test all canonical artifacts exist
PASS final_artifact_visibility artifacts=7
## final diff check after final audit
$ git diff --check
PASS final_diff_check
## final diff check after final-audit update
$ git diff --check
PASS final_diff_check_after_audit_update
## comprehensive completion probe
$ python3 comprehensive ISSUE-011 probe
PASS issue011_comprehensive_completion artifacts=9 required_signals=9
## final artifact visibility after handoff artifacts
$ git status --short --untracked-files=all ISSUE-011 paths
 D .ai/issues/refine/ISSUE-011-goal-widget-real-component-and-narrow-width.md
?? .ai/docs/issue-workflow/ISSUE-011-goal-widget-real-component-and-narrow-width/00-request.md
?? .ai/docs/issue-workflow/ISSUE-011-goal-widget-real-component-and-narrow-width/01-protocol-read.md
?? .ai/docs/issue-workflow/ISSUE-011-goal-widget-real-component-and-narrow-width/02-grounded-research.md
?? .ai/docs/issue-workflow/ISSUE-011-goal-widget-real-component-and-narrow-width/03-design-lock.md
?? .ai/docs/issue-workflow/ISSUE-011-goal-widget-real-component-and-narrow-width/04-proof-threat-model.md
?? .ai/docs/issue-workflow/ISSUE-011-goal-widget-real-component-and-narrow-width/05-issue-writeback.md
?? .ai/docs/issue-workflow/ISSUE-011-goal-widget-real-component-and-narrow-width/06-final-audit.md
?? .ai/docs/issue-workflow/ISSUE-011-goal-widget-real-component-and-narrow-width/07-acceptance-traceability.md
?? .ai/docs/issue-workflow/ISSUE-011-goal-widget-real-component-and-narrow-width/08-implementation-handoff.md
?? .ai/docs/issue-workflow/ISSUE-011-goal-widget-real-component-and-narrow-width/raw/artifact-visibility-diff-check.log
?? .ai/docs/issue-workflow/ISSUE-011-goal-widget-real-component-and-narrow-width/raw/commands.log
?? .ai/docs/issue-workflow/ISSUE-011-goal-widget-real-component-and-narrow-width/raw/comprehensive-completion-probe.log
?? .ai/docs/issue-workflow/ISSUE-011-goal-widget-real-component-and-narrow-width/raw/final-artifact-visibility.log
?? .ai/docs/issue-workflow/ISSUE-011-goal-widget-real-component-and-narrow-width/raw/final-diff-check.log
?? .ai/docs/issue-workflow/ISSUE-011-goal-widget-real-component-and-narrow-width/raw/final-inventory.log
?? .ai/docs/issue-workflow/ISSUE-011-goal-widget-real-component-and-narrow-width/raw/final-path-reference-probes.log
?? .ai/docs/issue-workflow/ISSUE-011-goal-widget-real-component-and-narrow-width/raw/final-visibility-after-handoff.log
?? .ai/docs/issue-workflow/ISSUE-011-goal-widget-real-component-and-narrow-width/raw/framed-width-thresholds.log
?? .ai/docs/issue-workflow/ISSUE-011-goal-widget-real-component-and-narrow-width/raw/issue-structural-probe.log
?? .ai/docs/issue-workflow/ISSUE-011-goal-widget-real-component-and-narrow-width/raw/pre-refinement-widget-gap.log
?? .ai/docs/issue-workflow/ISSUE-011-goal-widget-real-component-and-narrow-width/raw/quality-goal-open-promotion.log
?? .ai/docs/issue-workflow/ISSUE-011-goal-widget-real-component-and-narrow-width/raw/reference-cleanup.log
?? .ai/docs/issue-workflow/ISSUE-011-goal-widget-real-component-and-narrow-width/raw/reference-inventory-pre.log
?? .ai/docs/issue-workflow/ISSUE-011-goal-widget-real-component-and-narrow-width/raw/sentrux-gate-final.log
?? .ai/docs/issue-workflow/ISSUE-011-goal-widget-real-component-and-narrow-width/raw/sentrux-gate-pre.log
?? .ai/docs/issue-workflow/ISSUE-011-goal-widget-real-component-and-narrow-width/raw/tui-component-source-excerpts.log
?? .ai/docs/issue-workflow/ISSUE-011-goal-widget-real-component-and-narrow-width/raw/tui-source-discovery.log
?? .ai/issues/open/ISSUE-011-goal-widget-real-component-and-narrow-width.md
$ git check-ignore handoff artifact
.gitignore:11:!.ai/docs/issue-workflow/**	.ai/docs/issue-workflow/ISSUE-011-goal-widget-real-component-and-narrow-width/08-implementation-handoff.md
$ git diff --check
PASS final_visibility_after_handoff
## final post-closeout diff check
$ git diff --check
PASS final_post_closeout_diff_check
## stack continuation probe
$ test ISSUE-014 depends on open ISSUE-011 path and ISSUE-011 links continuation note
11:Depends on: `.ai/issues/open/ISSUE-011-goal-widget-real-component-and-narrow-width.md`
38:- `.ai/docs/issue-workflow/ISSUE-011-goal-widget-real-component-and-narrow-width/09-stack-continuation-note.md`
$ git diff --check
PASS stack_continuation_probe
## final comprehensive completion probe after continuation note
$ python3 final comprehensive ISSUE-011 probe
PASS final_issue011_comprehensive_completion artifacts=10
$ git diff --check
PASS final_diff_check_after_continuation_note
## final closeout status snapshot
$ git status --short --untracked-files=all | rg ISSUE-011|ISSUE-014|ISSUE-015|ISSUE-025|refine-issue-leverage-order
 M .ai/docs/issue-workflow/ISSUE-015-goal-subgoals/02-grounded-research.md
 M .ai/docs/issue-workflow/refine-issue-leverage-order-2026-05-10/01-open-promotion-addendum.md
 M .ai/docs/issue-workflow/refine-issue-leverage-order-2026-05-10/final-order.md
 M .ai/issues/fixed/ISSUE-025-goal-line-breaks-widget-rendering.md
 M .ai/issues/open/ISSUE-015-goal-subgoals.md
 D .ai/issues/refine/ISSUE-011-goal-widget-real-component-and-narrow-width.md
 M .ai/issues/refine/ISSUE-014-goal-progress-estimates.md
?? .ai/docs/issue-workflow/ISSUE-011-goal-widget-real-component-and-narrow-width/00-request.md
?? .ai/docs/issue-workflow/ISSUE-011-goal-widget-real-component-and-narrow-width/01-protocol-read.md
?? .ai/docs/issue-workflow/ISSUE-011-goal-widget-real-component-and-narrow-width/02-grounded-research.md
?? .ai/docs/issue-workflow/ISSUE-011-goal-widget-real-component-and-narrow-width/03-design-lock.md
?? .ai/docs/issue-workflow/ISSUE-011-goal-widget-real-component-and-narrow-width/04-proof-threat-model.md
?? .ai/docs/issue-workflow/ISSUE-011-goal-widget-real-component-and-narrow-width/05-issue-writeback.md
?? .ai/docs/issue-workflow/ISSUE-011-goal-widget-real-component-and-narrow-width/06-final-audit.md
?? .ai/docs/issue-workflow/ISSUE-011-goal-widget-real-component-and-narrow-width/07-acceptance-traceability.md
?? .ai/docs/issue-workflow/ISSUE-011-goal-widget-real-component-and-narrow-width/08-implementation-handoff.md
?? .ai/docs/issue-workflow/ISSUE-011-goal-widget-real-component-and-narrow-width/09-stack-continuation-note.md
?? .ai/docs/issue-workflow/ISSUE-011-goal-widget-real-component-and-narrow-width/raw/artifact-visibility-diff-check.log
?? .ai/docs/issue-workflow/ISSUE-011-goal-widget-real-component-and-narrow-width/raw/commands.log
?? .ai/docs/issue-workflow/ISSUE-011-goal-widget-real-component-and-narrow-width/raw/comprehensive-completion-probe.log
?? .ai/docs/issue-workflow/ISSUE-011-goal-widget-real-component-and-narrow-width/raw/final-artifact-visibility.log
?? .ai/docs/issue-workflow/ISSUE-011-goal-widget-real-component-and-narrow-width/raw/final-closeout-status-snapshot.log
?? .ai/docs/issue-workflow/ISSUE-011-goal-widget-real-component-and-narrow-width/raw/final-comprehensive-completion-probe.log
?? .ai/docs/issue-workflow/ISSUE-011-goal-widget-real-component-and-narrow-width/raw/final-diff-check.log
?? .ai/docs/issue-workflow/ISSUE-011-goal-widget-real-component-and-narrow-width/raw/final-inventory.log
?? .ai/docs/issue-workflow/ISSUE-011-goal-widget-real-component-and-narrow-width/raw/final-path-reference-probes.log
?? .ai/docs/issue-workflow/ISSUE-011-goal-widget-real-component-and-narrow-width/raw/final-post-closeout-diff-check.log
?? .ai/docs/issue-workflow/ISSUE-011-goal-widget-real-component-and-narrow-width/raw/final-visibility-after-handoff.log
?? .ai/docs/issue-workflow/ISSUE-011-goal-widget-real-component-and-narrow-width/raw/framed-width-thresholds.log
?? .ai/docs/issue-workflow/ISSUE-011-goal-widget-real-component-and-narrow-width/raw/issue-structural-probe.log
?? .ai/docs/issue-workflow/ISSUE-011-goal-widget-real-component-and-narrow-width/raw/pre-refinement-widget-gap.log
?? .ai/docs/issue-workflow/ISSUE-011-goal-widget-real-component-and-narrow-width/raw/quality-goal-open-promotion.log
?? .ai/docs/issue-workflow/ISSUE-011-goal-widget-real-component-and-narrow-width/raw/reference-cleanup.log
?? .ai/docs/issue-workflow/ISSUE-011-goal-widget-real-component-and-narrow-width/raw/reference-inventory-pre.log
?? .ai/docs/issue-workflow/ISSUE-011-goal-widget-real-component-and-narrow-width/raw/sentrux-gate-final.log
?? .ai/docs/issue-workflow/ISSUE-011-goal-widget-real-component-and-narrow-width/raw/sentrux-gate-pre.log
?? .ai/docs/issue-workflow/ISSUE-011-goal-widget-real-component-and-narrow-width/raw/stack-continuation-probe.log
?? .ai/docs/issue-workflow/ISSUE-011-goal-widget-real-component-and-narrow-width/raw/tui-component-source-excerpts.log
?? .ai/docs/issue-workflow/ISSUE-011-goal-widget-real-component-and-narrow-width/raw/tui-source-discovery.log
?? .ai/issues/open/ISSUE-011-goal-widget-real-component-and-narrow-width.md
$ find .ai/issues/refine -maxdepth 1 -type f | sort
.ai/issues/refine/ISSUE-013-goal-update-natural-language.md
.ai/issues/refine/ISSUE-014-goal-progress-estimates.md
$ wc -l ISSUE-011 artifacts
      30 .ai/docs/issue-workflow/ISSUE-011-goal-widget-real-component-and-narrow-width/raw/final-artifact-visibility.log
      46 .ai/docs/issue-workflow/ISSUE-011-goal-widget-real-component-and-narrow-width/raw/final-closeout-status-snapshot.log
       5 .ai/docs/issue-workflow/ISSUE-011-goal-widget-real-component-and-narrow-width/raw/final-comprehensive-completion-probe.log
       3 .ai/docs/issue-workflow/ISSUE-011-goal-widget-real-component-and-narrow-width/raw/final-diff-check.log
      15 .ai/docs/issue-workflow/ISSUE-011-goal-widget-real-component-and-narrow-width/raw/final-inventory.log
      10 .ai/docs/issue-workflow/ISSUE-011-goal-widget-real-component-and-narrow-width/raw/final-path-reference-probes.log
       3 .ai/docs/issue-workflow/ISSUE-011-goal-widget-real-component-and-narrow-width/raw/final-post-closeout-diff-check.log
      35 .ai/docs/issue-workflow/ISSUE-011-goal-widget-real-component-and-narrow-width/raw/final-visibility-after-handoff.log
       6 .ai/docs/issue-workflow/ISSUE-011-goal-widget-real-component-and-narrow-width/raw/framed-width-thresholds.log
       3 .ai/docs/issue-workflow/ISSUE-011-goal-widget-real-component-and-narrow-width/raw/issue-structural-probe.log
       6 .ai/docs/issue-workflow/ISSUE-011-goal-widget-real-component-and-narrow-width/raw/pre-refinement-widget-gap.log
      86 .ai/docs/issue-workflow/ISSUE-011-goal-widget-real-component-and-narrow-width/raw/quality-goal-open-promotion.log
      14 .ai/docs/issue-workflow/ISSUE-011-goal-widget-real-component-and-narrow-width/raw/reference-cleanup.log
      54 .ai/docs/issue-workflow/ISSUE-011-goal-widget-real-component-and-narrow-width/raw/reference-inventory-pre.log
      11 .ai/docs/issue-workflow/ISSUE-011-goal-widget-real-component-and-narrow-width/raw/sentrux-gate-final.log
      11 .ai/docs/issue-workflow/ISSUE-011-goal-widget-real-component-and-narrow-width/raw/sentrux-gate-pre.log
       6 .ai/docs/issue-workflow/ISSUE-011-goal-widget-real-component-and-narrow-width/raw/stack-continuation-probe.log
      86 .ai/docs/issue-workflow/ISSUE-011-goal-widget-real-component-and-narrow-width/raw/tui-component-source-excerpts.log
      95 .ai/docs/issue-workflow/ISSUE-011-goal-widget-real-component-and-narrow-width/raw/tui-source-discovery.log
    1666 total
PASS final_closeout_status_snapshot
## final final diff check
$ git diff --check
PASS final_final_diff_check
## final audit table consistency check
$ rg final-final-diff-check in final audit and git diff --check
53:| Final diff check after last audit edit | `raw/final-final-diff-check.log` | PASS |
PASS final_audit_table_consistency_check
