## session start: ISSUE-018 refinement
2026-05-11T06:10:24Z
$ git status --short --untracked-files=all
?? .ai/docs/issue-workflow/ISSUE-018-goal-start-in-worktree/raw/commands.log

$ test -f .ai/issues/refine/ISSUE-018-goal-start-in-worktree.md && echo refine_exists
refine_exists

$ ls .ai/issues/open .ai/issues/refine | head -80
.ai/issues/open:
ISSUE-015-goal-subgoals.md
ISSUE-016-goal-idle-tolerant-mode.md
ISSUE-021-goal-completion-proofs.md
ISSUE-022-goal-history-checkpoints-and-compaction.md
ISSUE-024-goal-audit-command.md
ISSUE-037-goal-queue-auto-continuation-after-complete.md

.ai/issues/refine:
ISSUE-011-goal-widget-real-component-and-narrow-width.md
ISSUE-013-goal-update-natural-language.md
ISSUE-014-goal-progress-estimates.md
ISSUE-018-goal-start-in-worktree.md
ISSUE-019-parallel-multiple-goals.md
ISSUE-023-goal-dependency-triggers-and-watchers.md

## research probes
$ rg -n "worktree|newSession|switchSession|sendUserMessage|GoalState|status|queue|branch|cwd|appendEntry|session_start|session_shutdown" .pi/extensions/goal README.md .ai/issues/refine/ISSUE-018-goal-start-in-worktree.md .ai/issues/refine/ISSUE-019-parallel-multiple-goals.md .ai/issues/open/ISSUE-015-goal-subgoals.md .ai/issues/open/ISSUE-016-goal-idle-tolerant-mode.md .ai/issues/open/ISSUE-021-goal-completion-proofs.md .ai/issues/open/ISSUE-022-goal-history-checkpoints-and-compaction.md .ai/issues/open/ISSUE-024-goal-audit-command.md | head -220
.ai/issues/open/ISSUE-016-goal-idle-tolerant-mode.md:18:- `.ai/issues/refine/ISSUE-018-goal-start-in-worktree.md`
.ai/issues/open/ISSUE-016-goal-idle-tolerant-mode.md:20:- `.ai/issues/open/ISSUE-037-goal-queue-auto-continuation-after-complete.md`
.ai/issues/open/ISSUE-016-goal-idle-tolerant-mode.md:50:- Queue continuation note: `.ai/docs/issue-workflow/ISSUE-016-goal-idle-tolerant-mode/13-queue-continuation-note.md`
.ai/issues/open/ISSUE-016-goal-idle-tolerant-mode.md:61:- Queue steering recheck: `.ai/docs/issue-workflow/ISSUE-016-goal-idle-tolerant-mode/22-queue-steering-recheck.md`
.ai/issues/open/ISSUE-016-goal-idle-tolerant-mode.md:94:- `GoalState` has no idle/auto-continuation policy fields today.
.ai/issues/open/ISSUE-016-goal-idle-tolerant-mode.md:96:- `maybeContinueGoal()` already stale-guards by goal id/status, idle state, pending messages, and safety counters.
.ai/issues/open/ISSUE-016-goal-idle-tolerant-mode.md:103:- Add optional fields to `GoalState`:
.ai/issues/open/ISSUE-016-goal-idle-tolerant-mode.md:111:- No new public goal status is introduced.
.ai/issues/open/ISSUE-016-goal-idle-tolerant-mode.md:121:- [ ] Add stale guards for delayed nudges: goal id, status active, unchanged policy, idle context, no pending messages.
.ai/issues/open/ISSUE-016-goal-idle-tolerant-mode.md:160:issue{id,status,target_session,goal}:
.ai/issues/open/ISSUE-016-goal-idle-tolerant-mode.md:195:- New public goal status beyond the existing status union.
.ai/issues/refine/ISSUE-018-goal-start-in-worktree.md:1:# ISSUE-018 — Refine option to start a new goal in a worktree
.ai/issues/refine/ISSUE-018-goal-start-in-worktree.md:7:Next best session: design refinement pass for worktree goal launches
.ai/issues/refine/ISSUE-018-goal-start-in-worktree.md:13:Goal: Design an option for a new goal to run in its own Git worktree, isolating changes and making long-running goal work safer to review or discard.
.ai/issues/refine/ISSUE-018-goal-start-in-worktree.md:17:Long-running goals can touch many files. Running them in the current worktree risks mixing goal changes with unrelated user work. A worktree option would isolate changes, support parallel experimentation, and make cleanup/review easier.
.ai/issues/refine/ISSUE-018-goal-start-in-worktree.md:21:- `/goal --worktree <objective>` or `/goal start --worktree ...` creates a new worktree and launches or switches a Pi session there.
.ai/issues/refine/ISSUE-018-goal-start-in-worktree.md:22:- Goal state records worktree path, branch name, and origin repo.
.ai/issues/refine/ISSUE-018-goal-start-in-worktree.md:23:- User can choose branch naming policy or accept a generated name.
.ai/issues/refine/ISSUE-018-goal-start-in-worktree.md:24:- Clearing/completing a goal does not delete the worktree without explicit confirmation.
.ai/issues/refine/ISSUE-018-goal-start-in-worktree.md:28:1. Is worktree creation part of this extension, or should it call an external worktree helper?
.ai/issues/refine/ISSUE-018-goal-start-in-worktree.md:29:2. Should the current Pi session move into the worktree, or spawn a new Pi session there?
.ai/issues/refine/ISSUE-018-goal-start-in-worktree.md:30:3. What branch naming and cleanup policy is safe by default?
.ai/issues/refine/ISSUE-018-goal-start-in-worktree.md:31:4. How are uncommitted changes in the source worktree handled?
.ai/issues/refine/ISSUE-018-goal-start-in-worktree.md:37:- Generated branch/path names are deterministic enough to inspect and unique enough to avoid collisions.
.ai/issues/refine/ISSUE-018-goal-start-in-worktree.md:38:- Goal UI shows the associated worktree when applicable.
.ai/issues/refine/ISSUE-018-goal-start-in-worktree.md:40:- Validation covers dirty working tree, existing path, branch collision, and completion/clear cleanup semantics.
.ai/issues/refine/ISSUE-018-goal-start-in-worktree.md:46:- Deleting worktrees automatically on goal complete.
.ai/issues/refine/ISSUE-018-goal-start-in-worktree.md:50:- [ ] Decide command/tool surface for worktree starts.
.ai/issues/refine/ISSUE-018-goal-start-in-worktree.md:51:- [ ] Define path/branch naming policy.
.ai/issues/open/ISSUE-024-goal-audit-command.md:9:Next best session rationale: Command/tool semantics, prompt constraints, persistence posture, status behavior, and proof requirements are locked. Implementation can proceed without choosing product/runtime direction.
.ai/issues/open/ISSUE-024-goal-audit-command.md:28:The continuation prompt already asks the agent to perform a completion audit before calling `update_goal(status: "complete")`, but users have no explicit command for "audit where we are right now." Users need a bounded review of objective requirements, completed work, missing evidence, proof/subgoal/floor state, blockers, and next recommendations without triggering normal continuation or completion.
.ai/issues/open/ISSUE-024-goal-audit-command.md:51:- Final validation logs: `.ai/docs/issue-workflow/ISSUE-024-goal-audit-command/raw/open-promotion-validation.log`, `.ai/docs/issue-workflow/ISSUE-024-goal-audit-command/raw/quality-goal-open-promotion.log`, `.ai/docs/issue-workflow/ISSUE-024-goal-audit-command/raw/check-ignore-final.log`, `.ai/docs/issue-workflow/ISSUE-024-goal-audit-command/raw/diff-check.log`, `.ai/docs/issue-workflow/ISSUE-024-goal-audit-command/raw/status-final.log`
.ai/issues/open/ISSUE-024-goal-audit-command.md:57:- Queue continuation note: `.ai/docs/issue-workflow/ISSUE-024-goal-audit-command/14-queue-continuation-note.md`
.ai/issues/open/ISSUE-024-goal-audit-command.md:64:- Queue tools source recheck: `.ai/docs/issue-workflow/ISSUE-024-goal-audit-command/21-queue-tools-source-recheck.md`
.ai/issues/open/ISSUE-024-goal-audit-command.md:81:- Audit includes available proof gate status, subgoal status, floors, budgets, and relevant telemetry/monitor context when present.
.ai/issues/open/ISSUE-024-goal-audit-command.md:82:- Audit never calls `update_goal(status:"complete")` automatically.
.ai/issues/open/ISSUE-024-goal-audit-command.md:83:- Audit never schedules normal continuation or starts queued work automatically.
.ai/issues/open/ISSUE-024-goal-audit-command.md:84:- Audit is stale-guarded by goal id and status.
.ai/issues/open/ISSUE-024-goal-audit-command.md:94:- `command.ts` supports `pause`, `resume`, `clear`, and `queue`; there is no `audit` subcommand today.
.ai/issues/open/ISSUE-024-goal-audit-command.md:100:- ISSUE-021 and ISSUE-015 create future state that audit should consume: proof gate status and subgoal completion/blocker state.
.ai/issues/open/ISSUE-024-goal-audit-command.md:110:- First pass persists only bounded audit metadata in a separate custom entry or goal-adjacent audit stream, not long audit prose on every `GoalState` snapshot.
.ai/issues/open/ISSUE-024-goal-audit-command.md:112:- Audit prompt must require stale-guarding and status-aware read-only behavior.
.ai/issues/open/ISSUE-024-goal-audit-command.md:129:- [ ] Add bounded audit metadata event type/state replay support without storing full audit prose on `GoalState`.
.ai/issues/open/ISSUE-024-goal-audit-command.md:143:- Audit does not schedule normal continuation, queue steering, or monitor changes as a side effect.
.ai/issues/open/ISSUE-024-goal-audit-command.md:144:- Audit is stale-guarded by goal id/status and safe for paused, budget-limited, and complete goals.
.ai/issues/open/ISSUE-024-goal-audit-command.md:159:- Audit prompt allows `update_goal(status:"complete")`.
.ai/issues/open/ISSUE-024-goal-audit-command.md:169:issue{id,status,target_session,goal}:
.ai/issues/open/ISSUE-024-goal-audit-command.md:175:  "lr4","audit is stale-guarded by goal id/status and read-only for paused, budget-limited, and complete goals"
.ai/issues/open/ISSUE-024-goal-audit-command.md:183:  "s5",".pi/extensions/goal/state.ts","replay bounded audit metadata without bloating GoalState snapshots"
.ai/issues/open/ISSUE-024-goal-audit-command.md:189:  "v4","paused and budget-limited audits are read-only","status behavior probe"
.ai/issues/open/ISSUE-024-goal-audit-command.md:190:  "v5","audit metadata replay keeps goal status/objective stable","replay probe"
.ai/issues/open/ISSUE-024-goal-audit-command.md:202:  "audit_replay_probe","ISSUE-024","cd /Users/bryan/dev/personal/experiments/pi-goals && node .ai/validation/goal-audit-replay-probe.mjs","exit 0 and output includes PASS audit_replay_bounded_metadata","run","must fail if audit records mutate goal status/objective or bloat replay state"
.ai/issues/open/ISSUE-024-goal-audit-command.md:203:  "paused_budget_audit_probe","ISSUE-024","cd /Users/bryan/dev/personal/experiments/pi-goals && node .ai/validation/goal-audit-status-probe.mjs","exit 0 and output includes PASS audit_readonly_for_paused_budget_limited","run","must fail if audit resumes or schedules continuation for paused/budget-limited goals"
.ai/issues/refine/ISSUE-019-parallel-multiple-goals.md:8:Next best session rationale: Parallel goals affect state model, sessions, worktrees, budgets, and UI; this needs architecture design first.
.ai/issues/refine/ISSUE-019-parallel-multiple-goals.md:12:- `.ai/issues/refine/ISSUE-018-goal-start-in-worktree.md`
.ai/issues/refine/ISSUE-019-parallel-multiple-goals.md:15:Goal: Design support for multiple goals that can run sequentially or in parallel as multiple Pi agents, optionally with one worktree per goal.
.ai/issues/refine/ISSUE-019-parallel-multiple-goals.md:19:The first version intentionally supports one branch-local goal. Larger workflows may require several independent goals: parallel investigation paths, sequential release checklist goals, or multiple implementation shards. This cannot be bolted on casually because state, UI, continuation, budgets, and worktree ownership all become multi-tenant.
.ai/issues/refine/ISSUE-019-parallel-multiple-goals.md:23:- Multiple named goals with ids, names, status, budgets, and optional worktree/session ownership.
.ai/issues/refine/ISSUE-019-parallel-multiple-goals.md:25:- Parallel mode: multiple Pi agents pursue goals concurrently, optionally isolated by worktree.
.ai/issues/refine/ISSUE-019-parallel-multiple-goals.md:26:- UI shows aggregate status plus current/selected goal details.
.ai/issues/refine/ISSUE-019-parallel-multiple-goals.md:31:1. Is multi-goal state a new top-level runtime or an extension of current `GoalState`?
.ai/issues/refine/ISSUE-019-parallel-multiple-goals.md:35:5. How are shared budgets, worktrees, branch state, and completion proofs partitioned?
.ai/issues/refine/ISSUE-019-parallel-multiple-goals.md:57:- [ ] Decide agent/session/worktree orchestration mechanism.
.ai/issues/refine/ISSUE-019-parallel-multiple-goals.md:58:- [ ] Define UI model for list/focus/aggregate status.
README.md:10:- Rewindable `/tree`-compatible state persisted into the Pi session branch.
README.md:14:- Durable FIFO goal queue for sequential goal work.
README.md:15:- Queue-aware model tools for listing, enqueuing, starting, dequeuing, and removing queued goals.
README.md:19:- Compact Pi status/widget integration.
README.md:37:Use `/goal` to create and manage a persistent objective that survives across turns and is persisted into the Pi branch so `/tree` rewind/replay semantics stay coherent.
README.md:42:/goal queue
README.md:43:/goal queue <objective-or-template>
README.md:51:- `/goal` — show the current goal summary, status, budgets, and progress metadata.
README.md:53:- `/goal queue` — list queued goals.
README.md:54:- `/goal queue <objective-or-template>` — enqueue a direct objective or reusable template invocation for later.
README.md:59:The extension also exposes model tools so agents can inspect, create, update, pause, resume, complete, clear, or queue goals without string-parsing the slash command.
README.md:61:## Goal queue
README.md:63:`pi-goals` supports a durable FIFO queue for sequential work. Queued goals are persisted into the Pi branch alongside goal state, so replay and `/tree` semantics remain coherent.
README.md:66:/goal queue
README.md:67:/goal queue write the release notes
README.md:68:/goal queue fix-issue --issue ISSUE-123 -- verify the fix
README.md:71:Agents can also manage the queue through model tools:
README.md:73:- `list_goal_queue`
README.md:74:- `enqueue_goal`
README.md:75:- `start_queued_goal`
README.md:76:- `dequeue_goal`
README.md:77:- `remove_queued_goal`
README.md:79:For queued prose that looks like a reusable workflow, agents can list templates with `list_goal_templates`, create a concrete goal with `create_goal_from_template`, then dequeue the original queue item after the concrete goal is satisfied.
README.md:110:These are completion floors, not quota targets. If an agent calls `update_goal({ status: "complete" })` before configured floors are met, completion is deferred, the goal remains active, and the tool returns structured `completion_blocked_by_floor`, floor deltas, and a concrete `next_floor_pass` from the value-pass catalog. Steering asks for one objective-linked improvement pass such as requirement-gap audit, validation expansion, adversarial review, simplification/deslop, compatibility review, or docs/handoff evidence.
README.md:112:Maximum budgets still win: budget-limited goals wrap up rather than working past a cap to satisfy a floor. Users can remove or lower a floor with `update_goal`, but floor edits and `status: "complete"` must be separate calls.
README.md:152:Reusable templates are available to both slash commands and model tools. Agents can call `list_goal_templates` to discover templates and `create_goal_from_template` to create a concrete goal from one. Template invocations also work through `/goal queue`.
README.md:163:- keep its own bounded churn log in the Pi branch,
README.md:166:Monitor state is goal-scoped and replayable, so branching and `/tree` operations stay aligned with the active goal history.
.ai/issues/open/ISSUE-022-goal-history-checkpoints-and-compaction.md:8:Next best session: focused implementation/validation pass for branch-replayed checkpoints and history UX
.ai/issues/open/ISSUE-022-goal-history-checkpoints-and-compaction.md:25:Add durable, bounded, branch-replayable goal checkpoints and history surfaces so long-running `pi-goal` work can survive reloads, compaction, handoffs, and branch navigation with a concise timeline of state changes, proof/subgoal summaries when available, blockers, and next action.
.ai/issues/open/ISSUE-022-goal-history-checkpoints-and-compaction.md:31:`pi-goal` already persists compact state and telemetry into the Pi session branch, but it does not produce human-readable checkpoints. Long goals can span compaction, `/reload`, `/tree`, queue orchestration, budget-limited wrap-up, and handoff between agents. A future maintainer needs a concise timeline without rereading the entire transcript or injecting every historical detail into provider context.
.ai/issues/open/ISSUE-022-goal-history-checkpoints-and-compaction.md:36:- ISSUE-021 adds proof gates/results whose latest status should be summarized, not duplicated unboundedly.
.ai/issues/open/ISSUE-022-goal-history-checkpoints-and-compaction.md:59:- Queue continuation note: `.ai/docs/issue-workflow/ISSUE-022-goal-history-checkpoints-and-compaction/16-queue-continuation-note.md`
.ai/issues/open/ISSUE-022-goal-history-checkpoints-and-compaction.md:68:- Checkpoints are stored as separate branch-replayed custom entries, e.g. `pi-goal-checkpoint`, with defensive replay similar to `pi-goal-state`.
.ai/issues/open/ISSUE-022-goal-history-checkpoints-and-compaction.md:70:- Full checkpoint arrays are not embedded in every `GoalState` snapshot.
.ai/issues/open/ISSUE-022-goal-history-checkpoints-and-compaction.md:88:- session metadata such as session id, cwd, and branch entry count when available
.ai/issues/open/ISSUE-022-goal-history-checkpoints-and-compaction.md:99:- No checkpoint/history command should resume, continue, complete, clear, or dequeue goals.
.ai/issues/open/ISSUE-022-goal-history-checkpoints-and-compaction.md:108:- Automatic checkpoints are deduplicated by goal id + trigger + relevant status transition/compaction event so repeated handlers do not create churn.
.ai/issues/open/ISSUE-022-goal-history-checkpoints-and-compaction.md:115:- If the extension API supports safe compaction-instruction mutation, include at most the latest checkpoint id/short summary and current goal status; never inject the full checkpoint history.
.ai/issues/open/ISSUE-022-goal-history-checkpoints-and-compaction.md:148:- `GoalState` has no checkpoint/history fields today.
.ai/issues/open/ISSUE-022-goal-history-checkpoints-and-compaction.md:150:- `state.ts` persists and replays branch-local custom entries defensively; checkpoint replay should copy this pattern.
.ai/issues/open/ISSUE-022-goal-history-checkpoints-and-compaction.md:153:- `queue-state.ts` demonstrates defensive optional-field parsing but intentionally reuses `STATE_ENTRY_TYPE`; checkpoint history should use a dedicated entry type instead of overloading goal/queue state events.
.ai/issues/open/ISSUE-022-goal-history-checkpoints-and-compaction.md:154:- `monitor-report.ts` provides a proven bounded-summary pattern over branch entries, telemetry, monitor logs, floor state, and session metadata.
.ai/issues/open/ISSUE-022-goal-history-checkpoints-and-compaction.md:164:- Checkpoints live in a separate replayed custom-entry stream, not as full arrays on `GoalState`.
.ai/issues/open/ISSUE-022-goal-history-checkpoints-and-compaction.md:174:- Full checkpoint arrays embedded in `GoalState`.
.ai/issues/open/ISSUE-022-goal-history-checkpoints-and-compaction.md:184:- [ ] Implement defensive branch replay for checkpoint entries with goal-id filtering, cap enforcement, and stale-entry ignoring.
.ai/issues/open/ISSUE-022-goal-history-checkpoints-and-compaction.md:192:- [ ] Update README with checkpoint/history UX, branch-local source of truth, export behavior, and context-bound guarantee.
.ai/issues/open/ISSUE-022-goal-history-checkpoints-and-compaction.md:199:- Manual checkpoint creation works for an active, paused, budget-limited, or complete goal without changing goal status.
.ai/issues/open/ISSUE-022-goal-history-checkpoints-and-compaction.md:200:- `/goal history` or equivalent tool lists a bounded branch-local checkpoint timeline for the current goal.
.ai/issues/open/ISSUE-022-goal-history-checkpoints-and-compaction.md:202:- Full checkpoint history is not appended to `GoalState` snapshots.
.ai/issues/open/ISSUE-022-goal-history-checkpoints-and-compaction.md:215:Primary invariant: goal checkpoints provide a bounded, branch-replayable, human-readable timeline for handoff/compaction/reload without bloating `GoalState` snapshots or normal provider context, and without weakening completion/proof/subgoal semantics.
.ai/issues/open/ISSUE-022-goal-history-checkpoints-and-compaction.md:219:- Checkpoints stored as unbounded arrays on `GoalState`.
.ai/issues/open/ISSUE-022-goal-history-checkpoints-and-compaction.md:232:issue{id,status,target_session,goal}:
.ai/issues/open/ISSUE-022-goal-history-checkpoints-and-compaction.md:233:  "ISSUE-022","execution-ready-first-pass","implement checkpoint/history core","bounded branch-replayed checkpoints improve handoff and compaction without context bloat"
.ai/issues/open/ISSUE-022-goal-history-checkpoints-and-compaction.md:235:  "lr1","store checkpoints as separate branch-replayed custom entries, not full arrays on GoalState"
.ai/issues/open/ISSUE-022-goal-history-checkpoints-and-compaction.md:243:  "inv1","branch replay remains source of truth for runtime checkpoint history"
.ai/issues/open/ISSUE-022-goal-history-checkpoints-and-compaction.md:245:  "inv3","checkpoint commands/tools do not resume, continue, complete, clear, or dequeue goals"
.ai/issues/open/ISSUE-022-goal-history-checkpoints-and-compaction.md:257:  "v1","checkpoint records are capped and separate from GoalState arrays","schema probe"
.ai/issues/open/ISSUE-022-goal-history-checkpoints-and-compaction.md:258:  "v2","checkpoint replay preserves branch-local latest/list summaries","replay probe"
.ai/issues/open/ISSUE-022-goal-history-checkpoints-and-compaction.md:274:  "checkpoint_schema_probe","ISSUE-022","cd /Users/bryan/dev/personal/experiments/pi-goals && node .ai/validation/goal-checkpoint-schema-probe.mjs","exit 0 and output includes PASS checkpoint_schema_bounded_separate_entries","run","must fail if checkpoint history is unbounded or stored as full arrays on GoalState"
.ai/issues/open/ISSUE-022-goal-history-checkpoints-and-compaction.md:275:  "checkpoint_replay_probe","ISSUE-022","cd /Users/bryan/dev/personal/experiments/pi-goals && node .ai/validation/goal-checkpoint-replay-probe.mjs","exit 0 and output includes PASS checkpoint_replay_branch_local","run","must fail if replay loses latest/list summaries or accepts stale goal ids"
.ai/issues/open/ISSUE-022-goal-history-checkpoints-and-compaction.md:292:- Parallel/multi-goal history partitioning beyond preserving current single-goal branch-local behavior; see ISSUE-019.
.ai/issues/open/ISSUE-015-goal-subgoals.md:9:Next best session rationale: The major architecture fork is now locked by owner decision: first release should implement a nested child goal runtime inside the active parent goal, not lightweight checklist-only subgoals and not separate queued/top-level child goals. The remaining work is implementation and validation within that bounded scope.
.ai/issues/open/ISSUE-015-goal-subgoals.md:22:- `.ai/issues/fixed/ISSUE-027-goal-queue.md`
.ai/issues/open/ISSUE-015-goal-subgoals.md:26:Add first-class agent-managed subgoals to `pi-goal` so a long-running parent goal can enter a bounded blocking child workflow, track child status/evidence durably, and then resume the parent without replacing the top-level goal or delaying the child behind the queue.
.ai/issues/open/ISSUE-015-goal-subgoals.md:34:- starting `/goal dirty-worktree-cleanup ...` while a parent goal is active collides with or replaces the parent;
.ai/issues/open/ISSUE-015-goal-subgoals.md:35:- queueing the cleanup delays a blocking prerequisite instead of running it inline;
.ai/issues/open/ISSUE-015-goal-subgoals.md:38:Reference use case: `deslop-pipeline` may discover a dirty worktree during preflight. The correct behavior is to enter a blocking `dirty-worktree-cleanup` child, complete or escalate it with evidence, then return to the parent pipeline at the Sentrux baseline step. Existing top-level goal and queue semantics do not express that cleanly.
.ai/issues/open/ISSUE-015-goal-subgoals.md:55:- Final status: `.ai/docs/issue-workflow/ISSUE-015-goal-subgoals/raw/status-final.log`
.ai/issues/open/ISSUE-015-goal-subgoals.md:67:- Queue continuation note: `.ai/docs/issue-workflow/ISSUE-015-goal-subgoals/15-queue-continuation-note.md`
.ai/issues/open/ISSUE-015-goal-subgoals.md:75:- Queue state checkpoint: `.ai/docs/issue-workflow/ISSUE-015-goal-subgoals/22-queue-state-checkpoint.md`
.ai/issues/open/ISSUE-015-goal-subgoals.md:91:- Queue source recheck: `.ai/docs/issue-workflow/ISSUE-015-goal-subgoals/38-queue-source-recheck.md`
.ai/issues/open/ISSUE-015-goal-subgoals.md:99:- A `GoalState` may contain an ordered, bounded list of subgoals.
.ai/issues/open/ISSUE-015-goal-subgoals.md:106:  - status;
.ai/issues/open/ISSUE-015-goal-subgoals.md:117:- Template resolution for a subgoal should render child objective text and store trusted metadata, not call `create_goal_from_template` and not enqueue a top-level goal.
.ai/issues/open/ISSUE-015-goal-subgoals.md:118:- The `deslop-pipeline` → `dirty-worktree-cleanup` scenario is the reference case: the child cleanup runs inline under the parent and then returns to the parent pipeline.
.ai/issues/open/ISSUE-015-goal-subgoals.md:131:- `get_goal` and related tool output should summarize current child, status, and blockers.
.ai/issues/open/ISSUE-015-goal-subgoals.md:132:- The footer/widget should show a compact child row such as `subgoal 1/3 active: clean dirty worktree` when subgoals exist.
.ai/issues/open/ISSUE-015-goal-subgoals.md:153:- `.pi/extensions/goal/queue-state.ts`
.ai/issues/open/ISSUE-015-goal-subgoals.md:154:- `.pi/extensions/goal/queue-tools.ts`
.ai/issues/open/ISSUE-015-goal-subgoals.md:158:- `.ai/.pi-goals/dirty-worktree-cleanup.md`
.ai/issues/open/ISSUE-015-goal-subgoals.md:164:- `.ai/issues/fixed/ISSUE-027-goal-queue.md`
.ai/issues/open/ISSUE-015-goal-subgoals.md:168:- `GoalState` has no subgoal fields today.
.ai/issues/open/ISSUE-015-goal-subgoals.md:169:- State replay is branch-local and defensive; optional subgoal fields can be added without breaking older events if parsing remains bounded.
.ai/issues/open/ISSUE-015-goal-subgoals.md:184:- Preserve one active top-level `GoalState`.
.ai/issues/open/ISSUE-015-goal-subgoals.md:187:- Store child records in parent `GoalState`, not in the queue and not in a separate top-level goal.
.ai/issues/open/ISSUE-015-goal-subgoals.md:195:- Separate queued/top-level child goals: reintroduces replacement/delay and fragile parent resume behavior.
.ai/issues/open/ISSUE-015-goal-subgoals.md:211:  status: GoalSubgoalStatus;
.ai/issues/open/ISSUE-015-goal-subgoals.md:228:type GoalState = {
.ai/issues/open/ISSUE-015-goal-subgoals.md:249:- `update_goal_subgoal` — update status, notes/evidence, blocker reason, return point, budgets/floors, or title.
.ai/issues/open/ISSUE-015-goal-subgoals.md:262:- [ ] Extend `GoalState` creation/replay to carry optional subgoals and `activeSubgoalId` safely.
.ai/issues/open/ISSUE-015-goal-subgoals.md:277:- A child can be created from a reusable goal template recipe without calling top-level `create_goal_from_template` or queue start semantics.
.ai/issues/open/ISSUE-015-goal-subgoals.md:278:- Reload/replay preserves subgoal order, active child, status, evidence, and parent return point.
.ai/issues/open/ISSUE-015-goal-subgoals.md:279:- `update_goal(status:"complete")` refuses parent completion while a blocking child is pending/active/failed or blocked/abandoned without explicit reason/evidence.
.ai/issues/open/ISSUE-015-goal-subgoals.md:295:- Template-backed child accidentally creates/replaces/queues a top-level goal.
.ai/issues/open/ISSUE-015-goal-subgoals.md:304:issue{id,status,target_session,goal}:
.ai/issues/open/ISSUE-015-goal-subgoals.md:307:  "lr1","preserve one active top-level GoalState"
.ai/issues/open/ISSUE-015-goal-subgoals.md:309:  "lr3","support one active child subgoal with objective, status, evidence, template recipe, and return-to-parent instruction"
.ai/issues/open/ISSUE-015-goal-subgoals.md:312:  "lr6","resolve template-backed child workflows without top-level goal replacement or queue delay"
.ai/issues/open/ISSUE-015-goal-subgoals.md:318:  "inv5","state replay remains defensive and branch-local"
.ai/issues/open/ISSUE-015-goal-subgoals.md:320:  "s1",".pi/extensions/goal/types.ts","add subgoal schema/status types"
.ai/issues/open/ISSUE-015-goal-subgoals.md:329:  "v2","template-backed child does not replace or dequeue top-level goal","template containment probe"
.ai/issues/open/ISSUE-015-goal-subgoals.md:350:- Parallel child agents, child worktrees, or multi-session orchestration.
.ai/issues/open/ISSUE-021-goal-completion-proofs.md:9:Next best session rationale: The design choices are now locked for a first release: proof gates live on `GoalState`, the extension runtime executes bounded required proof commands, and completion is blocked when required proofs are missing, stale, or failed. Recent floor-gate and queue-continuation bugs show this is high leverage for preventing false-green goal completion.
.ai/issues/open/ISSUE-021-goal-completion-proofs.md:21:- `.ai/issues/open/ISSUE-037-goal-queue-auto-continuation-after-complete.md`
.ai/issues/open/ISSUE-021-goal-completion-proofs.md:32:Current completion is still ultimately a model action through `update_goal(status:"complete")`. The continuation prompt asks for a completion audit, and ISSUE-036 added hard completion floors, but there is no way to attach durable command-based proofs such as:
.ai/issues/open/ISSUE-021-goal-completion-proofs.md:42:- ISSUE-037 documented a live queue-continuation false-green/stop failure after a goal was marked complete while queued work remained.
.ai/issues/open/ISSUE-021-goal-completion-proofs.md:71:- Worktree freshness design: `.ai/docs/issue-workflow/ISSUE-021-goal-completion-proofs/23-worktree-freshness-design.md`
.ai/issues/open/ISSUE-021-goal-completion-proofs.md:76:- Final status log: `.ai/docs/issue-workflow/ISSUE-021-goal-completion-proofs/raw/status-final.log`
.ai/issues/open/ISSUE-021-goal-completion-proofs.md:91:- Queue continuation note: `.ai/docs/issue-workflow/ISSUE-021-goal-completion-proofs/33-queue-continuation-note.md`
.ai/issues/open/ISSUE-021-goal-completion-proofs.md:102:- cwd policy;
.ai/issues/open/ISSUE-021-goal-completion-proofs.md:109:Before `update_goal(status:"complete")` succeeds:
.ai/issues/open/ISSUE-021-goal-completion-proofs.md:114:- proof execution/result state is durable in the Pi branch and visible through tools/UI summaries;
.ai/issues/open/ISSUE-021-goal-completion-proofs.md:136:- `.pi/extensions/goal/queue-tools.ts`
.ai/issues/open/ISSUE-021-goal-completion-proofs.md:144:- `.ai/issues/open/ISSUE-037-goal-queue-auto-continuation-after-complete.md`
.ai/issues/open/ISSUE-021-goal-completion-proofs.md:152:- `GoalState` has no proof gate or proof result fields today.
.ai/issues/open/ISSUE-021-goal-completion-proofs.md:153:- `state.ts` persists branch-replayable `pi-goal-state` custom entries. Optional proof fields can be added backward-compatibly if parsing remains defensive.
.ai/issues/open/ISSUE-021-goal-completion-proofs.md:154:- `tools.ts` owns the model-tool completion path and currently calls `decideGoalCompletion(...)` before non-active status side effects.
.ai/issues/open/ISSUE-021-goal-completion-proofs.md:165:- ISSUE-010 confirms completion telemetry must be based on actual successful tool results, not attempted status updates; proof-gate telemetry should follow the same principle.
.ai/issues/open/ISSUE-021-goal-completion-proofs.md:166:- `lifecycle.ts` marks completion from returned `details.goal.status === "complete"`; proof-blocked completion must return the current active goal in details, never a candidate complete goal.
.ai/issues/open/ISSUE-021-goal-completion-proofs.md:168:- Pi `exec` supports timeout/cwd and returns `killed`, but has no typed output-cap option; proof runner must cap output before persistence.
.ai/issues/open/ISSUE-021-goal-completion-proofs.md:170:- `queue-tools.ts` queue metadata does not carry arbitrary proof payloads; first release should configure proof gates after a concrete queued/template goal starts.
.ai/issues/open/ISSUE-021-goal-completion-proofs.md:171:- `format.ts`, `widget.ts`, and `ui.ts` show proof rendering must be compact to avoid crowding the existing card/status surfaces.
.ai/issues/open/ISSUE-021-goal-completion-proofs.md:179:Chosen: store effective proof gates and proof results on `GoalState` or adjacent replayed goal state, not only in prompt docs.
.ai/issues/open/ISSUE-021-goal-completion-proofs.md:181:Rationale: `GoalState` is the completion gate source of truth and is replayed through `/tree`. Prompt templates may populate proof gates later, but completion must evaluate the persisted effective gates.
.ai/issues/open/ISSUE-021-goal-completion-proofs.md:218:- Proof result records gate config hash, a goal content/proof-config fingerprint, cwd, started/completed timestamps, exit code, timeout flag, and bounded output excerpt.
.ai/issues/open/ISSUE-021-goal-completion-proofs.md:221:- Add a `freshness` mode with at least `goal_state` and `worktree_status`. For `worktree_status`, follow `.ai/docs/issue-workflow/ISSUE-021-goal-completion-proofs/23-worktree-freshness-design.md`: capture the post-proof `git status --short --untracked-files=all` fingerprint for the resolved cwd and require it to match before completion.
.ai/issues/open/ISSUE-021-goal-completion-proofs.md:235:- Add model tools for proof management in a dedicated `proof-tools.ts` module wired from `tools.ts`, mirroring `queue-tools.ts` instead of growing `tools.ts` directly:
.ai/issues/open/ISSUE-021-goal-completion-proofs.md:253:- `update_goal(status:"complete")` is deferred when any required proof is missing, stale, timed out, or failed.
.ai/issues/open/ISSUE-021-goal-completion-proofs.md:258:- Existing floor/budget/queue behavior remains green.
.ai/issues/open/ISSUE-021-goal-completion-proofs.md:286:  replay_probe,"issue doc","cd /Users/bryan/dev/personal/experiments/pi-goals && node .ai/validation/goal-proof-replay-probe.mjs","exit 0; proof gates/results survive replay; goal/proof config changes stale results; token/time accounting alone does not stale",run,"guards branch replay compatibility and freshness precision"
.ai/issues/open/ISSUE-021-goal-completion-proofs.md:296:issue{id,status,kind,goal}:
.ai/issues/open/ISSUE-021-goal-completion-proofs.md:322:  "worktree_status","goal_state stale or current git status fingerprint differs from post-proof fingerprint captured for resolved cwd"
.ai/issues/open/ISSUE-021-goal-completion-proofs.md:327:  "v3","stale proof result blocks completion after goal/proof/worktree change","replay/freshness probe"
.pi/extensions/goal/command.ts:9:	createGoalState,
.pi/extensions/goal/command.ts:17:import { parseQueueBlockItems, type QueueBlockItem } from "./queue-block-parser";
.pi/extensions/goal/command.ts:18:import { getQueue, enqueueGoal, persistEnqueue } from "./queue-state";
.pi/extensions/goal/command.ts:20:import type { GoalCommandScheduler, GoalContinuationCanceller, GoalMonitorCanceller, GoalMonitorScheduler, GoalPauseInterrupter, GoalQueueSteeringSender, GoalState } from "./types";
.pi/extensions/goal/command.ts:23:	name: "pause" | "resume" | "clear" | "queue";
.pi/extensions/goal/command.ts:31:	{ name: "queue", description: "List queued goals or enqueue a new goal" },
.pi/extensions/goal/command.ts:52:	if (/^queue\s/.test(query)) return templateCompletions(query.slice("queue".length).trimStart(), "queue ");
.pi/extensions/goal/command.ts:126:	if (firstToken === "queue") {
.pi/extensions/goal/command.ts:185:				const queued = enqueueGoal(validation.objective, "command");
.pi/extensions/goal/command.ts:186:				persistEnqueue(pi, queued);
.pi/extensions/goal/command.ts:187:				notifyInfo(ctx, `Queued goal: ${queued.queueId}`);
.pi/extensions/goal/command.ts:197:	const goal = createGoalState({ objective: validation.objective });
.pi/extensions/goal/command.ts:226:	const paused: GoalState = { ...goal, status: "paused", updatedAt: Date.now() };
.pi/extensions/goal/command.ts:238:	const queue = getQueue();
.pi/extensions/goal/command.ts:240:		if (queue.length > 0) {
.pi/extensions/goal/command.ts:242:			notifyInfo(ctx, `No active goal. Resuming queued goal processing for ${queue.length} queued goal${queue.length > 1 ? "s" : ""}.`);
.pi/extensions/goal/command.ts:248:	if (goal.status === "complete") {
.pi/extensions/goal/command.ts:249:		if (queue.length > 0) {
.pi/extensions/goal/command.ts:251:			notifyInfo(ctx, `Goal is complete. Resuming queued goal processing for ${queue.length} queued goal${queue.length > 1 ? "s" : ""}.`);
.pi/extensions/goal/command.ts:263:	const active: GoalState = { ...goal, status: "active", updatedAt: Date.now() };
.pi/extensions/goal/command.ts:280:	const queue = getQueue();
.pi/extensions/goal/command.ts:281:	if (queue.length > 0) sendQueueSteering("goal-clear");

$ git worktree list --porcelain | head -120
worktree /Users/bryan/dev/personal/experiments/pi-goals
HEAD 3e508bd126d8e28813a7fd58b65e6ac1d1a03a7e
branch refs/heads/develop


$ git status --short --untracked-files=all .ai/issues/refine .ai/issues/open .ai/docs/issue-workflow/ISSUE-018-goal-start-in-worktree .pi/extensions/goal | head -220
?? .ai/docs/issue-workflow/ISSUE-018-goal-start-in-worktree/raw/commands.log
$ sentrux gate --save .pi/extensions/goal
Scanning .pi/extensions/goal...
[build_project_map] 30 files, 2 unique dirs, 2 cache misses, 0.1ms
[resolve] 112 resolved, 22 unresolved (of 134 total specs)
[resolve_imports] project_map 0.1ms, suffix_idx 0.1ms, suffix_resolve 1.0ms, total 1.2ms
[build_graphs] 30 files | maps 0.0ms, imports 1.2ms, calls+inherit 0.4ms, total 1.7ms | 111 import, 591 call, 0 inherit edges
Baseline saved to .pi/extensions/goal/.sentrux/baseline.json
Quality: 6241

Run `sentrux gate` after making changes to compare.
sentrux_exit=0

## API/session cwd probe
$ rg -n "interface ExtensionAPI|exec\(|appendEntry|registerCommand|sendMessage|newSession|switchSession|cwd" /Users/bryan/dev/_state/personal/npm-tools/pi/lib/node_modules/@earendil-works/pi-coding-agent/dist/core/extensions/types.d.ts | head -160
213:    cwd: string;
245:    newSession(options?: {
269:    switchSession(sessionPath: string, options?: {
280: * This is passed to `withSession()` callbacks on `newSession()`, `fork()`, and `switchSession()`.
283:    sendMessage<T = unknown>(message: Pick<CustomMessage<T>, "customType" | "content" | "display" | "details">, options?: {
311:    cwd: string;
372:    cwd: string;
562:    cwd: string;
783:export interface ExtensionAPI {
816:    registerCommand(name: string, options: Omit<RegisteredCommand, "name" | "sourceInfo">): void;
833:    sendMessage<T = unknown>(message: Pick<CustomMessage<T>, "customType" | "content" | "display" | "details">, options?: {
845:    appendEntry<T = unknown>(customType: string, data?: T): void;
853:    exec(command: string, args: string[], options?: ExecOptions): Promise<ExecResult>;
1075:    sendMessage: SendMessageHandler;
1077:    appendEntry: AppendEntryHandler;
1111:    newSession: (options?: {
1132:    switchSession: (sessionPath: string, options?: {

$ rg -n "exec\(|newSession\(|switchSession\(|worktree" /Users/bryan/dev/_state/personal/npm-tools/pi/lib/node_modules/@earendil-works/pi-coding-agent/examples /Users/bryan/dev/_state/personal/npm-tools/pi/lib/node_modules/@earendil-works/pi-coding-agent/docs 2>/dev/null | head -120
/Users/bryan/dev/_state/personal/npm-tools/pi/lib/node_modules/@earendil-works/pi-coding-agent/docs/session-format.md:194:For sessions with a parent (created via `/fork`, `/clone`, or `newSession({ parentSession })`):
/Users/bryan/dev/_state/personal/npm-tools/pi/lib/node_modules/@earendil-works/pi-coding-agent/docs/session-format.md:377:- `newSession(options?)` - Start a new session (options: `{ parentSession?: string }`)
/Users/bryan/dev/_state/personal/npm-tools/pi/lib/node_modules/@earendil-works/pi-coding-agent/docs/sdk.md:159:- `newSession()`
/Users/bryan/dev/_state/personal/npm-tools/pi/lib/node_modules/@earendil-works/pi-coding-agent/docs/sdk.md:160:- `switchSession()`
/Users/bryan/dev/_state/personal/npm-tools/pi/lib/node_modules/@earendil-works/pi-coding-agent/docs/sdk.md:177:await runtime.newSession();
/Users/bryan/dev/_state/personal/npm-tools/pi/lib/node_modules/@earendil-works/pi-coding-agent/docs/sdk.md:743:await runtime.newSession();
/Users/bryan/dev/_state/personal/npm-tools/pi/lib/node_modules/@earendil-works/pi-coding-agent/docs/sdk.md:746:await runtime.switchSession("/path/to/session.jsonl");
/Users/bryan/dev/_state/personal/npm-tools/pi/lib/node_modules/@earendil-works/pi-coding-agent/examples/sdk/13-session-runtime.ts:56:await runtime.newSession();
/Users/bryan/dev/_state/personal/npm-tools/pi/lib/node_modules/@earendil-works/pi-coding-agent/examples/sdk/13-session-runtime.ts:58:console.log("After newSession():", session.sessionFile);
/Users/bryan/dev/_state/personal/npm-tools/pi/lib/node_modules/@earendil-works/pi-coding-agent/examples/sdk/13-session-runtime.ts:61:	await runtime.switchSession(originalSessionFile);
/Users/bryan/dev/_state/personal/npm-tools/pi/lib/node_modules/@earendil-works/pi-coding-agent/examples/sdk/13-session-runtime.ts:63:	console.log("After switchSession():", session.sessionFile);
/Users/bryan/dev/_state/personal/npm-tools/pi/lib/node_modules/@earendil-works/pi-coding-agent/examples/extensions/inline-bash.ts:45:		let match = PATTERN.exec(text);
/Users/bryan/dev/_state/personal/npm-tools/pi/lib/node_modules/@earendil-works/pi-coding-agent/examples/extensions/inline-bash.ts:48:			match = PATTERN.exec(text);
/Users/bryan/dev/_state/personal/npm-tools/pi/lib/node_modules/@earendil-works/pi-coding-agent/examples/extensions/inline-bash.ts:54:				const bashResult = await pi.exec("bash", ["-c", command], {
/Users/bryan/dev/_state/personal/npm-tools/pi/lib/node_modules/@earendil-works/pi-coding-agent/docs/extensions.md:793:      exec(command, cwd, options) {
/Users/bryan/dev/_state/personal/npm-tools/pi/lib/node_modules/@earendil-works/pi-coding-agent/docs/extensions.md:794:        return local.exec(`source ~/.profile\n${command}`, cwd, options);
/Users/bryan/dev/_state/personal/npm-tools/pi/lib/node_modules/@earendil-works/pi-coding-agent/docs/extensions.md:991:### ctx.newSession(options?)
/Users/bryan/dev/_state/personal/npm-tools/pi/lib/node_modules/@earendil-works/pi-coding-agent/docs/extensions.md:999:const result = await ctx.newSession({
/Users/bryan/dev/_state/personal/npm-tools/pi/lib/node_modules/@earendil-works/pi-coding-agent/docs/extensions.md:1069:### ctx.switchSession(sessionPath, options?)
/Users/bryan/dev/_state/personal/npm-tools/pi/lib/node_modules/@earendil-works/pi-coding-agent/docs/extensions.md:1074:const result = await ctx.switchSession("/path/to/session.jsonl", {
/Users/bryan/dev/_state/personal/npm-tools/pi/lib/node_modules/@earendil-works/pi-coding-agent/docs/extensions.md:1102:      await ctx.switchSession(choice, {
/Users/bryan/dev/_state/personal/npm-tools/pi/lib/node_modules/@earendil-works/pi-coding-agent/docs/extensions.md:1129:    await ctx.newSession({
/Users/bryan/dev/_state/personal/npm-tools/pi/lib/node_modules/@earendil-works/pi-coding-agent/docs/extensions.md:1144:    await ctx.newSession({
/Users/bryan/dev/_state/personal/npm-tools/pi/lib/node_modules/@earendil-works/pi-coding-agent/docs/extensions.md:1474:### pi.exec(command, args, options?)
/Users/bryan/dev/_state/personal/npm-tools/pi/lib/node_modules/@earendil-works/pi-coding-agent/docs/extensions.md:1479:const result = await pi.exec("git", ["status"], { signal, timeout: 5000 });
/Users/bryan/dev/_state/personal/npm-tools/pi/lib/node_modules/@earendil-works/pi-coding-agent/docs/extensions.md:1743:    const result = await pi.exec("some-command", [], { signal });
/Users/bryan/dev/_state/personal/npm-tools/pi/lib/node_modules/@earendil-works/pi-coding-agent/examples/extensions/dirty-repo-guard.ts:16:	const { stdout, code } = await pi.exec("git", ["status", "--porcelain"]);
/Users/bryan/dev/_state/personal/npm-tools/pi/lib/node_modules/@earendil-works/pi-coding-agent/examples/extensions/border-status-editor.ts:113:			const result = await pi.exec("git", ["branch", "--show-current"], { cwd: ctx.cwd }).catch(() => undefined);
/Users/bryan/dev/_state/personal/npm-tools/pi/lib/node_modules/@earendil-works/pi-coding-agent/examples/extensions/shutdown-command.ts:51:			// const result = await pi.exec("npm", ["run", "deploy", params.environment], { signal });
/Users/bryan/dev/_state/personal/npm-tools/pi/lib/node_modules/@earendil-works/pi-coding-agent/examples/extensions/github-issue-autocomplete.ts:43:	const result = await pi.exec("git", ["remote", "-v"], { cwd, timeout: 5_000 });
/Users/bryan/dev/_state/personal/npm-tools/pi/lib/node_modules/@earendil-works/pi-coding-agent/examples/extensions/github-issue-autocomplete.ts:144:				const result = await pi.exec(
/Users/bryan/dev/_state/personal/npm-tools/pi/lib/node_modules/@earendil-works/pi-coding-agent/examples/extensions/sandbox/index.ts:134:		async exec(command, cwd, { onData, signal, timeout }) {
/Users/bryan/dev/_state/personal/npm-tools/pi/lib/node_modules/@earendil-works/pi-coding-agent/examples/extensions/doom-overlay/doom/build/doom.js:8:var Module=moduleArg;var readyPromiseResolve,readyPromiseReject;var readyPromise=new Promise((resolve,reject)=>{readyPromiseResolve=resolve;readyPromiseReject=reject});var ENVIRONMENT_IS_WORKER=false;var ENVIRONMENT_IS_NODE=true;if(ENVIRONMENT_IS_NODE){}var moduleOverrides={...Module};var arguments_=[];var thisProgram="./this.program";var quit_=(status,toThrow)=>{throw toThrow};var scriptDirectory="";function locateFile(path){if(Module["locateFile"]){return Module["locateFile"](path,scriptDirectory)}return scriptDirectory+path}var readAsync,readBinary;if(ENVIRONMENT_IS_NODE){var fs=require("fs");var nodePath=require("path");scriptDirectory=__dirname+"/";readBinary=filename=>{filename=isFileURI(filename)?new URL(filename):filename;var ret=fs.readFileSync(filename);return ret};readAsync=async(filename,binary=true)=>{filename=isFileURI(filename)?new URL(filename):filename;var ret=fs.readFileSync(filename,binary?undefined:"utf8");return ret};if(!Module["thisProgram"]&&process.argv.length>1){thisProgram=process.argv[1].replace(/\\/g,"/")}arguments_=process.argv.slice(2);quit_=(status,toThrow)=>{process.exitCode=status;throw toThrow}}else{}var out=Module["print"]||console.log.bind(console);var err=Module["printErr"]||console.error.bind(console);Object.assign(Module,moduleOverrides);moduleOverrides=null;if(Module["arguments"])arguments_=Module["arguments"];if(Module["thisProgram"])thisProgram=Module["thisProgram"];var wasmBinary=Module["wasmBinary"];var wasmMemory;var ABORT=false;var EXITSTATUS;var HEAP8,HEAPU8,HEAP16,HEAPU16,HEAP32,HEAPU32,HEAPF32,HEAP64,HEAPU64,HEAPF64;var runtimeInitialized=false;var isFileURI=filename=>filename.startsWith("file://");function updateMemoryViews(){var b=wasmMemory.buffer;Module["HEAP8"]=HEAP8=new Int8Array(b);Module["HEAP16"]=HEAP16=new Int16Array(b);Module["HEAPU8"]=HEAPU8=new Uint8Array(b);Module["HEAPU16"]=HEAPU16=new Uint16Array(b);Module["HEAP32"]=HEAP32=new Int32Array(b);Module["HEAPU32"]=HEAPU32=new Uint32Array(b);Module["HEAPF32"]=HEAPF32=new Float32Array(b);Module["HEAPF64"]=HEAPF64=new Float64Array(b);Module["HEAP64"]=HEAP64=new BigInt64Array(b);Module["HEAPU64"]=HEAPU64=new BigUint64Array(b)}function preRun(){if(Module["preRun"]){if(typeof Module["preRun"]=="function")Module["preRun"]=[Module["preRun"]];while(Module["preRun"].length){addOnPreRun(Module["preRun"].shift())}}callRuntimeCallbacks(onPreRuns)}function initRuntime(){runtimeInitialized=true;if(!Module["noFSInit"]&&!FS.initialized)FS.init();TTY.init();wasmExports["__wasm_call_ctors"]();FS.ignorePermissions=false}function postRun(){if(Module["postRun"]){if(typeof Module["postRun"]=="function")Module["postRun"]=[Module["postRun"]];while(Module["postRun"].length){addOnPostRun(Module["postRun"].shift())}}callRuntimeCallbacks(onPostRuns)}var runDependencies=0;var dependenciesFulfilled=null;function getUniqueRunDependency(id){return id}function addRunDependency(id){runDependencies++;Module["monitorRunDependencies"]?.(runDependencies)}function removeRunDependency(id){runDependencies--;Module["monitorRunDependencies"]?.(runDependencies);if(runDependencies==0){if(dependenciesFulfilled){var callback=dependenciesFulfilled;dependenciesFulfilled=null;callback()}}}function abort(what){Module["onAbort"]?.(what);what="Aborted("+what+")";err(what);ABORT=true;what+=". Build with -sASSERTIONS for more info.";var e=new WebAssembly.RuntimeError(what);readyPromiseReject(e);throw e}var wasmBinaryFile;function findWasmBinary(){return locateFile("doom.wasm")}function getBinarySync(file){if(file==wasmBinaryFile&&wasmBinary){return new Uint8Array(wasmBinary)}if(readBinary){return readBinary(file)}throw"both async and sync fetching of the wasm failed"}async function getWasmBinary(binaryFile){if(!wasmBinary){try{var response=await readAsync(binaryFile);return new Uint8Array(response)}catch{}}return getBinarySync(binaryFile)}async function instantiateArrayBuffer(binaryFile,imports){try{var binary=await getWasmBinary(binaryFile);var instance=await WebAssembly.instantiate(binary,imports);return instance}catch(reason){err(`failed to asynchronously prepare wasm: ${reason}`);abort(reason)}}async function instantiateAsync(binary,binaryFile,imports){if(!binary&&typeof WebAssembly.instantiateStreaming=="function"&&!ENVIRONMENT_IS_NODE){try{var response=fetch(binaryFile,{credentials:"same-origin"});var instantiationResult=await WebAssembly.instantiateStreaming(response,imports);return instantiationResult}catch(reason){err(`wasm streaming compile failed: ${reason}`);err("falling back to ArrayBuffer instantiation")}}return instantiateArrayBuffer(binaryFile,imports)}function getWasmImports(){return{env:wasmImports,wasi_snapshot_preview1:wasmImports}}async function createWasm(){function receiveInstance(instance,module){wasmExports=instance.exports;wasmMemory=wasmExports["memory"];updateMemoryViews();removeRunDependency("wasm-instantiate");return wasmExports}addRunDependency("wasm-instantiate");function receiveInstantiationResult(result){return receiveInstance(result["instance"])}var info=getWasmImports();if(Module["instantiateWasm"]){return new Promise((resolve,reject)=>{Module["instantiateWasm"](info,(mod,inst)=>{receiveInstance(mod,inst);resolve(mod.exports)})})}wasmBinaryFile??=findWasmBinary();try{var result=await instantiateAsync(wasmBinary,wasmBinaryFile,info);var exports=receiveInstantiationResult(result);return exports}catch(e){readyPromiseReject(e);return Promise.reject(e)}}class ExitStatus{name="ExitStatus";constructor(status){this.message=`Program terminated with exit(${status})`;this.status=status}}var callRuntimeCallbacks=callbacks=>{while(callbacks.length>0){callbacks.shift()(Module)}};var onPostRuns=[];var addOnPostRun=cb=>onPostRuns.unshift(cb);var onPreRuns=[];var addOnPreRun=cb=>onPreRuns.unshift(cb);function getValue(ptr,type="i8"){if(type.endsWith("*"))type="*";switch(type){case"i1":return HEAP8[ptr];case"i8":return HEAP8[ptr];case"i16":return HEAP16[ptr>>1];case"i32":return HEAP32[ptr>>2];case"i64":return HEAP64[ptr>>3];case"float":return HEAPF32[ptr>>2];case"double":return HEAPF64[ptr>>3];case"*":return HEAPU32[ptr>>2];default:abort(`invalid type for getValue: ${type}`)}}var noExitRuntime=Module["noExitRuntime"]||true;function setValue(ptr,value,type="i8"){if(type.endsWith("*"))type="*";switch(type){case"i1":HEAP8[ptr]=value;break;case"i8":HEAP8[ptr]=value;break;case"i16":HEAP16[ptr>>1]=value;break;case"i32":HEAP32[ptr>>2]=value;break;case"i64":HEAP64[ptr>>3]=BigInt(value);break;case"float":HEAPF32[ptr>>2]=value;break;case"double":HEAPF64[ptr>>3]=value;break;case"*":HEAPU32[ptr>>2]=value;break;default:abort(`invalid type for setValue: ${type}`)}}var stackRestore=val=>__emscripten_stack_restore(val);var stackSave=()=>_emscripten_stack_get_current();var syscallGetVarargI=()=>{var ret=HEAP32[+SYSCALLS.varargs>>2];SYSCALLS.varargs+=4;return ret};var syscallGetVarargP=syscallGetVarargI;var PATH={isAbs:path=>path.charAt(0)==="/",splitPath:filename=>{var splitPathRe=/^(\/?|)([\s\S]*?)((?:\.{1,2}|[^\/]+?|)(\.[^.\/]*|))(?:[\/]*)$/;return splitPathRe.exec(filename).slice(1)},normalizeArray:(parts,allowAboveRoot)=>{var up=0;for(var i=parts.length-1;i>=0;i--){var last=parts[i];if(last==="."){parts.splice(i,1)}else if(last===".."){parts.splice(i,1);up++}else if(up){parts.splice(i,1);up--}}if(allowAboveRoot){for(;up;up--){parts.unshift("..")}}return parts},normalize:path=>{var isAbsolute=PATH.isAbs(path),trailingSlash=path.slice(-1)==="/";path=PATH.normalizeArray(path.split("/").filter(p=>!!p),!isAbsolute).join("/");if(!path&&!isAbsolute){path="."}if(path&&trailingSlash){path+="/"}return(isAbsolute?"/":"")+path},dirname:path=>{var result=PATH.splitPath(path),root=result[0],dir=result[1];if(!root&&!dir){return"."}if(dir){dir=dir.slice(0,-1)}return root+dir},basename:path=>path&&path.match(/([^\/]+|\/)\/*$/)[1],join:(...paths)=>PATH.normalize(paths.join("/")),join2:(l,r)=>PATH.normalize(l+"/"+r)};var initRandomFill=()=>{if(ENVIRONMENT_IS_NODE){var nodeCrypto=require("crypto");return view=>nodeCrypto.randomFillSync(view)}return view=>crypto.getRandomValues(view)};var randomFill=view=>{(randomFill=initRandomFill())(view)};var PATH_FS={resolve:(...args)=>{var resolvedPath="",resolvedAbsolute=false;for(var i=args.length-1;i>=-1&&!resolvedAbsolute;i--){var path=i>=0?args[i]:FS.cwd();if(typeof path!="string"){throw new TypeError("Arguments to path.resolve must be strings")}else if(!path){return""}resolvedPath=path+"/"+resolvedPath;resolvedAbsolute=PATH.isAbs(path)}resolvedPath=PATH.normalizeArray(resolvedPath.split("/").filter(p=>!!p),!resolvedAbsolute).join("/");return(resolvedAbsolute?"/":"")+resolvedPath||"."},relative:(from,to)=>{from=PATH_FS.resolve(from).slice(1);to=PATH_FS.resolve(to).slice(1);function trim(arr){var start=0;for(;start<arr.length;start++){if(arr[start]!=="")break}var end=arr.length-1;for(;end>=0;end--){if(arr[end]!=="")break}if(start>end)return[];return arr.slice(start,end-start+1)}var fromParts=trim(from.split("/"));var toParts=trim(to.split("/"));var length=Math.min(fromParts.length,toParts.length);var samePartsLength=length;for(var i=0;i<length;i++){if(fromParts[i]!==toParts[i]){samePartsLength=i;break}}var outputParts=[];for(var i=samePartsLength;i<fromParts.length;i++){outputParts.push("..")}outputParts=outputParts.concat(toParts.slice(samePartsLength));return outputParts.join("/")}};var UTF8Decoder=typeof TextDecoder!="undefined"?new TextDecoder:undefined;var UTF8ArrayToString=(heapOrArray,idx=0,maxBytesToRead=NaN)=>{var endIdx=idx+maxBytesToRead;var endPtr=idx;while(heapOrArray[endPtr]&&!(endPtr>=endIdx))++endPtr;if(endPtr-idx>16&&heapOrArray.buffer&&UTF8Decoder){return UTF8Decoder.decode(heapOrArray.subarray(idx,endPtr))}var str="";while(idx<endPtr){var u0=heapOrArray[idx++];if(!(u0&128)){str+=String.fromCharCode(u0);continue}var u1=heapOrArray[idx++]&63;if((u0&224)==192){str+=String.fromCharCode((u0&31)<<6|u1);continue}var u2=heapOrArray[idx++]&63;if((u0&240)==224){u0=(u0&15)<<12|u1<<6|u2}else{u0=(u0&7)<<18|u1<<12|u2<<6|heapOrArray[idx++]&63}if(u0<65536){str+=String.fromCharCode(u0)}else{var ch=u0-65536;str+=String.fromCharCode(55296|ch>>10,56320|ch&1023)}}return str};var FS_stdin_getChar_buffer=[];var lengthBytesUTF8=str=>{var len=0;for(var i=0;i<str.length;++i){var c=str.charCodeAt(i);if(c<=127){len++}else if(c<=2047){len+=2}else if(c>=55296&&c<=57343){len+=4;++i}else{len+=3}}return len};var stringToUTF8Array=(str,heap,outIdx,maxBytesToWrite)=>{if(!(maxBytesToWrite>0))return 0;var startIdx=outIdx;var endIdx=outIdx+maxBytesToWrite-1;for(var i=0;i<str.length;++i){var u=str.charCodeAt(i);if(u>=55296&&u<=57343){var u1=str.charCodeAt(++i);u=65536+((u&1023)<<10)|u1&1023}if(u<=127){if(outIdx>=endIdx)break;heap[outIdx++]=u}else if(u<=2047){if(outIdx+1>=endIdx)break;heap[outIdx++]=192|u>>6;heap[outIdx++]=128|u&63}else if(u<=65535){if(outIdx+2>=endIdx)break;heap[outIdx++]=224|u>>12;heap[outIdx++]=128|u>>6&63;heap[outIdx++]=128|u&63}else{if(outIdx+3>=endIdx)break;heap[outIdx++]=240|u>>18;heap[outIdx++]=128|u>>12&63;heap[outIdx++]=128|u>>6&63;heap[outIdx++]=128|u&63}}heap[outIdx]=0;return outIdx-startIdx};var intArrayFromString=(stringy,dontAddNull,length)=>{var len=length>0?length:lengthBytesUTF8(stringy)+1;var u8array=new Array(len);var numBytesWritten=stringToUTF8Array(stringy,u8array,0,u8array.length);if(dontAddNull)u8array.length=numBytesWritten;return u8array};var FS_stdin_getChar=()=>{if(!FS_stdin_getChar_buffer.length){var result=null;if(ENVIRONMENT_IS_NODE){var BUFSIZE=256;var buf=Buffer.alloc(BUFSIZE);var bytesRead=0;var fd=process.stdin.fd;try{bytesRead=fs.readSync(fd,buf,0,BUFSIZE)}catch(e){if(e.toString().includes("EOF"))bytesRead=0;else throw e}if(bytesRead>0){result=buf.slice(0,bytesRead).toString("utf-8")}}else{}if(!result){return null}FS_stdin_getChar_buffer=intArrayFromString(result,true)}return FS_stdin_getChar_buffer.shift()};var TTY={ttys:[],init(){},shutdown(){},register(dev,ops){TTY.ttys[dev]={input:[],output:[],ops};FS.registerDevice(dev,TTY.stream_ops)},stream_ops:{open(stream){var tty=TTY.ttys[stream.node.rdev];if(!tty){throw new FS.ErrnoError(43)}stream.tty=tty;stream.seekable=false},close(stream){stream.tty.ops.fsync(stream.tty)},fsync(stream){stream.tty.ops.fsync(stream.tty)},read(stream,buffer,offset,length,pos){if(!stream.tty||!stream.tty.ops.get_char){throw new FS.ErrnoError(60)}var bytesRead=0;for(var i=0;i<length;i++){var result;try{result=stream.tty.ops.get_char(stream.tty)}catch(e){throw new FS.ErrnoError(29)}if(result===undefined&&bytesRead===0){throw new FS.ErrnoError(6)}if(result===null||result===undefined)break;bytesRead++;buffer[offset+i]=result}if(bytesRead){stream.node.atime=Date.now()}return bytesRead},write(stream,buffer,offset,length,pos){if(!stream.tty||!stream.tty.ops.put_char){throw new FS.ErrnoError(60)}try{for(var i=0;i<length;i++){stream.tty.ops.put_char(stream.tty,buffer[offset+i])}}catch(e){throw new FS.ErrnoError(29)}if(length){stream.node.mtime=stream.node.ctime=Date.now()}return i}},default_tty_ops:{get_char(tty){return FS_stdin_getChar()},put_char(tty,val){if(val===null||val===10){out(UTF8ArrayToString(tty.output));tty.output=[]}else{if(val!=0)tty.output.push(val)}},fsync(tty){if(tty.output?.length>0){out(UTF8ArrayToString(tty.output));tty.output=[]}},ioctl_tcgets(tty){return{c_iflag:25856,c_oflag:5,c_cflag:191,c_lflag:35387,c_cc:[3,28,127,21,4,0,1,0,17,19,26,0,18,15,23,22,0,0,0,0,0,0,0,0,0,0,0,0,0,0,0,0]}},ioctl_tcsets(tty,optional_actions,data){return 0},ioctl_tiocgwinsz(tty){return[24,80]}},default_tty1_ops:{put_char(tty,val){if(val===null||val===10){err(UTF8ArrayToString(tty.output));tty.output=[]}else{if(val!=0)tty.output.push(val)}},fsync(tty){if(tty.output?.length>0){err(UTF8ArrayToString(tty.output));tty.output=[]}}}};var mmapAlloc=size=>{abort()};var MEMFS={ops_table:null,mount(mount){return MEMFS.createNode(null,"/",16895,0)},createNode(parent,name,mode,dev){if(FS.isBlkdev(mode)||FS.isFIFO(mode)){throw new FS.ErrnoError(63)}MEMFS.ops_table||={dir:{node:{getattr:MEMFS.node_ops.getattr,setattr:MEMFS.node_ops.setattr,lookup:MEMFS.node_ops.lookup,mknod:MEMFS.node_ops.mknod,rename:MEMFS.node_ops.rename,unlink:MEMFS.node_ops.unlink,rmdir:MEMFS.node_ops.rmdir,readdir:MEMFS.node_ops.readdir,symlink:MEMFS.node_ops.symlink},stream:{llseek:MEMFS.stream_ops.llseek}},file:{node:{getattr:MEMFS.node_ops.getattr,setattr:MEMFS.node_ops.setattr},stream:{llseek:MEMFS.stream_ops.llseek,read:MEMFS.stream_ops.read,write:MEMFS.stream_ops.write,mmap:MEMFS.stream_ops.mmap,msync:MEMFS.stream_ops.msync}},link:{node:{getattr:MEMFS.node_ops.getattr,setattr:MEMFS.node_ops.setattr,readlink:MEMFS.node_ops.readlink},stream:{}},chrdev:{node:{getattr:MEMFS.node_ops.getattr,setattr:MEMFS.node_ops.setattr},stream:FS.chrdev_stream_ops}};var node=FS.createNode(parent,name,mode,dev);if(FS.isDir(node.mode)){node.node_ops=MEMFS.ops_table.dir.node;node.stream_ops=MEMFS.ops_table.dir.stream;node.contents={}}else if(FS.isFile(node.mode)){node.node_ops=MEMFS.ops_table.file.node;node.stream_ops=MEMFS.ops_table.file.stream;node.usedBytes=0;node.contents=null}else if(FS.isLink(node.mode)){node.node_ops=MEMFS.ops_table.link.node;node.stream_ops=MEMFS.ops_table.link.stream}else if(FS.isChrdev(node.mode)){node.node_ops=MEMFS.ops_table.chrdev.node;node.stream_ops=MEMFS.ops_table.chrdev.stream}node.atime=node.mtime=node.ctime=Date.now();if(parent){parent.contents[name]=node;parent.atime=parent.mtime=parent.ctime=node.atime}return node},getFileDataAsTypedArray(node){if(!node.contents)return new Uint8Array(0);if(node.contents.subarray)return node.contents.subarray(0,node.usedBytes);return new Uint8Array(node.contents)},expandFileStorage(node,newCapacity){var prevCapacity=node.contents?node.contents.length:0;if(prevCapacity>=newCapacity)return;var CAPACITY_DOUBLING_MAX=1024*1024;newCapacity=Math.max(newCapacity,prevCapacity*(prevCapacity<CAPACITY_DOUBLING_MAX?2:1.125)>>>0);if(prevCapacity!=0)newCapacity=Math.max(newCapacity,256);var oldContents=node.contents;node.contents=new Uint8Array(newCapacity);if(node.usedBytes>0)node.contents.set(oldContents.subarray(0,node.usedBytes),0)},resizeFileStorage(node,newSize){if(node.usedBytes==newSize)return;if(newSize==0){node.contents=null;node.usedBytes=0}else{var oldContents=node.contents;node.contents=new Uint8Array(newSize);if(oldContents){node.contents.set(oldContents.subarray(0,Math.min(newSize,node.usedBytes)))}node.usedBytes=newSize}},node_ops:{getattr(node){var attr={};attr.dev=FS.isChrdev(node.mode)?node.id:1;attr.ino=node.id;attr.mode=node.mode;attr.nlink=1;attr.uid=0;attr.gid=0;attr.rdev=node.rdev;if(FS.isDir(node.mode)){attr.size=4096}else if(FS.isFile(node.mode)){attr.size=node.usedBytes}else if(FS.isLink(node.mode)){attr.size=node.link.length}else{attr.size=0}attr.atime=new Date(node.atime);attr.mtime=new Date(node.mtime);attr.ctime=new Date(node.ctime);attr.blksize=4096;attr.blocks=Math.ceil(attr.size/attr.blksize);return attr},setattr(node,attr){for(const key of["mode","atime","mtime","ctime"]){if(attr[key]!=null){node[key]=attr[key]}}if(attr.size!==undefined){MEMFS.resizeFileStorage(node,attr.size)}},lookup(parent,name){throw MEMFS.doesNotExistError},mknod(parent,name,mode,dev){return MEMFS.createNode(parent,name,mode,dev)},rename(old_node,new_dir,new_name){var new_node;try{new_node=FS.lookupNode(new_dir,new_name)}catch(e){}if(new_node){if(FS.isDir(old_node.mode)){for(var i in new_node.contents){throw new FS.ErrnoError(55)}}FS.hashRemoveNode(new_node)}delete old_node.parent.contents[old_node.name];new_dir.contents[new_name]=old_node;old_node.name=new_name;new_dir.ctime=new_dir.mtime=old_node.parent.ctime=old_node.parent.mtime=Date.now()},unlink(parent,name){delete parent.contents[name];parent.ctime=parent.mtime=Date.now()},rmdir(parent,name){var node=FS.lookupNode(parent,name);for(var i in node.contents){throw new FS.ErrnoError(55)}delete parent.contents[name];parent.ctime=parent.mtime=Date.now()},readdir(node){return[".","..",...Object.keys(node.contents)]},symlink(parent,newname,oldpath){var node=MEMFS.createNode(parent,newname,511|40960,0);node.link=oldpath;return node},readlink(node){if(!FS.isLink(node.mode)){throw new FS.ErrnoError(28)}return node.link}},stream_ops:{read(stream,buffer,offset,length,position){var contents=stream.node.contents;if(position>=stream.node.usedBytes)return 0;var size=Math.min(stream.node.usedBytes-position,length);if(size>8&&contents.subarray){buffer.set(contents.subarray(position,position+size),offset)}else{for(var i=0;i<size;i++)buffer[offset+i]=contents[position+i]}return size},write(stream,buffer,offset,length,position,canOwn){if(buffer.buffer===HEAP8.buffer){canOwn=false}if(!length)return 0;var node=stream.node;node.mtime=node.ctime=Date.now();if(buffer.subarray&&(!node.contents||node.contents.subarray)){if(canOwn){node.contents=buffer.subarray(offset,offset+length);node.usedBytes=length;return length}else if(node.usedBytes===0&&position===0){node.contents=buffer.slice(offset,offset+length);node.usedBytes=length;return length}else if(position+length<=node.usedBytes){node.contents.set(buffer.subarray(offset,offset+length),position);return length}}MEMFS.expandFileStorage(node,position+length);if(node.contents.subarray&&buffer.subarray){node.contents.set(buffer.subarray(offset,offset+length),position)}else{for(var i=0;i<length;i++){node.contents[position+i]=buffer[offset+i]}}node.usedBytes=Math.max(node.usedBytes,position+length);return length},llseek(stream,offset,whence){var position=offset;if(whence===1){position+=stream.position}else if(whence===2){if(FS.isFile(stream.node.mode)){position+=stream.node.usedBytes}}if(position<0){throw new FS.ErrnoError(28)}return position},mmap(stream,length,position,prot,flags){if(!FS.isFile(stream.node.mode)){throw new FS.ErrnoError(43)}var ptr;var allocated;var contents=stream.node.contents;if(!(flags&2)&&contents&&contents.buffer===HEAP8.buffer){allocated=false;ptr=contents.byteOffset}else{allocated=true;ptr=mmapAlloc(length);if(!ptr){throw new FS.ErrnoError(48)}if(contents){if(position>0||position+length<contents.length){if(contents.subarray){contents=contents.subarray(position,position+length)}else{contents=Array.prototype.slice.call(contents,position,position+length)}}HEAP8.set(contents,ptr)}}return{ptr,allocated}},msync(stream,buffer,offset,length,mmapFlags){MEMFS.stream_ops.write(stream,buffer,0,length,offset,false);return 0}}};var asyncLoad=async url=>{var arrayBuffer=await readAsync(url);return new Uint8Array(arrayBuffer)};var FS_createDataFile=(parent,name,fileData,canRead,canWrite,canOwn)=>{FS.createDataFile(parent,name,fileData,canRead,canWrite,canOwn)};var preloadPlugins=Module["preloadPlugins"]||[];var FS_handledByPreloadPlugin=(byteArray,fullname,finish,onerror)=>{if(typeof Browser!="undefined")Browser.init();var handled=false;preloadPlugins.forEach(plugin=>{if(handled)return;if(plugin["canHandle"](fullname)){plugin["handle"](byteArray,fullname,finish,onerror);handled=true}});return handled};var FS_createPreloadedFile=(parent,name,url,canRead,canWrite,onload,onerror,dontCreateFile,canOwn,preFinish)=>{var fullname=name?PATH_FS.resolve(PATH.join2(parent,name)):parent;var dep=getUniqueRunDependency(`cp ${fullname}`);function processData(byteArray){function finish(byteArray){preFinish?.();if(!dontCreateFile){FS_createDataFile(parent,name,byteArray,canRead,canWrite,canOwn)}onload?.();removeRunDependency(dep)}if(FS_handledByPreloadPlugin(byteArray,fullname,finish,()=>{onerror?.();removeRunDependency(dep)})){return}finish(byteArray)}addRunDependency(dep);if(typeof url=="string"){asyncLoad(url).then(processData,onerror)}else{processData(url)}};var FS_modeStringToFlags=str=>{var flagModes={r:0,"r+":2,w:512|64|1,"w+":512|64|2,a:1024|64|1,"a+":1024|64|2};var flags=flagModes[str];if(typeof flags=="undefined"){throw new Error(`Unknown file open mode: ${str}`)}return flags};var FS_getMode=(canRead,canWrite)=>{var mode=0;if(canRead)mode|=292|73;if(canWrite)mode|=146;return mode};var FS={root:null,mounts:[],devices:{},streams:[],nextInode:1,nameTable:null,currentPath:"/",initialized:false,ignorePermissions:true,filesystems:null,syncFSRequests:0,readFiles:{},ErrnoError:class{name="ErrnoError";constructor(errno){this.errno=errno}},FSStream:class{shared={};get object(){return this.node}set object(val){this.node=val}get isRead(){return(this.flags&2097155)!==1}get isWrite(){return(this.flags&2097155)!==0}get isAppend(){return this.flags&1024}get flags(){return this.shared.flags}set flags(val){this.shared.flags=val}get position(){return this.shared.position}set position(val){this.shared.position=val}},FSNode:class{node_ops={};stream_ops={};readMode=292|73;writeMode=146;mounted=null;constructor(parent,name,mode,rdev){if(!parent){parent=this}this.parent=parent;this.mount=parent.mount;this.id=FS.nextInode++;this.name=name;this.mode=mode;this.rdev=rdev;this.atime=this.mtime=this.ctime=Date.now()}get read(){return(this.mode&this.readMode)===this.readMode}set read(val){val?this.mode|=this.readMode:this.mode&=~this.readMode}get write(){return(this.mode&this.writeMode)===this.writeMode}set write(val){val?this.mode|=this.writeMode:this.mode&=~this.writeMode}get isFolder(){return FS.isDir(this.mode)}get isDevice(){return FS.isChrdev(this.mode)}},lookupPath(path,opts={}){if(!path){throw new FS.ErrnoError(44)}opts.follow_mount??=true;if(!PATH.isAbs(path)){path=FS.cwd()+"/"+path}linkloop:for(var nlinks=0;nlinks<40;nlinks++){var parts=path.split("/").filter(p=>!!p);var current=FS.root;var current_path="/";for(var i=0;i<parts.length;i++){var islast=i===parts.length-1;if(islast&&opts.parent){break}if(parts[i]==="."){continue}if(parts[i]===".."){current_path=PATH.dirname(current_path);current=current.parent;continue}current_path=PATH.join2(current_path,parts[i]);try{current=FS.lookupNode(current,parts[i])}catch(e){if(e?.errno===44&&islast&&opts.noent_okay){return{path:current_path}}throw e}if(FS.isMountpoint(current)&&(!islast||opts.follow_mount)){current=current.mounted.root}if(FS.isLink(current.mode)&&(!islast||opts.follow)){if(!current.node_ops.readlink){throw new FS.ErrnoError(52)}var link=current.node_ops.readlink(current);if(!PATH.isAbs(link)){link=PATH.dirname(current_path)+"/"+link}path=link+"/"+parts.slice(i+1).join("/");continue linkloop}}return{path:current_path,node:current}}throw new FS.ErrnoError(32)},getPath(node){var path;while(true){if(FS.isRoot(node)){var mount=node.mount.mountpoint;if(!path)return mount;return mount[mount.length-1]!=="/"?`${mount}/${path}`:mount+path}path=path?`${node.name}/${path}`:node.name;node=node.parent}},hashName(parentid,name){var hash=0;for(var i=0;i<name.length;i++){hash=(hash<<5)-hash+name.charCodeAt(i)|0}return(parentid+hash>>>0)%FS.nameTable.length},hashAddNode(node){var hash=FS.hashName(node.parent.id,node.name);node.name_next=FS.nameTable[hash];FS.nameTable[hash]=node},hashRemoveNode(node){var hash=FS.hashName(node.parent.id,node.name);if(FS.nameTable[hash]===node){FS.nameTable[hash]=node.name_next}else{var current=FS.nameTable[hash];while(current){if(current.name_next===node){current.name_next=node.name_next;break}current=current.name_next}}},lookupNode(parent,name){var errCode=FS.mayLookup(parent);if(errCode){throw new FS.ErrnoError(errCode)}var hash=FS.hashName(parent.id,name);for(var node=FS.nameTable[hash];node;node=node.name_next){var nodeName=node.name;if(node.parent.id===parent.id&&nodeName===name){return node}}return FS.lookup(parent,name)},createNode(parent,name,mode,rdev){var node=new FS.FSNode(parent,name,mode,rdev);FS.hashAddNode(node);return node},destroyNode(node){FS.hashRemoveNode(node)},isRoot(node){return node===node.parent},isMountpoint(node){return!!node.mounted},isFile(mode){return(mode&61440)===32768},isDir(mode){return(mode&61440)===16384},isLink(mode){return(mode&61440)===40960},isChrdev(mode){return(mode&61440)===8192},isBlkdev(mode){return(mode&61440)===24576},isFIFO(mode){return(mode&61440)===4096},isSocket(mode){return(mode&49152)===49152},flagsToPermissionString(flag){var perms=["r","w","rw"][flag&3];if(flag&512){perms+="w"}return perms},nodePermissions(node,perms){if(FS.ignorePermissions){return 0}if(perms.includes("r")&&!(node.mode&292)){return 2}else if(perms.includes("w")&&!(node.mode&146)){return 2}else if(perms.includes("x")&&!(node.mode&73)){return 2}return 0},mayLookup(dir){if(!FS.isDir(dir.mode))return 54;var errCode=FS.nodePermissions(dir,"x");if(errCode)return errCode;if(!dir.node_ops.lookup)return 2;return 0},mayCreate(dir,name){if(!FS.isDir(dir.mode)){return 54}try{var node=FS.lookupNode(dir,name);return 20}catch(e){}return FS.nodePermissions(dir,"wx")},mayDelete(dir,name,isdir){var node;try{node=FS.lookupNode(dir,name)}catch(e){return e.errno}var errCode=FS.nodePermissions(dir,"wx");if(errCode){return errCode}if(isdir){if(!FS.isDir(node.mode)){return 54}if(FS.isRoot(node)||FS.getPath(node)===FS.cwd()){return 10}}else{if(FS.isDir(node.mode)){return 31}}return 0},mayOpen(node,flags){if(!node){return 44}if(FS.isLink(node.mode)){return 32}else if(FS.isDir(node.mode)){if(FS.flagsToPermissionString(flags)!=="r"||flags&(512|64)){return 31}}return FS.nodePermissions(node,FS.flagsToPermissionString(flags))},checkOpExists(op,err){if(!op){throw new FS.ErrnoError(err)}return op},MAX_OPEN_FDS:4096,nextfd(){for(var fd=0;fd<=FS.MAX_OPEN_FDS;fd++){if(!FS.streams[fd]){return fd}}throw new FS.ErrnoError(33)},getStreamChecked(fd){var stream=FS.getStream(fd);if(!stream){throw new FS.ErrnoError(8)}return stream},getStream:fd=>FS.streams[fd],createStream(stream,fd=-1){stream=Object.assign(new FS.FSStream,stream);if(fd==-1){fd=FS.nextfd()}stream.fd=fd;FS.streams[fd]=stream;return stream},closeStream(fd){FS.streams[fd]=null},dupStream(origStream,fd=-1){var stream=FS.createStream(origStream,fd);stream.stream_ops?.dup?.(stream);return stream},doSetAttr(stream,node,attr){var setattr=stream?.stream_ops.setattr;var arg=setattr?stream:node;setattr??=node.node_ops.setattr;FS.checkOpExists(setattr,63);setattr(arg,attr)},chrdev_stream_ops:{open(stream){var device=FS.getDevice(stream.node.rdev);stream.stream_ops=device.stream_ops;stream.stream_ops.open?.(stream)},llseek(){throw new FS.ErrnoError(70)}},major:dev=>dev>>8,minor:dev=>dev&255,makedev:(ma,mi)=>ma<<8|mi,registerDevice(dev,ops){FS.devices[dev]={stream_ops:ops}},getDevice:dev=>FS.devices[dev],getMounts(mount){var mounts=[];var check=[mount];while(check.length){var m=check.pop();mounts.push(m);check.push(...m.mounts)}return mounts},syncfs(populate,callback){if(typeof populate=="function"){callback=populate;populate=false}FS.syncFSRequests++;if(FS.syncFSRequests>1){err(`warning: ${FS.syncFSRequests} FS.syncfs operations in flight at once, probably just doing extra work`)}var mounts=FS.getMounts(FS.root.mount);var completed=0;function doCallback(errCode){FS.syncFSRequests--;return callback(errCode)}function done(errCode){if(errCode){if(!done.errored){done.errored=true;return doCallback(errCode)}return}if(++completed>=mounts.length){doCallback(null)}}mounts.forEach(mount=>{if(!mount.type.syncfs){return done(null)}mount.type.syncfs(mount,populate,done)})},mount(type,opts,mountpoint){var root=mountpoint==="/";var pseudo=!mountpoint;var node;if(root&&FS.root){throw new FS.ErrnoError(10)}else if(!root&&!pseudo){var lookup=FS.lookupPath(mountpoint,{follow_mount:false});mountpoint=lookup.path;node=lookup.node;if(FS.isMountpoint(node)){throw new FS.ErrnoError(10)}if(!FS.isDir(node.mode)){throw new FS.ErrnoError(54)}}var mount={type,opts,mountpoint,mounts:[]};var mountRoot=type.mount(mount);mountRoot.mount=mount;mount.root=mountRoot;if(root){FS.root=mountRoot}else if(node){node.mounted=mount;if(node.mount){node.mount.mounts.push(mount)}}return mountRoot},unmount(mountpoint){var lookup=FS.lookupPath(mountpoint,{follow_mount:false});if(!FS.isMountpoint(lookup.node)){throw new FS.ErrnoError(28)}var node=lookup.node;var mount=node.mounted;var mounts=FS.getMounts(mount);Object.keys(FS.nameTable).forEach(hash=>{var current=FS.nameTable[hash];while(current){var next=current.name_next;if(mounts.includes(current.mount)){FS.destroyNode(current)}current=next}});node.mounted=null;var idx=node.mount.mounts.indexOf(mount);node.mount.mounts.splice(idx,1)},lookup(parent,name){return parent.node_ops.lookup(parent,name)},mknod(path,mode,dev){var lookup=FS.lookupPath(path,{parent:true});var parent=lookup.node;var name=PATH.basename(path);if(!name){throw new FS.ErrnoError(28)}if(name==="."||name===".."){throw new FS.ErrnoError(20)}var errCode=FS.mayCreate(parent,name);if(errCode){throw new FS.ErrnoError(errCode)}if(!parent.node_ops.mknod){throw new FS.ErrnoError(63)}return parent.node_ops.mknod(parent,name,mode,dev)},statfs(path){return FS.statfsNode(FS.lookupPath(path,{follow:true}).node)},statfsStream(stream){return FS.statfsNode(stream.node)},statfsNode(node){var rtn={bsize:4096,frsize:4096,blocks:1e6,bfree:5e5,bavail:5e5,files:FS.nextInode,ffree:FS.nextInode-1,fsid:42,flags:2,namelen:255};if(node.node_ops.statfs){Object.assign(rtn,node.node_ops.statfs(node.mount.opts.root))}return rtn},create(path,mode=438){mode&=4095;mode|=32768;return FS.mknod(path,mode,0)},mkdir(path,mode=511){mode&=511|512;mode|=16384;return FS.mknod(path,mode,0)},mkdirTree(path,mode){var dirs=path.split("/");var d="";for(var dir of dirs){if(!dir)continue;if(d||PATH.isAbs(path))d+="/";d+=dir;try{FS.mkdir(d,mode)}catch(e){if(e.errno!=20)throw e}}},mkdev(path,mode,dev){if(typeof dev=="undefined"){dev=mode;mode=438}mode|=8192;return FS.mknod(path,mode,dev)},symlink(oldpath,newpath){if(!PATH_FS.resolve(oldpath)){throw new FS.ErrnoError(44)}var lookup=FS.lookupPath(newpath,{parent:true});var parent=lookup.node;if(!parent){throw new FS.ErrnoError(44)}var newname=PATH.basename(newpath);var errCode=FS.mayCreate(parent,newname);if(errCode){throw new FS.ErrnoError(errCode)}if(!parent.node_ops.symlink){throw new FS.ErrnoError(63)}return parent.node_ops.symlink(parent,newname,oldpath)},rename(old_path,new_path){var old_dirname=PATH.dirname(old_path);var new_dirname=PATH.dirname(new_path);var old_name=PATH.basename(old_path);var new_name=PATH.basename(new_path);var lookup,old_dir,new_dir;lookup=FS.lookupPath(old_path,{parent:true});old_dir=lookup.node;lookup=FS.lookupPath(new_path,{parent:true});new_dir=lookup.node;if(!old_dir||!new_dir)throw new FS.ErrnoError(44);if(old_dir.mount!==new_dir.mount){throw new FS.ErrnoError(75)}var old_node=FS.lookupNode(old_dir,old_name);var relative=PATH_FS.relative(old_path,new_dirname);if(relative.charAt(0)!=="."){throw new FS.ErrnoError(28)}relative=PATH_FS.relative(new_path,old_dirname);if(relative.charAt(0)!=="."){throw new FS.ErrnoError(55)}var new_node;try{new_node=FS.lookupNode(new_dir,new_name)}catch(e){}if(old_node===new_node){return}var isdir=FS.isDir(old_node.mode);var errCode=FS.mayDelete(old_dir,old_name,isdir);if(errCode){throw new FS.ErrnoError(errCode)}errCode=new_node?FS.mayDelete(new_dir,new_name,isdir):FS.mayCreate(new_dir,new_name);if(errCode){throw new FS.ErrnoError(errCode)}if(!old_dir.node_ops.rename){throw new FS.ErrnoError(63)}if(FS.isMountpoint(old_node)||new_node&&FS.isMountpoint(new_node)){throw new FS.ErrnoError(10)}if(new_dir!==old_dir){errCode=FS.nodePermissions(old_dir,"w");if(errCode){throw new FS.ErrnoError(errCode)}}FS.hashRemoveNode(old_node);try{old_dir.node_ops.rename(old_node,new_dir,new_name);old_node.parent=new_dir}catch(e){throw e}finally{FS.hashAddNode(old_node)}},rmdir(path){var lookup=FS.lookupPath(path,{parent:true});var parent=lookup.node;var name=PATH.basename(path);var node=FS.lookupNode(parent,name);var errCode=FS.mayDelete(parent,name,true);if(errCode){throw new FS.ErrnoError(errCode)}if(!parent.node_ops.rmdir){throw new FS.ErrnoError(63)}if(FS.isMountpoint(node)){throw new FS.ErrnoError(10)}parent.node_ops.rmdir(parent,name);FS.destroyNode(node)},readdir(path){var lookup=FS.lookupPath(path,{follow:true});var node=lookup.node;var readdir=FS.checkOpExists(node.node_ops.readdir,54);return readdir(node)},unlink(path){var lookup=FS.lookupPath(path,{parent:true});var parent=lookup.node;if(!parent){throw new FS.ErrnoError(44)}var name=PATH.basename(path);var node=FS.lookupNode(parent,name);var errCode=FS.mayDelete(parent,name,false);if(errCode){throw new FS.ErrnoError(errCode)}if(!parent.node_ops.unlink){throw new FS.ErrnoError(63)}if(FS.isMountpoint(node)){throw new FS.ErrnoError(10)}parent.node_ops.unlink(parent,name);FS.destroyNode(node)},readlink(path){var lookup=FS.lookupPath(path);var link=lookup.node;if(!link){throw new FS.ErrnoError(44)}if(!link.node_ops.readlink){throw new FS.ErrnoError(28)}return link.node_ops.readlink(link)},stat(path,dontFollow){var lookup=FS.lookupPath(path,{follow:!dontFollow});var node=lookup.node;var getattr=FS.checkOpExists(node.node_ops.getattr,63);return getattr(node)},fstat(fd){var stream=FS.getStreamChecked(fd);var node=stream.node;var getattr=stream.stream_ops.getattr;var arg=getattr?stream:node;getattr??=node.node_ops.getattr;FS.checkOpExists(getattr,63);return getattr(arg)},lstat(path){return FS.stat(path,true)},doChmod(stream,node,mode,dontFollow){FS.doSetAttr(stream,node,{mode:mode&4095|node.mode&~4095,ctime:Date.now(),dontFollow})},chmod(path,mode,dontFollow){var node;if(typeof path=="string"){var lookup=FS.lookupPath(path,{follow:!dontFollow});node=lookup.node}else{node=path}FS.doChmod(null,node,mode,dontFollow)},lchmod(path,mode){FS.chmod(path,mode,true)},fchmod(fd,mode){var stream=FS.getStreamChecked(fd);FS.doChmod(stream,stream.node,mode,false)},doChown(stream,node,dontFollow){FS.doSetAttr(stream,node,{timestamp:Date.now(),dontFollow})},chown(path,uid,gid,dontFollow){var node;if(typeof path=="string"){var lookup=FS.lookupPath(path,{follow:!dontFollow});node=lookup.node}else{node=path}FS.doChown(null,node,dontFollow)},lchown(path,uid,gid){FS.chown(path,uid,gid,true)},fchown(fd,uid,gid){var stream=FS.getStreamChecked(fd);FS.doChown(stream,stream.node,false)},doTruncate(stream,node,len){if(FS.isDir(node.mode)){throw new FS.ErrnoError(31)}if(!FS.isFile(node.mode)){throw new FS.ErrnoError(28)}var errCode=FS.nodePermissions(node,"w");if(errCode){throw new FS.ErrnoError(errCode)}FS.doSetAttr(stream,node,{size:len,timestamp:Date.now()})},truncate(path,len){if(len<0){throw new FS.ErrnoError(28)}var node;if(typeof path=="string"){var lookup=FS.lookupPath(path,{follow:true});node=lookup.node}else{node=path}FS.doTruncate(null,node,len)},ftruncate(fd,len){var stream=FS.getStreamChecked(fd);if(len<0||(stream.flags&2097155)===0){throw new FS.ErrnoError(28)}FS.doTruncate(stream,stream.node,len)},utime(path,atime,mtime){var lookup=FS.lookupPath(path,{follow:true});var node=lookup.node;var setattr=FS.checkOpExists(node.node_ops.setattr,63);setattr(node,{atime,mtime})},open(path,flags,mode=438){if(path===""){throw new FS.ErrnoError(44)}flags=typeof flags=="string"?FS_modeStringToFlags(flags):flags;if(flags&64){mode=mode&4095|32768}else{mode=0}var node;var isDirPath;if(typeof path=="object"){node=path}else{isDirPath=path.endsWith("/");var lookup=FS.lookupPath(path,{follow:!(flags&131072),noent_okay:true});node=lookup.node;path=lookup.path}var created=false;if(flags&64){if(node){if(flags&128){throw new FS.ErrnoError(20)}}else if(isDirPath){throw new FS.ErrnoError(31)}else{node=FS.mknod(path,mode|511,0);created=true}}if(!node){throw new FS.ErrnoError(44)}if(FS.isChrdev(node.mode)){flags&=~512}if(flags&65536&&!FS.isDir(node.mode)){throw new FS.ErrnoError(54)}if(!created){var errCode=FS.mayOpen(node,flags);if(errCode){throw new FS.ErrnoError(errCode)}}if(flags&512&&!created){FS.truncate(node,0)}flags&=~(128|512|131072);var stream=FS.createStream({node,path:FS.getPath(node),flags,seekable:true,position:0,stream_ops:node.stream_ops,ungotten:[],error:false});if(stream.stream_ops.open){stream.stream_ops.open(stream)}if(created){FS.chmod(node,mode&511)}if(Module["logReadFiles"]&&!(flags&1)){if(!(path in FS.readFiles)){FS.readFiles[path]=1}}return stream},close(stream){if(FS.isClosed(stream)){throw new FS.ErrnoError(8)}if(stream.getdents)stream.getdents=null;try{if(stream.stream_ops.close){stream.stream_ops.close(stream)}}catch(e){throw e}finally{FS.closeStream(stream.fd)}stream.fd=null},isClosed(stream){return stream.fd===null},llseek(stream,offset,whence){if(FS.isClosed(stream)){throw new FS.ErrnoError(8)}if(!stream.seekable||!stream.stream_ops.llseek){throw new FS.ErrnoError(70)}if(whence!=0&&whence!=1&&whence!=2){throw new FS.ErrnoError(28)}stream.position=stream.stream_ops.llseek(stream,offset,whence);stream.ungotten=[];return stream.position},read(stream,buffer,offset,length,position){if(length<0||position<0){throw new FS.ErrnoError(28)}if(FS.isClosed(stream)){throw new FS.ErrnoError(8)}if((stream.flags&2097155)===1){throw new FS.ErrnoError(8)}if(FS.isDir(stream.node.mode)){throw new FS.ErrnoError(31)}if(!stream.stream_ops.read){throw new FS.ErrnoError(28)}var seeking=typeof position!="undefined";if(!seeking){position=stream.position}else if(!stream.seekable){throw new FS.ErrnoError(70)}var bytesRead=stream.stream_ops.read(stream,buffer,offset,length,position);if(!seeking)stream.position+=bytesRead;return bytesRead},write(stream,buffer,offset,length,position,canOwn){if(length<0||position<0){throw new FS.ErrnoError(28)}if(FS.isClosed(stream)){throw new FS.ErrnoError(8)}if((stream.flags&2097155)===0){throw new FS.ErrnoError(8)}if(FS.isDir(stream.node.mode)){throw new FS.ErrnoError(31)}if(!stream.stream_ops.write){throw new FS.ErrnoError(28)}if(stream.seekable&&stream.flags&1024){FS.llseek(stream,0,2)}var seeking=typeof position!="undefined";if(!seeking){position=stream.position}else if(!stream.seekable){throw new FS.ErrnoError(70)}var bytesWritten=stream.stream_ops.write(stream,buffer,offset,length,position,canOwn);if(!seeking)stream.position+=bytesWritten;return bytesWritten},mmap(stream,length,position,prot,flags){if((prot&2)!==0&&(flags&2)===0&&(stream.flags&2097155)!==2){throw new FS.ErrnoError(2)}if((stream.flags&2097155)===1){throw new FS.ErrnoError(2)}if(!stream.stream_ops.mmap){throw new FS.ErrnoError(43)}if(!length){throw new FS.ErrnoError(28)}return stream.stream_ops.mmap(stream,length,position,prot,flags)},msync(stream,buffer,offset,length,mmapFlags){if(!stream.stream_ops.msync){return 0}return stream.stream_ops.msync(stream,buffer,offset,length,mmapFlags)},ioctl(stream,cmd,arg){if(!stream.stream_ops.ioctl){throw new FS.ErrnoError(59)}return stream.stream_ops.ioctl(stream,cmd,arg)},readFile(path,opts={}){opts.flags=opts.flags||0;opts.encoding=opts.encoding||"binary";if(opts.encoding!=="utf8"&&opts.encoding!=="binary"){throw new Error(`Invalid encoding type "${opts.encoding}"`)}var ret;var stream=FS.open(path,opts.flags);var stat=FS.stat(path);var length=stat.size;var buf=new Uint8Array(length);FS.read(stream,buf,0,length,0);if(opts.encoding==="utf8"){ret=UTF8ArrayToString(buf)}else if(opts.encoding==="binary"){ret=buf}FS.close(stream);return ret},writeFile(path,data,opts={}){opts.flags=opts.flags||577;var stream=FS.open(path,opts.flags,opts.mode);if(typeof data=="string"){var buf=new Uint8Array(lengthBytesUTF8(data)+1);var actualNumBytes=stringToUTF8Array(data,buf,0,buf.length);FS.write(stream,buf,0,actualNumBytes,undefined,opts.canOwn)}else if(ArrayBuffer.isView(data)){FS.write(stream,data,0,data.byteLength,undefined,opts.canOwn)}else{throw new Error("Unsupported data type")}FS.close(stream)},cwd:()=>FS.currentPath,chdir(path){var lookup=FS.lookupPath(path,{follow:true});if(lookup.node===null){throw new FS.ErrnoError(44)}if(!FS.isDir(lookup.node.mode)){throw new FS.ErrnoError(54)}var errCode=FS.nodePermissions(lookup.node,"x");if(errCode){throw new FS.ErrnoError(errCode)}FS.currentPath=lookup.path},createDefaultDirectories(){FS.mkdir("/tmp");FS.mkdir("/home");FS.mkdir("/home/web_user")},createDefaultDevices(){FS.mkdir("/dev");FS.registerDevice(FS.makedev(1,3),{read:()=>0,write:(stream,buffer,offset,length,pos)=>length,llseek:()=>0});FS.mkdev("/dev/null",FS.makedev(1,3));TTY.register(FS.makedev(5,0),TTY.default_tty_ops);TTY.register(FS.makedev(6,0),TTY.default_tty1_ops);FS.mkdev("/dev/tty",FS.makedev(5,0));FS.mkdev("/dev/tty1",FS.makedev(6,0));var randomBuffer=new Uint8Array(1024),randomLeft=0;var randomByte=()=>{if(randomLeft===0){randomFill(randomBuffer);randomLeft=randomBuffer.byteLength}return randomBuffer[--randomLeft]};FS.createDevice("/dev","random",randomByte);FS.createDevice("/dev","urandom",randomByte);FS.mkdir("/dev/shm");FS.mkdir("/dev/shm/tmp")},createSpecialDirectories(){FS.mkdir("/proc");var proc_self=FS.mkdir("/proc/self");FS.mkdir("/proc/self/fd");FS.mount({mount(){var node=FS.createNode(proc_self,"fd",16895,73);node.stream_ops={llseek:MEMFS.stream_ops.llseek};node.node_ops={lookup(parent,name){var fd=+name;var stream=FS.getStreamChecked(fd);var ret={parent:null,mount:{mountpoint:"fake"},node_ops:{readlink:()=>stream.path},id:fd+1};ret.parent=ret;return ret},readdir(){return Array.from(FS.streams.entries()).filter(([k,v])=>v).map(([k,v])=>k.toString())}};return node}},{},"/proc/self/fd")},createStandardStreams(input,output,error){if(input){FS.createDevice("/dev","stdin",input)}else{FS.symlink("/dev/tty","/dev/stdin")}if(output){FS.createDevice("/dev","stdout",null,output)}else{FS.symlink("/dev/tty","/dev/stdout")}if(error){FS.createDevice("/dev","stderr",null,error)}else{FS.symlink("/dev/tty1","/dev/stderr")}var stdin=FS.open("/dev/stdin",0);var stdout=FS.open("/dev/stdout",1);var stderr=FS.open("/dev/stderr",1)},staticInit(){FS.nameTable=new Array(4096);FS.mount(MEMFS,{},"/");FS.createDefaultDirectories();FS.createDefaultDevices();FS.createSpecialDirectories();FS.filesystems={MEMFS}},init(input,output,error){FS.initialized=true;input??=Module["stdin"];output??=Module["stdout"];error??=Module["stderr"];FS.createStandardStreams(input,output,error)},quit(){FS.initialized=false;for(var stream of FS.streams){if(stream){FS.close(stream)}}},findObject(path,dontResolveLastLink){var ret=FS.analyzePath(path,dontResolveLastLink);if(!ret.exists){return null}return ret.object},analyzePath(path,dontResolveLastLink){try{var lookup=FS.lookupPath(path,{follow:!dontResolveLastLink});path=lookup.path}catch(e){}var ret={isRoot:false,exists:false,error:0,name:null,path:null,object:null,parentExists:false,parentPath:null,parentObject:null};try{var lookup=FS.lookupPath(path,{parent:true});ret.parentExists=true;ret.parentPath=lookup.path;ret.parentObject=lookup.node;ret.name=PATH.basename(path);lookup=FS.lookupPath(path,{follow:!dontResolveLastLink});ret.exists=true;ret.path=lookup.path;ret.object=lookup.node;ret.name=lookup.node.name;ret.isRoot=lookup.path==="/"}catch(e){ret.error=e.errno}return ret},createPath(parent,path,canRead,canWrite){parent=typeof parent=="string"?parent:FS.getPath(parent);var parts=path.split("/").reverse();while(parts.length){var part=parts.pop();if(!part)continue;var current=PATH.join2(parent,part);try{FS.mkdir(current)}catch(e){if(e.errno!=20)throw e}parent=current}return current},createFile(parent,name,properties,canRead,canWrite){var path=PATH.join2(typeof parent=="string"?parent:FS.getPath(parent),name);var mode=FS_getMode(canRead,canWrite);return FS.create(path,mode)},createDataFile(parent,name,data,canRead,canWrite,canOwn){var path=name;if(parent){parent=typeof parent=="string"?parent:FS.getPath(parent);path=name?PATH.join2(parent,name):parent}var mode=FS_getMode(canRead,canWrite);var node=FS.create(path,mode);if(data){if(typeof data=="string"){var arr=new Array(data.length);for(var i=0,len=data.length;i<len;++i)arr[i]=data.charCodeAt(i);data=arr}FS.chmod(node,mode|146);var stream=FS.open(node,577);FS.write(stream,data,0,data.length,0,canOwn);FS.close(stream);FS.chmod(node,mode)}},createDevice(parent,name,input,output){var path=PATH.join2(typeof parent=="string"?parent:FS.getPath(parent),name);var mode=FS_getMode(!!input,!!output);FS.createDevice.major??=64;var dev=FS.makedev(FS.createDevice.major++,0);FS.registerDevice(dev,{open(stream){stream.seekable=false},close(stream){if(output?.buffer?.length){output(10)}},read(stream,buffer,offset,length,pos){var bytesRead=0;for(var i=0;i<length;i++){var result;try{result=input()}catch(e){throw new FS.ErrnoError(29)}if(result===undefined&&bytesRead===0){throw new FS.ErrnoError(6)}if(result===null||result===undefined)break;bytesRead++;buffer[offset+i]=result}if(bytesRead){stream.node.atime=Date.now()}return bytesRead},write(stream,buffer,offset,length,pos){for(var i=0;i<length;i++){try{output(buffer[offset+i])}catch(e){throw new FS.ErrnoError(29)}}if(length){stream.node.mtime=stream.node.ctime=Date.now()}return i}});return FS.mkdev(path,mode,dev)},forceLoadFile(obj){if(obj.isDevice||obj.isFolder||obj.link||obj.contents)return true;if(typeof XMLHttpRequest!="undefined"){throw new Error("Lazy loading should have been performed (contents set) in createLazyFile, but it was not. Lazy loading only works in web workers. Use --embed-file or --preload-file in emcc on the main thread.")}else{try{obj.contents=readBinary(obj.url);obj.usedBytes=obj.contents.length}catch(e){throw new FS.ErrnoError(29)}}},createLazyFile(parent,name,url,canRead,canWrite){class LazyUint8Array{lengthKnown=false;chunks=[];get(idx){if(idx>this.length-1||idx<0){return undefined}var chunkOffset=idx%this.chunkSize;var chunkNum=idx/this.chunkSize|0;return this.getter(chunkNum)[chunkOffset]}setDataGetter(getter){this.getter=getter}cacheLength(){var xhr=new XMLHttpRequest;xhr.open("HEAD",url,false);xhr.send(null);if(!(xhr.status>=200&&xhr.status<300||xhr.status===304))throw new Error("Couldn't load "+url+". Status: "+xhr.status);var datalength=Number(xhr.getResponseHeader("Content-length"));var header;var hasByteServing=(header=xhr.getResponseHeader("Accept-Ranges"))&&header==="bytes";var usesGzip=(header=xhr.getResponseHeader("Content-Encoding"))&&header==="gzip";var chunkSize=1024*1024;if(!hasByteServing)chunkSize=datalength;var doXHR=(from,to)=>{if(from>to)throw new Error("invalid range ("+from+", "+to+") or no bytes requested!");if(to>datalength-1)throw new Error("only "+datalength+" bytes available! programmer error!");var xhr=new XMLHttpRequest;xhr.open("GET",url,false);if(datalength!==chunkSize)xhr.setRequestHeader("Range","bytes="+from+"-"+to);xhr.responseType="arraybuffer";if(xhr.overrideMimeType){xhr.overrideMimeType("text/plain; charset=x-user-defined")}xhr.send(null);if(!(xhr.status>=200&&xhr.status<300||xhr.status===304))throw new Error("Couldn't load "+url+". Status: "+xhr.status);if(xhr.response!==undefined){return new Uint8Array(xhr.response||[])}return intArrayFromString(xhr.responseText||"",true)};var lazyArray=this;lazyArray.setDataGetter(chunkNum=>{var start=chunkNum*chunkSize;var end=(chunkNum+1)*chunkSize-1;end=Math.min(end,datalength-1);if(typeof lazyArray.chunks[chunkNum]=="undefined"){lazyArray.chunks[chunkNum]=doXHR(start,end)}if(typeof lazyArray.chunks[chunkNum]=="undefined")throw new Error("doXHR failed!");return lazyArray.chunks[chunkNum]});if(usesGzip||!datalength){chunkSize=datalength=1;datalength=this.getter(0).length;chunkSize=datalength;out("LazyFiles on gzip forces download of the whole file when length is accessed")}this._length=datalength;this._chunkSize=chunkSize;this.lengthKnown=true}get length(){if(!this.lengthKnown){this.cacheLength()}return this._length}get chunkSize(){if(!this.lengthKnown){this.cacheLength()}return this._chunkSize}}if(typeof XMLHttpRequest!="undefined"){if(!ENVIRONMENT_IS_WORKER)throw"Cannot do synchronous binary XHRs outside webworkers in modern browsers. Use --embed-file or --preload-file in emcc";var lazyArray=new LazyUint8Array;var properties={isDevice:false,contents:lazyArray}}else{var properties={isDevice:false,url}}var node=FS.createFile(parent,name,properties,canRead,canWrite);if(properties.contents){node.contents=properties.contents}else if(properties.url){node.contents=null;node.url=properties.url}Object.defineProperties(node,{usedBytes:{get:function(){return this.contents.length}}});var stream_ops={};var keys=Object.keys(node.stream_ops);keys.forEach(key=>{var fn=node.stream_ops[key];stream_ops[key]=(...args)=>{FS.forceLoadFile(node);return fn(...args)}});function writeChunks(stream,buffer,offset,length,position){var contents=stream.node.contents;if(position>=contents.length)return 0;var size=Math.min(contents.length-position,length);if(contents.slice){for(var i=0;i<size;i++){buffer[offset+i]=contents[position+i]}}else{for(var i=0;i<size;i++){buffer[offset+i]=contents.get(position+i)}}return size}stream_ops.read=(stream,buffer,offset,length,position)=>{FS.forceLoadFile(node);return writeChunks(stream,buffer,offset,length,position)};stream_ops.mmap=(stream,length,position,prot,flags)=>{FS.forceLoadFile(node);var ptr=mmapAlloc(length);if(!ptr){throw new FS.ErrnoError(48)}writeChunks(stream,HEAP8,ptr,length,position);return{ptr,allocated:true}};node.stream_ops=stream_ops;return node}};var UTF8ToString=(ptr,maxBytesToRead)=>ptr?UTF8ArrayToString(HEAPU8,ptr,maxBytesToRead):"";var SYSCALLS={DEFAULT_POLLMASK:5,calculateAt(dirfd,path,allowEmpty){if(PATH.isAbs(path)){return path}var dir;if(dirfd===-100){dir=FS.cwd()}else{var dirstream=SYSCALLS.getStreamFromFD(dirfd);dir=dirstream.path}if(path.length==0){if(!allowEmpty){throw new FS.ErrnoError(44)}return dir}return dir+"/"+path},writeStat(buf,stat){HEAP32[buf>>2]=stat.dev;HEAP32[buf+4>>2]=stat.mode;HEAPU32[buf+8>>2]=stat.nlink;HEAP32[buf+12>>2]=stat.uid;HEAP32[buf+16>>2]=stat.gid;HEAP32[buf+20>>2]=stat.rdev;HEAP64[buf+24>>3]=BigInt(stat.size);HEAP32[buf+32>>2]=4096;HEAP32[buf+36>>2]=stat.blocks;var atime=stat.atime.getTime();var mtime=stat.mtime.getTime();var ctime=stat.ctime.getTime();HEAP64[buf+40>>3]=BigInt(Math.floor(atime/1e3));HEAPU32[buf+48>>2]=atime%1e3*1e3*1e3;HEAP64[buf+56>>3]=BigInt(Math.floor(mtime/1e3));HEAPU32[buf+64>>2]=mtime%1e3*1e3*1e3;HEAP64[buf+72>>3]=BigInt(Math.floor(ctime/1e3));HEAPU32[buf+80>>2]=ctime%1e3*1e3*1e3;HEAP64[buf+88>>3]=BigInt(stat.ino);return 0},writeStatFs(buf,stats){HEAP32[buf+4>>2]=stats.bsize;HEAP32[buf+40>>2]=stats.bsize;HEAP32[buf+8>>2]=stats.blocks;HEAP32[buf+12>>2]=stats.bfree;HEAP32[buf+16>>2]=stats.bavail;HEAP32[buf+20>>2]=stats.files;HEAP32[buf+24>>2]=stats.ffree;HEAP32[buf+28>>2]=stats.fsid;HEAP32[buf+44>>2]=stats.flags;HEAP32[buf+36>>2]=stats.namelen},doMsync(addr,stream,len,flags,offset){if(!FS.isFile(stream.node.mode)){throw new FS.ErrnoError(43)}if(flags&2){return 0}var buffer=HEAPU8.slice(addr,addr+len);FS.msync(stream,buffer,offset,len,flags)},getStreamFromFD(fd){var stream=FS.getStreamChecked(fd);return stream},varargs:undefined,getStr(ptr){var ret=UTF8ToString(ptr);return ret}};function ___syscall_fcntl64(fd,cmd,varargs){SYSCALLS.varargs=varargs;try{var stream=SYSCALLS.getStreamFromFD(fd);switch(cmd){case 0:{var arg=syscallGetVarargI();if(arg<0){return-28}while(FS.streams[arg]){arg++}var newStream;newStream=FS.dupStream(stream,arg);return newStream.fd}case 1:case 2:return 0;case 3:return stream.flags;case 4:{var arg=syscallGetVarargI();stream.flags|=arg;return 0}case 12:{var arg=syscallGetVarargP();var offset=0;HEAP16[arg+offset>>1]=2;return 0}case 13:case 14:return 0}return-28}catch(e){if(typeof FS=="undefined"||!(e.name==="ErrnoError"))throw e;return-e.errno}}function ___syscall_ioctl(fd,op,varargs){SYSCALLS.varargs=varargs;try{var stream=SYSCALLS.getStreamFromFD(fd);switch(op){case 21509:{if(!stream.tty)return-59;return 0}case 21505:{if(!stream.tty)return-59;if(stream.tty.ops.ioctl_tcgets){var termios=stream.tty.ops.ioctl_tcgets(stream);var argp=syscallGetVarargP();HEAP32[argp>>2]=termios.c_iflag||0;HEAP32[argp+4>>2]=termios.c_oflag||0;HEAP32[argp+8>>2]=termios.c_cflag||0;HEAP32[argp+12>>2]=termios.c_lflag||0;for(var i=0;i<32;i++){HEAP8[argp+i+17]=termios.c_cc[i]||0}return 0}return 0}case 21510:case 21511:case 21512:{if(!stream.tty)return-59;return 0}case 21506:case 21507:case 21508:{if(!stream.tty)return-59;if(stream.tty.ops.ioctl_tcsets){var argp=syscallGetVarargP();var c_iflag=HEAP32[argp>>2];var c_oflag=HEAP32[argp+4>>2];var c_cflag=HEAP32[argp+8>>2];var c_lflag=HEAP32[argp+12>>2];var c_cc=[];for(var i=0;i<32;i++){c_cc.push(HEAP8[argp+i+17])}return stream.tty.ops.ioctl_tcsets(stream.tty,op,{c_iflag,c_oflag,c_cflag,c_lflag,c_cc})}return 0}case 21519:{if(!stream.tty)return-59;var argp=syscallGetVarargP();HEAP32[argp>>2]=0;return 0}case 21520:{if(!stream.tty)return-59;return-28}case 21531:{var argp=syscallGetVarargP();return FS.ioctl(stream,op,argp)}case 21523:{if(!stream.tty)return-59;if(stream.tty.ops.ioctl_tiocgwinsz){var winsize=stream.tty.ops.ioctl_tiocgwinsz(stream.tty);var argp=syscallGetVarargP();HEAP16[argp>>1]=winsize[0];HEAP16[argp+2>>1]=winsize[1]}return 0}case 21524:{if(!stream.tty)return-59;return 0}case 21515:{if(!stream.tty)return-59;return 0}default:return-28}}catch(e){if(typeof FS=="undefined"||!(e.name==="ErrnoError"))throw e;return-e.errno}}function ___syscall_mkdirat(dirfd,path,mode){try{path=SYSCALLS.getStr(path);path=SYSCALLS.calculateAt(dirfd,path);FS.mkdir(path,mode,0);return 0}catch(e){if(typeof FS=="undefined"||!(e.name==="ErrnoError"))throw e;return-e.errno}}function ___syscall_openat(dirfd,path,flags,varargs){SYSCALLS.varargs=varargs;try{path=SYSCALLS.getStr(path);path=SYSCALLS.calculateAt(dirfd,path);var mode=varargs?syscallGetVarargI():0;return FS.open(path,flags,mode).fd}catch(e){if(typeof FS=="undefined"||!(e.name==="ErrnoError"))throw e;return-e.errno}}function ___syscall_renameat(olddirfd,oldpath,newdirfd,newpath){try{oldpath=SYSCALLS.getStr(oldpath);newpath=SYSCALLS.getStr(newpath);oldpath=SYSCALLS.calculateAt(olddirfd,oldpath);newpath=SYSCALLS.calculateAt(newdirfd,newpath);FS.rename(oldpath,newpath);return 0}catch(e){if(typeof FS=="undefined"||!(e.name==="ErrnoError"))throw e;return-e.errno}}function ___syscall_rmdir(path){try{path=SYSCALLS.getStr(path);FS.rmdir(path);return 0}catch(e){if(typeof FS=="undefined"||!(e.name==="ErrnoError"))throw e;return-e.errno}}function ___syscall_unlinkat(dirfd,path,flags){try{path=SYSCALLS.getStr(path);path=SYSCALLS.calculateAt(dirfd,path);if(flags===0){FS.unlink(path)}else if(flags===512){FS.rmdir(path)}else{abort("Invalid flags passed to unlinkat")}return 0}catch(e){if(typeof FS=="undefined"||!(e.name==="ErrnoError"))throw e;return-e.errno}}var __emscripten_system=command=>{if(ENVIRONMENT_IS_NODE){if(!command)return 1;var cmdstr=UTF8ToString(command);if(!cmdstr.length)return 0;var cp=require("child_process");var ret=cp.spawnSync(cmdstr,[],{shell:true,stdio:"inherit"});var _W_EXITCODE=(ret,sig)=>ret<<8|sig;if(ret.status===null){var signalToNumber=sig=>{switch(sig){case"SIGHUP":return 1;case"SIGQUIT":return 3;case"SIGFPE":return 8;case"SIGKILL":return 9;case"SIGALRM":return 14;case"SIGTERM":return 15;default:return 2}};return _W_EXITCODE(0,signalToNumber(ret.signal))}return _W_EXITCODE(ret.status,0)}if(!command)return 0;return-52};var _emscripten_get_now=()=>performance.now();var getHeapMax=()=>2147483648;var alignMemory=(size,alignment)=>Math.ceil(size/alignment)*alignment;var growMemory=size=>{var b=wasmMemory.buffer;var pages=(size-b.byteLength+65535)/65536|0;try{wasmMemory.grow(pages);updateMemoryViews();return 1}catch(e){}};var _emscripten_resize_heap=requestedSize=>{var oldSize=HEAPU8.length;requestedSize>>>=0;var maxHeapSize=getHeapMax();if(requestedSize>maxHeapSize){return false}for(var cutDown=1;cutDown<=4;cutDown*=2){var overGrownHeapSize=oldSize*(1+.2/cutDown);overGrownHeapSize=Math.min(overGrownHeapSize,requestedSize+100663296);var newSize=Math.min(maxHeapSize,alignMemory(Math.max(requestedSize,overGrownHeapSize),65536));var replacement=growMemory(newSize);if(replacement){return true}}return false};var runtimeKeepaliveCounter=0;var keepRuntimeAlive=()=>noExitRuntime||runtimeKeepaliveCounter>0;var _proc_exit=code=>{EXITSTATUS=code;if(!keepRuntimeAlive()){Module["onExit"]?.(code);ABORT=true}quit_(code,new ExitStatus(code))};var exitJS=(status,implicit)=>{EXITSTATUS=status;_proc_exit(status)};var _exit=exitJS;function _fd_close(fd){try{var stream=SYSCALLS.getStreamFromFD(fd);FS.close(stream);return 0}catch(e){if(typeof FS=="undefined"||!(e.name==="ErrnoError"))throw e;return e.errno}}var doReadv=(stream,iov,iovcnt,offset)=>{var ret=0;for(var i=0;i<iovcnt;i++){var ptr=HEAPU32[iov>>2];var len=HEAPU32[iov+4>>2];iov+=8;var curr=FS.read(stream,HEAP8,ptr,len,offset);if(curr<0)return-1;ret+=curr;if(curr<len)break;if(typeof offset!="undefined"){offset+=curr}}return ret};function _fd_read(fd,iov,iovcnt,pnum){try{var stream=SYSCALLS.getStreamFromFD(fd);var num=doReadv(stream,iov,iovcnt);HEAPU32[pnum>>2]=num;return 0}catch(e){if(typeof FS=="undefined"||!(e.name==="ErrnoError"))throw e;return e.errno}}var INT53_MAX=9007199254740992;var INT53_MIN=-9007199254740992;var bigintToI53Checked=num=>num<INT53_MIN||num>INT53_MAX?NaN:Number(num);function _fd_seek(fd,offset,whence,newOffset){offset=bigintToI53Checked(offset);try{if(isNaN(offset))return 61;var stream=SYSCALLS.getStreamFromFD(fd);FS.llseek(stream,offset,whence);HEAP64[newOffset>>3]=BigInt(stream.position);if(stream.getdents&&offset===0&&whence===0)stream.getdents=null;return 0}catch(e){if(typeof FS=="undefined"||!(e.name==="ErrnoError"))throw e;return e.errno}}var doWritev=(stream,iov,iovcnt,offset)=>{var ret=0;for(var i=0;i<iovcnt;i++){var ptr=HEAPU32[iov>>2];var len=HEAPU32[iov+4>>2];iov+=8;var curr=FS.write(stream,HEAP8,ptr,len,offset);if(curr<0)return-1;ret+=curr;if(curr<len){break}if(typeof offset!="undefined"){offset+=curr}}return ret};function _fd_write(fd,iov,iovcnt,pnum){try{var stream=SYSCALLS.getStreamFromFD(fd);var num=doWritev(stream,iov,iovcnt);HEAPU32[pnum>>2]=num;return 0}catch(e){if(typeof FS=="undefined"||!(e.name==="ErrnoError"))throw e;return e.errno}}var getCFunc=ident=>{var func=Module["_"+ident];return func};var writeArrayToMemory=(array,buffer)=>{HEAP8.set(array,buffer)};var stringToUTF8=(str,outPtr,maxBytesToWrite)=>stringToUTF8Array(str,HEAPU8,outPtr,maxBytesToWrite);var stackAlloc=sz=>__emscripten_stack_alloc(sz);var stringToUTF8OnStack=str=>{var size=lengthBytesUTF8(str)+1;var ret=stackAlloc(size);stringToUTF8(str,ret,size);return ret};var ccall=(ident,returnType,argTypes,args,opts)=>{var toC={string:str=>{var ret=0;if(str!==null&&str!==undefined&&str!==0){ret=stringToUTF8OnStack(str)}return ret},array:arr=>{var ret=stackAlloc(arr.length);writeArrayToMemory(arr,ret);return ret}};function convertReturnValue(ret){if(returnType==="string"){return UTF8ToString(ret)}if(returnType==="boolean")return Boolean(ret);return ret}var func=getCFunc(ident);var cArgs=[];var stack=0;if(args){for(var i=0;i<args.length;i++){var converter=toC[argTypes[i]];if(converter){if(stack===0)stack=stackSave();cArgs[i]=converter(args[i])}else{cArgs[i]=args[i]}}}var ret=func(...cArgs);function onDone(ret){if(stack!==0)stackRestore(stack);return convertReturnValue(ret)}ret=onDone(ret);return ret};var cwrap=(ident,returnType,argTypes,opts)=>{var numericArgs=!argTypes||argTypes.every(type=>type==="number"||type==="boolean");var numericRet=returnType!=="string";if(numericRet&&numericArgs&&!opts){return getCFunc(ident)}return(...args)=>ccall(ident,returnType,argTypes,args,opts)};var FS_createPath=FS.createPath;var FS_unlink=path=>FS.unlink(path);var FS_createLazyFile=FS.createLazyFile;var FS_createDevice=FS.createDevice;FS.createPreloadedFile=FS_createPreloadedFile;FS.staticInit();Module["FS_createPath"]=FS.createPath;Module["FS_createDataFile"]=FS.createDataFile;Module["FS_createPreloadedFile"]=FS.createPreloadedFile;Module["FS_unlink"]=FS.unlink;Module["FS_createLazyFile"]=FS.createLazyFile;Module["FS_createDevice"]=FS.createDevice;MEMFS.doesNotExistError=new FS.ErrnoError(44);MEMFS.doesNotExistError.stack="<generic error, no stack>";var wasmImports={__syscall_fcntl64:___syscall_fcntl64,__syscall_ioctl:___syscall_ioctl,__syscall_mkdirat:___syscall_mkdirat,__syscall_openat:___syscall_openat,__syscall_renameat:___syscall_renameat,__syscall_rmdir:___syscall_rmdir,__syscall_unlinkat:___syscall_unlinkat,_emscripten_system:__emscripten_system,emscripten_get_now:_emscripten_get_now,emscripten_resize_heap:_emscripten_resize_heap,exit:_exit,fd_close:_fd_close,fd_read:_fd_read,fd_seek:_fd_seek,fd_write:_fd_write};var wasmExports=await createWasm();var ___wasm_call_ctors=wasmExports["__wasm_call_ctors"];var _free=Module["_free"]=wasmExports["free"];var _malloc=Module["_malloc"]=wasmExports["malloc"];var _doomgeneric_Tick=Module["_doomgeneric_Tick"]=wasmExports["doomgeneric_Tick"];var _doomgeneric_Create=Module["_doomgeneric_Create"]=wasmExports["doomgeneric_Create"];var _DG_GetFrameBuffer=Module["_DG_GetFrameBuffer"]=wasmExports["DG_GetFrameBuffer"];var _DG_GetScreenWidth=Module["_DG_GetScreenWidth"]=wasmExports["DG_GetScreenWidth"];var _DG_GetScreenHeight=Module["_DG_GetScreenHeight"]=wasmExports["DG_GetScreenHeight"];var _DG_PushKeyEvent=Module["_DG_PushKeyEvent"]=wasmExports["DG_PushKeyEvent"];var __emscripten_stack_restore=wasmExports["_emscripten_stack_restore"];var __emscripten_stack_alloc=wasmExports["_emscripten_stack_alloc"];var _emscripten_stack_get_current=wasmExports["emscripten_stack_get_current"];Module["addRunDependency"]=addRunDependency;Module["removeRunDependency"]=removeRunDependency;Module["ccall"]=ccall;Module["cwrap"]=cwrap;Module["setValue"]=setValue;Module["getValue"]=getValue;Module["FS_createPreloadedFile"]=FS_createPreloadedFile;Module["FS_unlink"]=FS_unlink;Module["FS_createPath"]=FS_createPath;Module["FS_createDevice"]=FS_createDevice;Module["FS"]=FS;Module["FS_createDataFile"]=FS_createDataFile;Module["FS_createLazyFile"]=FS_createLazyFile;function run(){if(runDependencies>0){dependenciesFulfilled=run;return}preRun();if(runDependencies>0){dependenciesFulfilled=run;return}function doRun(){Module["calledRun"]=true;if(ABORT)return;initRuntime();readyPromiseResolve(Module);Module["onRuntimeInitialized"]?.();postRun()}if(Module["setStatus"]){Module["setStatus"]("Running...");setTimeout(()=>{setTimeout(()=>Module["setStatus"](""),1);doRun()},1)}else{doRun()}}if(Module["preInit"]){if(typeof Module["preInit"]=="function")Module["preInit"]=[Module["preInit"]];while(Module["preInit"].length>0){Module["preInit"].pop()()}}run();moduleRtn=readyPromise;
/Users/bryan/dev/_state/personal/npm-tools/pi/lib/node_modules/@earendil-works/pi-coding-agent/examples/extensions/handoff.ts:178:			const newSessionResult = await ctx.newSession({
/Users/bryan/dev/_state/personal/npm-tools/pi/lib/node_modules/@earendil-works/pi-coding-agent/examples/extensions/auto-commit-on-exit.ts:13:		const { stdout: status, code } = await pi.exec("git", ["status", "--porcelain"]);
/Users/bryan/dev/_state/personal/npm-tools/pi/lib/node_modules/@earendil-works/pi-coding-agent/examples/extensions/auto-commit-on-exit.ts:42:		await pi.exec("git", ["add", "-A"]);
/Users/bryan/dev/_state/personal/npm-tools/pi/lib/node_modules/@earendil-works/pi-coding-agent/examples/extensions/auto-commit-on-exit.ts:43:		const { code: commitCode } = await pi.exec("git", ["commit", "-m", commitMessage]);
/Users/bryan/dev/_state/personal/npm-tools/pi/lib/node_modules/@earendil-works/pi-coding-agent/examples/extensions/git-checkpoint.ts:22:		const { stdout } = await pi.exec("git", ["stash", "create"]);
/Users/bryan/dev/_state/personal/npm-tools/pi/lib/node_modules/@earendil-works/pi-coding-agent/examples/extensions/git-checkpoint.ts:44:			await pi.exec("git", ["stash", "apply", ref]);

## ExtensionAPI focused type probe
$ grep -n "interface ExtensionAPI" ...types.d.ts
783:export interface ExtensionAPI {
$ grep -n "exec(command" ...types.d.ts
853:    exec(command: string, args: string[], options?: ExecOptions): Promise<ExecResult>;
$ grep -n "appendEntry" ...types.d.ts
845:    appendEntry<T = unknown>(customType: string, data?: T): void;
1077:    appendEntry: AppendEntryHandler;
.ai/docs/issue-workflow/refine-issue-leverage-order-2026-05-10/final-order.md:22:6. `.ai/issues/refine/ISSUE-018-goal-start-in-worktree.md` — Option to start a new goal in a worktree.
.ai/issues/refine/ISSUE-019-parallel-multiple-goals.md:12:- `.ai/issues/refine/ISSUE-018-goal-start-in-worktree.md`
.ai/issues/open/ISSUE-016-goal-idle-tolerant-mode.md:18:- `.ai/issues/refine/ISSUE-018-goal-start-in-worktree.md`

## writeback and promotion operations
$ rm .ai/issues/refine/ISSUE-018-goal-start-in-worktree.md
removed refine copy after open issue writeback
$ rg -n "issues/refine/ISSUE-018|ISSUE-018-goal-start-in-worktree" .ai/issues .ai/docs/issue-workflow/refine-issue-leverage-order-2026-05-10/final-order.md
.ai/docs/issue-workflow/refine-issue-leverage-order-2026-05-10/final-order.md:22:6. `.ai/issues/open/ISSUE-018-goal-start-in-worktree.md` — Option to start a new goal in a worktree.
.ai/issues/open/ISSUE-018-goal-start-in-worktree.md:38:- Request intake: `.ai/docs/issue-workflow/ISSUE-018-goal-start-in-worktree/00-request.md`
.ai/issues/open/ISSUE-018-goal-start-in-worktree.md:39:- Protocol read: `.ai/docs/issue-workflow/ISSUE-018-goal-start-in-worktree/01-protocol-read.md`
.ai/issues/open/ISSUE-018-goal-start-in-worktree.md:40:- Grounded research: `.ai/docs/issue-workflow/ISSUE-018-goal-start-in-worktree/02-grounded-research.md`
.ai/issues/open/ISSUE-018-goal-start-in-worktree.md:41:- Design lock: `.ai/docs/issue-workflow/ISSUE-018-goal-start-in-worktree/03-design-lock.md`
.ai/issues/open/ISSUE-018-goal-start-in-worktree.md:42:- Proof threat model: `.ai/docs/issue-workflow/ISSUE-018-goal-start-in-worktree/04-proof-threat-model.md`
.ai/issues/open/ISSUE-018-goal-start-in-worktree.md:43:- Issue writeback: `.ai/docs/issue-workflow/ISSUE-018-goal-start-in-worktree/05-issue-writeback.md`
.ai/issues/open/ISSUE-018-goal-start-in-worktree.md:44:- Final audit: `.ai/docs/issue-workflow/ISSUE-018-goal-start-in-worktree/06-final-audit.md`
.ai/issues/open/ISSUE-018-goal-start-in-worktree.md:45:- Raw command log: `.ai/docs/issue-workflow/ISSUE-018-goal-start-in-worktree/raw/commands.log`
.ai/issues/open/ISSUE-018-goal-start-in-worktree.md:46:- Sentrux planning sensor: `.ai/docs/issue-workflow/ISSUE-018-goal-start-in-worktree/raw/sentrux-gate.log`
.ai/issues/open/ISSUE-018-goal-start-in-worktree.md:47:- Stale reference scan before promotion: `.ai/docs/issue-workflow/ISSUE-018-goal-start-in-worktree/raw/stale-018-references-before.log`
.ai/issues/open/ISSUE-018-goal-start-in-worktree.md:104:Source artifact: `.ai/docs/issue-workflow/ISSUE-018-goal-start-in-worktree/02-grounded-research.md`.
.ai/issues/open/ISSUE-018-goal-start-in-worktree.md:119:Source artifact: `.ai/docs/issue-workflow/ISSUE-018-goal-start-in-worktree/03-design-lock.md`.
.ai/issues/open/ISSUE-018-goal-start-in-worktree.md:175:Source artifact: `.ai/docs/issue-workflow/ISSUE-018-goal-start-in-worktree/04-proof-threat-model.md`.
.ai/issues/open/ISSUE-016-goal-idle-tolerant-mode.md:18:- `.ai/issues/open/ISSUE-018-goal-start-in-worktree.md`
.ai/issues/refine/ISSUE-019-parallel-multiple-goals.md:12:- `.ai/issues/open/ISSUE-018-goal-start-in-worktree.md`

## validation expansion probe for ISSUE-018 planning invariant
$ node - <<'NODE'

## validation expansion probe rerun after correcting case-sensitive needle
$ node - <<'NODE'

## validation expansion probe rerun with issue wording
$ node - <<'NODE'
PASS issue018_invariant_probe safe_worktree_design_locked links=13
node_probe_exit=0
$ npm run quality:goal

> pi-goals@0.2.0 quality:goal
> sentrux gate .pi/extensions/goal && sentrux check .pi/extensions/goal && npm run slop:goal && npm run typecheck:goal && pi --offline --no-session --no-tools -e .pi/extensions/goal/index.ts --list-models >/tmp/pi-goal-quality-load.txt

Scanning .pi/extensions/goal...
[build_project_map] 30 files, 2 unique dirs, 2 cache misses, 0.1ms
[resolve] 112 resolved, 22 unresolved (of 134 total specs)
[resolve_imports] project_map 0.1ms, suffix_idx 0.1ms, suffix_resolve 1.0ms, total 1.2ms
[build_graphs] 30 files | maps 0.0ms, imports 1.2ms, calls+inherit 0.5ms, total 1.8ms | 111 import, 591 call, 0 inherit edges
sentrux gate — structural regression check

Quality:      6241 -> 6241
Coupling:     0.16 → 0.16
Cycles:       0 → 0
God files:    0 → 0

Distance from Main Sequence: 0.25

✓ No degradation detected
Scanning .pi/extensions/goal...
[build_project_map] 30 files, 2 unique dirs, 2 cache misses, 0.1ms
[resolve] 112 resolved, 22 unresolved (of 134 total specs)
[resolve_imports] project_map 0.1ms, suffix_idx 0.1ms, suffix_resolve 0.9ms, total 1.1ms
[build_graphs] 30 files | maps 0.0ms, imports 1.2ms, calls+inherit 0.5ms, total 1.7ms | 111 import, 591 call, 0 inherit edges
sentrux check — 33 rules checked

Quality: 6241

✓ All rules pass

> pi-goals@0.2.0 slop:goal
> if rg -n 'as unknown as|as any' .pi/extensions/goal; then exit 1; else exit 0; fi


> pi-goals@0.2.0 typecheck:goal
> tsc --noEmit --target ES2022 --module ESNext --moduleResolution node --ignoreDeprecations 6.0 --types node --strict --skipLibCheck .pi/extensions/goal/*.ts

provider      model                       context  max-out  thinking  images
anthropic     claude-3-5-haiku-20241022   200K     8.2K     no        yes
anthropic     claude-3-5-haiku-latest     200K     8.2K     no        yes
anthropic     claude-3-5-sonnet-20240620  200K     8.2K     no        yes
anthropic     claude-3-5-sonnet-20241022  200K     8.2K     no        yes
anthropic     claude-3-7-sonnet-20250219  200K     64K      yes       yes
anthropic     claude-3-haiku-20240307     200K     4.1K     no        yes
anthropic     claude-3-opus-20240229      200K     4.1K     no        yes
anthropic     claude-3-sonnet-20240229    200K     4.1K     no        yes
anthropic     claude-haiku-4-5            200K     64K      yes       yes
anthropic     claude-haiku-4-5-20251001   200K     64K      yes       yes
anthropic     claude-opus-4-0             200K     32K      yes       yes
anthropic     claude-opus-4-1             200K     32K      yes       yes
anthropic     claude-opus-4-1-20250805    200K     32K      yes       yes
anthropic     claude-opus-4-20250514      200K     32K      yes       yes
anthropic     claude-opus-4-5             200K     64K      yes       yes
anthropic     claude-opus-4-5-20251101    200K     64K      yes       yes
anthropic     claude-opus-4-6             1M       128K     yes       yes
anthropic     claude-opus-4-7             1M       128K     yes       yes
anthropic     claude-sonnet-4-0           200K     64K      yes       yes
anthropic     claude-sonnet-4-20250514    200K     64K      yes       yes
anthropic     claude-sonnet-4-5           200K     64K      yes       yes
anthropic     claude-sonnet-4-5-20250929  200K     64K      yes       yes
anthropic     claude-sonnet-4-6           1M       64K      yes       yes
openai-codex  gpt-5.1                     272K     128K     yes       yes
openai-codex  gpt-5.1-codex-max           272K     128K     yes       yes
openai-codex  gpt-5.1-codex-mini          272K     128K     yes       yes
openai-codex  gpt-5.2                     272K     128K     yes       yes
openai-codex  gpt-5.2-codex               272K     128K     yes       yes
openai-codex  gpt-5.3-codex               272K     128K     yes       yes
openai-codex  gpt-5.3-codex-spark         128K     128K     yes       no
openai-codex  gpt-5.4                     272K     128K     yes       yes
openai-codex  gpt-5.4-mini                272K     128K     yes       yes
openai-codex  gpt-5.5                     272K     128K     yes       yes
opencode-go   deepseek-v4-flash           1M       384K     yes       no
opencode-go   deepseek-v4-pro             1M       384K     yes       no
opencode-go   glm-5                       202.8K   32.8K    yes       no
opencode-go   glm-5.1                     202.8K   32.8K    yes       no
opencode-go   kimi-k2.5                   262.1K   65.5K    yes       yes
opencode-go   kimi-k2.6                   262.1K   65.5K    yes       yes
opencode-go   mimo-v2.5                   1M       128K     yes       yes
opencode-go   mimo-v2.5-pro               1.0M     128K     yes       no
opencode-go   minimax-m2.5                204.8K   65.5K    yes       no
opencode-go   minimax-m2.7                204.8K   131.1K   yes       no
opencode-go   qwen3.5-plus                262.1K   65.5K    yes       yes
opencode-go   qwen3.6-plus                262.1K   65.5K    yes       yes
quality_goal_exit=0

## final validation probes
$ git diff --check
diff_check_exit=0

$ test -f .ai/issues/open/ISSUE-018-goal-start-in-worktree.md && test ! -e .ai/issues/refine/ISSUE-018-goal-start-in-worktree.md
promotion_path_probe_exit=0

$ node required proof/artifact link probe
PASS issue018_required_proofs_and_artifacts rows=7

$ git status --short --untracked-files=all .ai/issues/open/ISSUE-018-goal-start-in-worktree.md .ai/issues/refine/ISSUE-018-goal-start-in-worktree.md .ai/docs/issue-workflow/ISSUE-018-goal-start-in-worktree | head -120
 D .ai/issues/refine/ISSUE-018-goal-start-in-worktree.md
?? .ai/docs/issue-workflow/ISSUE-018-goal-start-in-worktree/00-request.md
?? .ai/docs/issue-workflow/ISSUE-018-goal-start-in-worktree/01-protocol-read.md
?? .ai/docs/issue-workflow/ISSUE-018-goal-start-in-worktree/02-grounded-research.md
?? .ai/docs/issue-workflow/ISSUE-018-goal-start-in-worktree/03-design-lock.md
?? .ai/docs/issue-workflow/ISSUE-018-goal-start-in-worktree/04-proof-threat-model.md
?? .ai/docs/issue-workflow/ISSUE-018-goal-start-in-worktree/05-issue-writeback.md
?? .ai/docs/issue-workflow/ISSUE-018-goal-start-in-worktree/raw/commands.log
?? .ai/docs/issue-workflow/ISSUE-018-goal-start-in-worktree/raw/final-validation.log
?? .ai/docs/issue-workflow/ISSUE-018-goal-start-in-worktree/raw/issue018-invariant-probe.log
?? .ai/docs/issue-workflow/ISSUE-018-goal-start-in-worktree/raw/quality-goal-open-promotion.log
?? .ai/docs/issue-workflow/ISSUE-018-goal-start-in-worktree/raw/sentrux-gate.log
?? .ai/docs/issue-workflow/ISSUE-018-goal-start-in-worktree/raw/stale-018-references-before.log
?? .ai/issues/open/ISSUE-018-goal-start-in-worktree.md

$ git check-ignore -v .ai/docs/issue-workflow/ISSUE-018-goal-start-in-worktree/00-request.md || true
.gitignore:11:!.ai/docs/issue-workflow/**	.ai/docs/issue-workflow/ISSUE-018-goal-start-in-worktree/00-request.md

## final validation probes after final audit artifact
$ test -f .ai/docs/issue-workflow/ISSUE-018-goal-start-in-worktree/06-final-audit.md
final_audit_exists=1
$ node issue links and artifact existence probe
PASS issue018_all_required_artifacts_linked_and_exist count=8
$ git status --short --untracked-files=all .ai/issues/open/ISSUE-018-goal-start-in-worktree.md .ai/issues/refine/ISSUE-018-goal-start-in-worktree.md .ai/docs/issue-workflow/ISSUE-018-goal-start-in-worktree | head -140
 D .ai/issues/refine/ISSUE-018-goal-start-in-worktree.md
?? .ai/docs/issue-workflow/ISSUE-018-goal-start-in-worktree/00-request.md
?? .ai/docs/issue-workflow/ISSUE-018-goal-start-in-worktree/01-protocol-read.md
?? .ai/docs/issue-workflow/ISSUE-018-goal-start-in-worktree/02-grounded-research.md
?? .ai/docs/issue-workflow/ISSUE-018-goal-start-in-worktree/03-design-lock.md
?? .ai/docs/issue-workflow/ISSUE-018-goal-start-in-worktree/04-proof-threat-model.md
?? .ai/docs/issue-workflow/ISSUE-018-goal-start-in-worktree/05-issue-writeback.md
?? .ai/docs/issue-workflow/ISSUE-018-goal-start-in-worktree/06-final-audit.md
?? .ai/docs/issue-workflow/ISSUE-018-goal-start-in-worktree/raw/commands.log
?? .ai/docs/issue-workflow/ISSUE-018-goal-start-in-worktree/raw/final-validation.log
?? .ai/docs/issue-workflow/ISSUE-018-goal-start-in-worktree/raw/issue018-invariant-probe.log
?? .ai/docs/issue-workflow/ISSUE-018-goal-start-in-worktree/raw/quality-goal-open-promotion.log
?? .ai/docs/issue-workflow/ISSUE-018-goal-start-in-worktree/raw/sentrux-gate.log
?? .ai/docs/issue-workflow/ISSUE-018-goal-start-in-worktree/raw/stale-018-references-before.log
?? .ai/issues/open/ISSUE-018-goal-start-in-worktree.md
$ git check-ignore -v .ai/docs/issue-workflow/ISSUE-018-goal-start-in-worktree/06-final-audit.md || true
.gitignore:11:!.ai/docs/issue-workflow/**	.ai/docs/issue-workflow/ISSUE-018-goal-start-in-worktree/06-final-audit.md

## stale dependency path audit after promotion
$ rg -n "\.ai/issues/refine/ISSUE-018-goal-start-in-worktree\.md" .ai/issues .ai/docs/issue-workflow/refine-issue-leverage-order-2026-05-10 --glob "!**/raw/**"
.ai/docs/issue-workflow/refine-issue-leverage-order-2026-05-10/01-open-promotion-addendum.md:16:6. `.ai/issues/refine/ISSUE-018-goal-start-in-worktree.md`
stale_refine_issue018_refs=FOUND

## stale dependency path audit rerun after addendum update
$ rg -n "\.ai/issues/refine/ISSUE-018-goal-start-in-worktree\.md" .ai/issues .ai/docs/issue-workflow/refine-issue-leverage-order-2026-05-10 --glob "!**/raw/**"
PASS stale_refine_issue018_refs=0

## final validation probes after stale reference fix
$ git diff --check
diff_check_exit=0
$ node issue links and artifact existence probe
PASS issue018_all_required_artifacts_linked_and_exist count=9
$ rg stale refine reference final
PASS stale_refine_issue018_refs=0

## final closeout status
$ git status --short --untracked-files=all .ai/issues/open/ISSUE-018-goal-start-in-worktree.md .ai/issues/refine/ISSUE-018-goal-start-in-worktree.md .ai/docs/issue-workflow/ISSUE-018-goal-start-in-worktree .ai/issues/refine/ISSUE-019-parallel-multiple-goals.md .ai/issues/open/ISSUE-016-goal-idle-tolerant-mode.md .ai/docs/issue-workflow/refine-issue-leverage-order-2026-05-10/final-order.md .ai/docs/issue-workflow/refine-issue-leverage-order-2026-05-10/01-open-promotion-addendum.md .pi/extensions/goal/.sentrux/baseline.json
 M .ai/docs/issue-workflow/refine-issue-leverage-order-2026-05-10/01-open-promotion-addendum.md
 M .ai/docs/issue-workflow/refine-issue-leverage-order-2026-05-10/final-order.md
 M .ai/issues/open/ISSUE-016-goal-idle-tolerant-mode.md
 D .ai/issues/refine/ISSUE-018-goal-start-in-worktree.md
 M .ai/issues/refine/ISSUE-019-parallel-multiple-goals.md
 M .pi/extensions/goal/.sentrux/baseline.json
?? .ai/docs/issue-workflow/ISSUE-018-goal-start-in-worktree/00-request.md
?? .ai/docs/issue-workflow/ISSUE-018-goal-start-in-worktree/01-protocol-read.md
?? .ai/docs/issue-workflow/ISSUE-018-goal-start-in-worktree/02-grounded-research.md
?? .ai/docs/issue-workflow/ISSUE-018-goal-start-in-worktree/03-design-lock.md
?? .ai/docs/issue-workflow/ISSUE-018-goal-start-in-worktree/04-proof-threat-model.md
?? .ai/docs/issue-workflow/ISSUE-018-goal-start-in-worktree/05-issue-writeback.md
?? .ai/docs/issue-workflow/ISSUE-018-goal-start-in-worktree/06-final-audit.md
?? .ai/docs/issue-workflow/ISSUE-018-goal-start-in-worktree/raw/commands.log
?? .ai/docs/issue-workflow/ISSUE-018-goal-start-in-worktree/raw/final-validation.log
?? .ai/docs/issue-workflow/ISSUE-018-goal-start-in-worktree/raw/issue018-invariant-probe.log
?? .ai/docs/issue-workflow/ISSUE-018-goal-start-in-worktree/raw/quality-goal-open-promotion.log
?? .ai/docs/issue-workflow/ISSUE-018-goal-start-in-worktree/raw/sentrux-gate.log
?? .ai/docs/issue-workflow/ISSUE-018-goal-start-in-worktree/raw/stale-018-references-before.log
?? .ai/docs/issue-workflow/ISSUE-018-goal-start-in-worktree/raw/stale-reference-audit.log
?? .ai/issues/open/ISSUE-018-goal-start-in-worktree.md
