$ pwd
~/dev/personal/experiments/pi-goals

$ git status --short --untracked-files=all
 M .gitignore
?? .ai/docs/issue-workflow/ISSUE-036-minimum-goal-spend-floors/raw/commands.log
?? .ai/docs/monitor-semantics-steering-latency-prototype.md

$ find .ai/issues -maxdepth 2 -type d | sort
.ai/issues
.ai/issues/closed
.ai/issues/defer
.ai/issues/fixed
.ai/issues/open
.ai/issues/refine

$ find .ai/issues/open .ai/issues/refine .ai/issues/fixed .ai/issues/defer .ai/issues/closed -maxdepth 1 -type f -name ISSUE-*.md | sort | tail -80
.ai/issues/fixed/ISSUE-001-pi-goal-extension.md
.ai/issues/fixed/ISSUE-002-goal-pause-active-turn-interrupt.md
.ai/issues/fixed/ISSUE-003-paused-goal-continuation-guard.md
.ai/issues/fixed/ISSUE-004-goal-subcommand-fuzzy-autocomplete.md
.ai/issues/fixed/ISSUE-005-goal-widget-labels-and-time-budget.md
.ai/issues/fixed/ISSUE-006-goal-widget-card-ui.md
.ai/issues/fixed/ISSUE-007-goal-budget-warning-and-hard-stop.md
.ai/issues/fixed/ISSUE-008-goal-objective-limit-15k.md
.ai/issues/fixed/ISSUE-009-goal-budget-edit-status-recompute.md
.ai/issues/fixed/ISSUE-010-goal-update-telemetry-completion-semantics.md
.ai/issues/fixed/ISSUE-012-goal-budget-limited-resume-and-wrapup-gaps.md
.ai/issues/fixed/ISSUE-017-reusable-goal-prompt-docs.md
.ai/issues/fixed/ISSUE-020-goal-churn-monitor.md
.ai/issues/fixed/ISSUE-025-goal-line-breaks-widget-rendering.md
.ai/issues/fixed/ISSUE-026-nl-reusable-goal-prompts.md
.ai/issues/fixed/ISSUE-027-goal-queue.md
.ai/issues/fixed/ISSUE-028-goal-replacement-preview.md
.ai/issues/fixed/ISSUE-029-goal-queue-direct-enqueue.md
.ai/issues/fixed/ISSUE-030-queued-goal-steering.md
.ai/issues/fixed/ISSUE-031-goal-queue-template-autocomplete.md
.ai/issues/fixed/ISSUE-032-prose-queue-orchestration-guidance.md
.ai/issues/fixed/ISSUE-033-resume-processes-queued-goals.md
.ai/issues/fixed/ISSUE-034-prevent-unsatisfied-queued-goal-discard.md
.ai/issues/fixed/ISSUE-035-multi-item-goal-queue-block.md
.ai/issues/refine/ISSUE-011-goal-widget-real-component-and-narrow-width.md
.ai/issues/refine/ISSUE-013-goal-update-natural-language.md
.ai/issues/refine/ISSUE-014-goal-progress-estimates.md
.ai/issues/refine/ISSUE-015-goal-subgoals.md
.ai/issues/refine/ISSUE-016-goal-idle-tolerant-mode.md
.ai/issues/refine/ISSUE-018-goal-start-in-worktree.md
.ai/issues/refine/ISSUE-019-parallel-multiple-goals.md
.ai/issues/refine/ISSUE-021-goal-completion-proofs.md
.ai/issues/refine/ISSUE-022-goal-history-checkpoints-and-compaction.md
.ai/issues/refine/ISSUE-023-goal-dependency-triggers-and-watchers.md
.ai/issues/refine/ISSUE-024-goal-audit-command.md

$ find .ai/issues -type f -name ISSUE-*.md | sed ... | sort -n | tail -1
ISSUE-036

$ rg -n "budget|token_budget|time_budget|Token budget|Time budget|wrap|wrap up|complete|status|telemetry|elapsed|goal" .pi/extensions/goal package.json .ai/docs/pi-goals-live-probe-testing.md
package.json:2:  "name": "pi-goals",
package.json:4:  "description": "Persistent goal tracking for Pi with /tree-compatible state, budgets, reusable prompts, and churn monitoring.",
package.json:5:  "main": ".pi/extensions/goal/index.ts",
package.json:7:    ".pi/extensions/goal/*.ts",
package.json:12:    "typecheck:goal": "tsc --noEmit --target ES2022 --module ESNext --moduleResolution node --ignoreDeprecations 6.0 --types node --strict --skipLibCheck .pi/extensions/goal/*.ts",
package.json:13:    "slop:goal": "if rg -n 'as unknown as|as any' .pi/extensions/goal; then exit 1; else exit 0; fi",
package.json:14:    "quality:goal": "sentrux gate .pi/extensions/goal && sentrux check .pi/extensions/goal && npm run slop:goal && npm run typecheck:goal && pi --offline --no-session --no-tools -e .pi/extensions/goal/index.ts --list-models >/tmp/pi-goal-quality-load.txt"
package.json:18:    "url": "git+https://github.com/transcendr/pi-goals.git"
package.json:25:    "goal",
package.json:33:      ".pi/extensions/goal/index.ts"
package.json:40:    "url": "https://github.com/transcendr/pi-goals/issues"
package.json:42:  "homepage": "https://github.com/transcendr/pi-goals#readme",
.ai/docs/pi-goals-live-probe-testing.md:1:# Pi-goals live probe agent testing
.ai/docs/pi-goals-live-probe-testing.md:3:This document is the canonical project-local guide for validating `pi-goal` behavior in a real Pi interactive session through Solo. It complements deterministic probes and `npm run quality:goal`; it does not replace them.
.ai/docs/pi-goals-live-probe-testing.md:7:Use the live probe surface when a `pi-goal` change affects behavior that only becomes trustworthy in the real Pi TUI/agent loop, such as:
.ai/docs/pi-goals-live-probe-testing.md:9:- slash-command dispatch and autocomplete interactions;
.ai/docs/pi-goals-live-probe-testing.md:10:- goal widget/status rendering and notifications;
.ai/docs/pi-goals-live-probe-testing.md:15:A live probe is usually expected for behavior-changing fixes in `pi-goals` unless the user explicitly says not to run one.
.ai/docs/pi-goals-live-probe-testing.md:41:pi-goals-live-probe
.ai/docs/pi-goals-live-probe-testing.md:49:SOLO_INSTANCE="${SOLO_INSTANCE:-solo-pi_goals}"
.ai/docs/pi-goals-live-probe-testing.md:53:solo-mcp --instance "$SOLO_INSTANCE" process status pi-goals-live-probe --project "$SOLO_PROJECT"
.ai/docs/pi-goals-live-probe-testing.md:56:If status-by-name is unsupported in the installed CLI, list processes and select the running process named `pi-goals-live-probe`; store its id in a shell variable for the current validation only:
.ai/docs/pi-goals-live-probe-testing.md:65:PROBE_PROCESS="pi-goals-live-probe"
.ai/docs/pi-goals-live-probe-testing.md:70:Only spawn a new probe when no suitable existing `pi-goals-live-probe` process is alive.
.ai/docs/pi-goals-live-probe-testing.md:72:Use a Pi runtime agent process named `pi-goals-live-probe` in the current project:
.ai/docs/pi-goals-live-probe-testing.md:75:SOLO_INSTANCE="${SOLO_INSTANCE:-solo-pi_goals}"
.ai/docs/pi-goals-live-probe-testing.md:82:  --name pi-goals-live-probe
.ai/docs/pi-goals-live-probe-testing.md:85:After spawning, wait until the process is ready before sending commands. Check status/output rather than assuming immediate readiness:
.ai/docs/pi-goals-live-probe-testing.md:88:solo-mcp --instance "$SOLO_INSTANCE" process status pi-goals-live-probe --project "$SOLO_PROJECT"
.ai/docs/pi-goals-live-probe-testing.md:89:solo-mcp --instance "$SOLO_INSTANCE" process output pi-goals-live-probe --project "$SOLO_PROJECT" --lines 80
.ai/docs/pi-goals-live-probe-testing.md:97:solo-mcp --instance "$SOLO_INSTANCE" process send "$PROBE_PROCESS" --project "$SOLO_PROJECT" --input '/goal queue count to five'
.ai/docs/pi-goals-live-probe-testing.md:103:- For single slash-command inputs, the local `solo-mcp` CLI sends a follow-up raw Enter after a 500ms delay to handle Pi autocomplete consuming the first Enter.
.ai/docs/pi-goals-live-probe-testing.md:113:solo-mcp --instance "$SOLO_INSTANCE" process send "$PROBE_PROCESS" --project "$SOLO_PROJECT" --input '/goal queue count to five'
.ai/docs/pi-goals-live-probe-testing.md:118:Some `/goal` paths can open a TUI confirmation such as Replace / Queue / Cancel when a goal already exists.
.ai/docs/pi-goals-live-probe-testing.md:128:For stale prompt text, autocomplete overlays, or accidental partial input, prefer clearing the editor before the next scripted command:
.ai/docs/pi-goals-live-probe-testing.md:153:Use this when validating queue steering or `/goal resume` behavior:
.ai/docs/pi-goals-live-probe-testing.md:156:solo-mcp --instance "$SOLO_INSTANCE" process send "$PROBE_PROCESS" --project "$SOLO_PROJECT" --input '/goal clear'
.ai/docs/pi-goals-live-probe-testing.md:158:solo-mcp --instance "$SOLO_INSTANCE" process send "$PROBE_PROCESS" --project "$SOLO_PROJECT" --input '/goal queue count to five'
.ai/docs/pi-goals-live-probe-testing.md:160:solo-mcp --instance "$SOLO_INSTANCE" process send "$PROBE_PROCESS" --project "$SOLO_PROJECT" --input '/goal resume'
.ai/docs/pi-goals-live-probe-testing.md:165:Expected evidence for no-active-goal resume:
.ai/docs/pi-goals-live-probe-testing.md:167:- `No active goal. Resuming queued goal processing for 1 queued goal.`
.ai/docs/pi-goals-live-probe-testing.md:168:- `start_queued_goal` starts the queued item.
.ai/docs/pi-goals-live-probe-testing.md:169:- the queued goal objective is completed.
.ai/docs/pi-goals-live-probe-testing.md:171:To validate completed-goal resume, leave a completed current goal, enqueue another goal, then run `/goal resume`:
.ai/docs/pi-goals-live-probe-testing.md:174:solo-mcp --instance "$SOLO_INSTANCE" process send "$PROBE_PROCESS" --project "$SOLO_PROJECT" --input '/goal queue count to five'
.ai/docs/pi-goals-live-probe-testing.md:176:solo-mcp --instance "$SOLO_INSTANCE" process send "$PROBE_PROCESS" --project "$SOLO_PROJECT" --input '/goal resume'
.ai/docs/pi-goals-live-probe-testing.md:183:- `Goal is complete. Resuming queued goal processing for 1 queued goal.`
.ai/docs/pi-goals-live-probe-testing.md:184:- `start_queued_goal` starts the queued item.
.ai/docs/pi-goals-live-probe-testing.md:185:- the queued goal objective is completed.
.ai/docs/pi-goals-live-probe-testing.md:190:solo-mcp --instance "$SOLO_INSTANCE" process send "$PROBE_PROCESS" --project "$SOLO_PROJECT" --input '/goal queue'
.ai/docs/pi-goals-live-probe-testing.md:197:A live probe is complete only when the transcript or output shows the behavior under test. Good evidence includes:
.ai/docs/pi-goals-live-probe-testing.md:202:- final queue/goal state when relevant.
.ai/docs/pi-goals-live-probe-testing.md:208:- Prefer existing `pi-goals-live-probe`; do not spawn duplicate probe agents casually.
.ai/docs/pi-goals-live-probe-testing.md:213:- Clean up goals/queues deliberately. Do not discard queued work without explicit authorization or a satisfied queue head.
.pi/extensions/goal/command.ts:2:import type { AutocompleteItem } from "@earendil-works/pi-tui";
.pi/extensions/goal/command.ts:4:import { canActivateGoal, budgetLimitReason } from "./budget";
.pi/extensions/goal/command.ts:5:import { validateObjective, goalStatusLabel } from "./format";
.pi/extensions/goal/command.ts:7:import { createTelemetry, resetSafetyCounters } from "./telemetry";
.pi/extensions/goal/command.ts:28:	{ name: "pause", description: "Pause the current goal" },
.pi/extensions/goal/command.ts:29:	{ name: "resume", description: "Resume a paused goal" },
.pi/extensions/goal/command.ts:30:	{ name: "clear", description: "Clear the current goal" },
.pi/extensions/goal/command.ts:31:	{ name: "queue", description: "List queued goals or enqueue a new goal" },
.pi/extensions/goal/command.ts:43:	pi.registerCommand("goal", {
.pi/extensions/goal/command.ts:44:		description: "Set or view the goal for a long-running task",
.pi/extensions/goal/command.ts:45:		getArgumentCompletions: goalArgumentCompletions,
.pi/extensions/goal/command.ts:50:export function goalArgumentCompletions(argumentPrefix: string): AutocompleteItem[] | null {
.pi/extensions/goal/command.ts:63:function templateCompletions(query: string, valuePrefix = ""): AutocompleteItem[] {
.pi/extensions/goal/command.ts:102:		const goal = getGoal();
.pi/extensions/goal/command.ts:103:		if (goal) showGoalSummary(ctx, goal);
.pi/extensions/goal/command.ts:187:				notifyInfo(ctx, `Queued goal: ${queued.queueId}`);
.pi/extensions/goal/command.ts:193:		cancelContinuation(existing.goalId, "replace");
.pi/extensions/goal/command.ts:194:		cancelMonitor(existing.goalId, "replace");
.pi/extensions/goal/command.ts:197:	const goal = createGoalState(validation.objective);
.pi/extensions/goal/command.ts:198:	const telemetry = createTelemetry(goal.goalId, goal.createdAt);
.pi/extensions/goal/command.ts:199:	persistSetGoal(pi, goal, telemetry, "command");
.pi/extensions/goal/command.ts:200:	syncGoalUi(ctx, goal);
.pi/extensions/goal/command.ts:201:	notifyGoal(ctx, goal);
.pi/extensions/goal/command.ts:209:	return `Goal already active. New resolved goal:\n\n${preview}\n\nChoose action:`;
.pi/extensions/goal/command.ts:219:	const goal = getGoal();
.pi/extensions/goal/command.ts:220:	if (!goal) {
.pi/extensions/goal/command.ts:221:		notifyInfo(ctx, `${GOAL_USAGE}\nNo goal is currently set.`);
.pi/extensions/goal/command.ts:224:	cancelContinuation(goal.goalId, "pause");
.pi/extensions/goal/command.ts:225:	cancelMonitor(goal.goalId, "pause");
.pi/extensions/goal/command.ts:226:	const paused: GoalState = { ...goal, status: "paused", updatedAt: Date.now() };
.pi/extensions/goal/command.ts:232:		notifyWarning(ctx, "Goal paused. The active turn was interrupted; run /goal resume to continue.");
.pi/extensions/goal/command.ts:237:	const goal = getGoal();
.pi/extensions/goal/command.ts:239:	if (!goal) {
.pi/extensions/goal/command.ts:241:			sendQueueSteering("goal-resume", { triggerTurn: true });
.pi/extensions/goal/command.ts:242:			notifyInfo(ctx, `No active goal. Resuming queued goal processing for ${queue.length} queued goal${queue.length > 1 ? "s" : ""}.`);
.pi/extensions/goal/command.ts:248:	if (goal.status === "complete") {
.pi/extensions/goal/command.ts:250:			sendQueueSteering("goal-resume", { triggerTurn: true });
.pi/extensions/goal/command.ts:251:			notifyInfo(ctx, `Goal is complete. Resuming queued goal processing for ${queue.length} queued goal${queue.length > 1 ? "s" : ""}.`);
.pi/extensions/goal/command.ts:254:		notifyInfo(ctx, "Goal is complete. Use /goal clear before starting a new goal.");
.pi/extensions/goal/command.ts:257:	if (!canActivateGoal(goal)) {
.pi/extensions/goal/command.ts:258:		const reason = budgetLimitReason(goal);
.pi/extensions/goal/command.ts:259:		const resource = reason === "tokenBudget" ? "token" : reason === "timeBudget" ? "time" : "budget";
.pi/extensions/goal/command.ts:260:		notifyWarning(ctx, `Cannot resume: ${resource} budget is still exhausted. Raise the budget or use /goal clear before resuming.`);
.pi/extensions/goal/command.ts:263:	const active: GoalState = { ...goal, status: "active", updatedAt: Date.now() };
.pi/extensions/goal/command.ts:264:	const telemetry = resetSafetyCounters(getTelemetry());
.pi/extensions/goal/command.ts:265:	persistUpdateGoal(pi, active, telemetry, "resume");
.pi/extensions/goal/command.ts:266:	if (telemetry) persistTelemetry(pi, telemetry, "resume");
.pi/extensions/goal/command.ts:274:	const goal = getGoal();
.pi/extensions/goal/command.ts:275:	const hadGoal = Boolean(goal);
.pi/extensions/goal/command.ts:276:	cancelContinuation(goal?.goalId, "clear");
.pi/extensions/goal/command.ts:277:	cancelMonitor(goal?.goalId, "clear");
.pi/extensions/goal/command.ts:279:	syncGoalUi(ctx, result.goal);
.pi/extensions/goal/command.ts:281:	if (queue.length > 0) sendQueueSteering("goal-clear");
.pi/extensions/goal/command.ts:282:	const queueHint = queue.length > 0 ? `\n${queue.length} queued goal${queue.length > 1 ? "s" : ""} available. Queue steering was sent to the agent context.` : "";
.pi/extensions/goal/command.ts:283:	notifyInfo(ctx, hadGoal ? `Goal cleared${queueHint}` : `No goal to clear\nThis session does not currently have a goal.${queueHint}`);
.pi/extensions/goal/command.ts:291:			notifyInfo(ctx, "No queued goals.");
.pi/extensions/goal/command.ts:295:		notifyInfo(ctx, `Queued goals (${queue.length}):\n${lines.join("\n")}`);
.pi/extensions/goal/command.ts:304:			const goal = enqueueGoal(item.objective, "command", { template: item.template, templateFlags: item.templateFlags, templateArgs: item.templateArgs });
.pi/extensions/goal/command.ts:305:			persistEnqueue(pi, goal);
.pi/extensions/goal/command.ts:306:			return goal;
.pi/extensions/goal/command.ts:309:		notifyInfo(ctx, `Queued ${queued.length} goals:\n${lines.join("\n")}`);
.pi/extensions/goal/command.ts:322:	notifyInfo(ctx, `Queued goal: ${queued.queueId} \u2014 ${truncateObjective(validation.objective)}`);
.pi/extensions/goal/command.ts:335:			notifyWarning(ctx, `Queue item ${i + 1} (${item.marker} on line ${item.lineIndex + 1}) could not be resolved. No goals were queued.`);
.pi/extensions/goal/command.ts:341:			notifyWarning(ctx, `Queue item ${i + 1} (${item.marker} on line ${item.lineIndex + 1}) is invalid. No goals were queued.\n${message}`);
.pi/extensions/goal/widget.ts:2:import { commandHint, formatElapsed, formatTokensCompact, goalStatusLabel, objectiveExcerpt } from "./format";
.pi/extensions/goal/widget.ts:27:	budget?: number;
.pi/extensions/goal/widget.ts:36:export function goalWidgetFactory(goal: GoalState): (_tui: unknown, theme: GoalWidgetTheme) => GoalWidgetComponent {
.pi/extensions/goal/widget.ts:37:	return (_tui, theme) => new GoalWidget(goal, theme);
.pi/extensions/goal/widget.ts:40:export function renderGoalWidget(goal: GoalState, theme: GoalWidgetTheme, width: number): string[] {
.pi/extensions/goal/widget.ts:41:	if (width < MIN_CARD_WIDTH) return compactLines(goal, theme, width);
.pi/extensions/goal/widget.ts:44:	const style = statusStyle(goal);
.pi/extensions/goal/widget.ts:47:		contentLine(theme.fg("dim", objectiveExcerpt(goal.objective, contentWidth)), contentWidth, theme),
.pi/extensions/goal/widget.ts:48:		contentLine(resourceLine(timeResource(goal), theme), contentWidth, theme),
.pi/extensions/goal/widget.ts:49:		contentLine(resourceLine(tokenResource(goal), theme), contentWidth, theme),
.pi/extensions/goal/widget.ts:50:		contentLine(commandLine(goal.status, theme), contentWidth, theme),
.pi/extensions/goal/widget.ts:57:	constructor(private readonly goal: GoalState, private readonly theme: GoalWidgetTheme) {}
.pi/extensions/goal/widget.ts:60:		return renderGoalWidget(this.goal, this.theme, width);
.pi/extensions/goal/widget.ts:66:function compactLines(goal: GoalState, theme: GoalWidgetTheme, width: number): string[] {
.pi/extensions/goal/widget.ts:67:	const style = statusStyle(goal);
.pi/extensions/goal/widget.ts:68:	const status = theme.fg(style.color, `${style.icon} ${style.label}`);
.pi/extensions/goal/widget.ts:70:		truncateToWidth(`${status} ${objectiveExcerpt(goal.objective, Math.max(6, width - 10))}`, width),
.pi/extensions/goal/widget.ts:71:		truncateToWidth(`${timeValue(goal)}  ${tokenValue(goal)}`, width),
.pi/extensions/goal/widget.ts:72:		truncateToWidth(commandHint(goal.status).replace(/^Commands: /, ""), width),
.pi/extensions/goal/widget.ts:77:	const title = theme.bold(theme.fg(style.color, `${style.icon} pi-goal`));
.pi/extensions/goal/widget.ts:94:function commandLine(status: GoalStatus, theme: GoalWidgetTheme): string {
.pi/extensions/goal/widget.ts:95:	const commands = commandHint(status).replace(/^Commands: /, "").split(", ");
.pi/extensions/goal/widget.ts:100:	if (spec.budget === undefined) return `${spec.icon} ${theme.fg("muted", spec.label)}  ${resourceValue(spec.used, spec.format, spec.suffix)}`;
.pi/extensions/goal/widget.ts:101:	const percent = percentage(spec.used, spec.budget);
.pi/extensions/goal/widget.ts:105:		`${spec.format(spec.used)} / ${spec.format(spec.budget)}`,
.pi/extensions/goal/widget.ts:115:function timeResource(goal: GoalState): ResourceSpec {
.pi/extensions/goal/widget.ts:116:	return { icon: "⏱", label: "Time", used: goal.timeUsedSeconds, budget: goal.timeBudgetSeconds, format: formatElapsed };
.pi/extensions/goal/widget.ts:119:function tokenResource(goal: GoalState): ResourceSpec {
.pi/extensions/goal/widget.ts:120:	return { icon: "◈", label: "Tokens", used: goal.tokensUsed, budget: goal.tokenBudget, format: formatTokensCompact, suffix: "tokens" };
.pi/extensions/goal/widget.ts:123:function timeValue(goal: GoalState): string {
.pi/extensions/goal/widget.ts:124:	return goal.timeBudgetSeconds === undefined ? `⏱ ${formatElapsed(goal.timeUsedSeconds)}` : `⏱ ${formatElapsed(goal.timeUsedSeconds)} / ${formatElapsed(goal.timeBudgetSeconds)}`;
.pi/extensions/goal/widget.ts:127:function tokenValue(goal: GoalState): string {
.pi/extensions/goal/widget.ts:128:	return goal.tokenBudget === undefined ? `◈ ${formatTokensCompact(goal.tokensUsed)} tokens` : `◈ ${formatTokensCompact(goal.tokensUsed)} / ${formatTokensCompact(goal.tokenBudget)}`;
.pi/extensions/goal/widget.ts:136:function percentage(used: number, budget: number): number {
.pi/extensions/goal/widget.ts:137:	return clamp(Math.round((Math.max(0, used) / Math.max(1, budget)) * 100), 0, 100);
.pi/extensions/goal/widget.ts:148:function statusStyle(goal: GoalState): StatusStyle {
.pi/extensions/goal/widget.ts:149:	switch (goal.status) {
.pi/extensions/goal/widget.ts:154:		case "budgetLimited":
.pi/extensions/goal/widget.ts:155:			return { icon: "⚠", label: goalStatusLabel(goal), color: "warning" };
.pi/extensions/goal/widget.ts:156:		case "complete":
.pi/extensions/goal/widget.ts:157:			return { icon: "✓", label: "complete", color: "success" };
.pi/extensions/goal/monitor.ts:21:	goalId: string;
.pi/extensions/goal/monitor.ts:28:	const goal = getGoal();
.pi/extensions/goal/monitor.ts:29:	if (!goal || goal.status !== "active") {
.pi/extensions/goal/monitor.ts:30:		cancelGoalMonitor(goal?.goalId, "inactive");
.pi/extensions/goal/monitor.ts:33:	if (pendingMonitor?.goalId === goal.goalId) return;
.pi/extensions/goal/monitor.ts:35:	const timer = setTimeout(() => void safelyRun(() => runMonitorCycle(pi, ctx, goal.goalId)), 25);
.pi/extensions/goal/monitor.ts:36:	pendingMonitor = { goalId: goal.goalId, timer };
.pi/extensions/goal/monitor.ts:39:export function cancelGoalMonitor(goalId?: string, _reason = "cancelled"): void {
.pi/extensions/goal/monitor.ts:40:	if (!pendingMonitor || (goalId && pendingMonitor.goalId !== goalId)) return;
.pi/extensions/goal/monitor.ts:79:async function runMonitorCycle(pi: ExtensionAPI, ctx: ExtensionContext, goalId: string): Promise<void> {
.pi/extensions/goal/monitor.ts:81:	if (!current || current.goalId !== goalId || current.status !== "active") {
.pi/extensions/goal/monitor.ts:82:		cancelGoalMonitor(goalId, "inactive");
.pi/extensions/goal/monitor.ts:90:		scheduleNextMonitorCycle(pi, ctx, goalId);
.pi/extensions/goal/monitor.ts:95:	const sessionPath = monitorSessionPath(ctx.cwd, report.goalId);
.pi/extensions/goal/monitor.ts:96:	mkdirSync(join(ctx.cwd, ".pi", "goal-monitor", "sessions"), { recursive: true });
.pi/extensions/goal/monitor.ts:116:		persistMonitorDecisionLog(pi, report.goalId, report.reportId, parseErrorDecision(parsed), false);
.pi/extensions/goal/monitor.ts:117:		console.warn(`[pi-goal] monitor parse failed: ${parsed.error}`);
.pi/extensions/goal/monitor.ts:121:	persistMonitorDecisionLog(pi, report.goalId, report.reportId, parsed.decision, steerInjected);
.pi/extensions/goal/monitor.ts:133:			details: { goalId: report.goalId, kind: "monitorSteer", promptId: report.reportId, createdAt: Date.now(), reportId: report.reportId },
.pi/extensions/goal/monitor.ts:139:function scheduleNextMonitorCycle(pi: ExtensionAPI, ctx: ExtensionContext, goalId: string): void {
.pi/extensions/goal/monitor.ts:141:	if (!current || current.goalId !== goalId || current.status !== "active") {
.pi/extensions/goal/monitor.ts:142:		cancelGoalMonitor(goalId, "inactive");
.pi/extensions/goal/monitor.ts:145:	const timer = setTimeout(() => void safelyRun(() => runMonitorCycle(pi, ctx, goalId)), GOAL_MONITOR_REPORT_INTERVAL_SECONDS * 1000);
.pi/extensions/goal/monitor.ts:146:	pendingMonitor = { goalId, timer };
.pi/extensions/goal/monitor.ts:151:	return Boolean(current && current.goalId === report.goalId && current.status === "active");
.pi/extensions/goal/monitor.ts:180:function monitorSessionPath(cwd: string, goalId: string): string {
.pi/extensions/goal/monitor.ts:181:	return join(cwd, ".pi", "goal-monitor", "sessions", `pi-goal-monitor-${goalId}.jsonl`);
.pi/extensions/goal/monitor.ts:189:		console.warn(`[pi-goal] monitor failed: ${message}`);
.pi/extensions/goal/monitor-report.ts:10:export function buildGoalMonitorReport(ctx: ExtensionContext, goal: GoalState, telemetry: GoalTelemetrySnapshot | null, now = Date.now()): GoalMonitorReport {
.pi/extensions/goal/monitor-report.ts:11:	const lastSentAt = getLastMonitorReportAt(goal.goalId);
.pi/extensions/goal/monitor-report.ts:13:	noteMonitorReportSent(goal.goalId, now);
.pi/extensions/goal/monitor-report.ts:17:		goalId: goal.goalId,
.pi/extensions/goal/monitor-report.ts:19:		elapsedSinceGoalStartSeconds: Math.max(0, Math.floor((now - goal.createdAt) / 1000)),
.pi/extensions/goal/monitor-report.ts:20:		elapsedSincePreviousReportSeconds: lastSentAt === undefined ? undefined : Math.max(0, Math.floor((now - lastSentAt) / 1000)),
.pi/extensions/goal/monitor-report.ts:21:		goal,
.pi/extensions/goal/monitor-report.ts:22:		telemetry,
.pi/extensions/goal/monitor-report.ts:29:		recentLogEntries: getRecentMonitorLogs(goal.goalId, GOAL_MONITOR_RECENT_LOG_LIMIT),
.pi/extensions/goal/continuation.ts:11:import { noteBudgetWrapUpSent, noteContinuationScheduled, noteContinuationSkipped, setNextTurnOrigin } from "./telemetry";
.pi/extensions/goal/continuation.ts:15:	goalId: string;
.pi/extensions/goal/continuation.ts:21:	goalId: string;
.pi/extensions/goal/continuation.ts:26:let budgetWrapUps = new Map<string, PendingBudgetWrapUp>();
.pi/extensions/goal/continuation.ts:29:	const goal = getGoal();
.pi/extensions/goal/continuation.ts:30:	if (!goal || goal.status !== "active") return;
.pi/extensions/goal/continuation.ts:32:	cancelGoalContinuation(goal.goalId, "reschedule-continuation");
.pi/extensions/goal/continuation.ts:33:	const telemetry = noteContinuationScheduled(getTelemetry(), reason);
.pi/extensions/goal/continuation.ts:34:	if (telemetry) persistTelemetry(pi, telemetry, "continuation");
.pi/extensions/goal/continuation.ts:35:	const goalId = goal.goalId;
.pi/extensions/goal/continuation.ts:37:		if (pendingContinuation?.goalId === goalId) pendingContinuation = undefined;
.pi/extensions/goal/continuation.ts:38:		void safelyRun(() => maybeContinueGoal(pi, ctx, reason, goalId));
.pi/extensions/goal/continuation.ts:40:	pendingContinuation = { goalId, reason, timer };
.pi/extensions/goal/continuation.ts:43:export function scheduleBudgetLimitWrapUp(pi: ExtensionAPI, ctx: ExtensionContext, goal: GoalState): void {
.pi/extensions/goal/continuation.ts:44:	if (budgetWrapUps.has(goal.goalId)) return;
.pi/extensions/goal/continuation.ts:46:		budgetWrapUps.delete(goal.goalId);
.pi/extensions/goal/continuation.ts:47:		void safelyRun(() => maybeSendBudgetWrapUp(pi, ctx, goal.goalId));
.pi/extensions/goal/continuation.ts:49:	budgetWrapUps.set(goal.goalId, { goalId: goal.goalId, timer });
.pi/extensions/goal/continuation.ts:52:export function cancelGoalContinuation(goalId?: string, _reason = "cancelled"): void {
.pi/extensions/goal/continuation.ts:53:	if (pendingContinuation && (!goalId || pendingContinuation.goalId === goalId)) {
.pi/extensions/goal/continuation.ts:57:	for (const [pendingGoalId, pending] of budgetWrapUps) {
.pi/extensions/goal/continuation.ts:58:		if (!goalId || pendingGoalId === goalId) {
.pi/extensions/goal/continuation.ts:60:			budgetWrapUps.delete(pendingGoalId);
.pi/extensions/goal/continuation.ts:65:export function interruptActiveGoalTurn(pi: ExtensionAPI, ctx: ExtensionContext, goal: GoalState): void {
.pi/extensions/goal/continuation.ts:67:	const prompt = buildPausePrompt(goal);
.pi/extensions/goal/continuation.ts:79:async function maybeContinueGoal(pi: ExtensionAPI, ctx: ExtensionContext, reason: ContinuationReason, goalId: string): Promise<void> {
.pi/extensions/goal/continuation.ts:80:	const goal = getGoal();
.pi/extensions/goal/continuation.ts:81:	if (!goal || goal.goalId !== goalId || goal.status !== "active") return skip(pi, "notActive");
.pi/extensions/goal/continuation.ts:84:	const telemetry = getTelemetry();
.pi/extensions/goal/continuation.ts:85:	if (telemetry && telemetry.consecutiveAutoTurns >= MAX_CONSECUTIVE_AUTO_TURNS) return skip(pi, "safetyCap");
.pi/extensions/goal/continuation.ts:86:	if (telemetry && telemetry.consecutiveNoProgressTurns >= MAX_NO_PROGRESS_AUTO_TURNS) return skip(pi, "safetyCap");
.pi/extensions/goal/continuation.ts:88:	const prompt = buildContinuationPrompt(goal);
.pi/extensions/goal/continuation.ts:96:async function maybeSendBudgetWrapUp(pi: ExtensionAPI, ctx: ExtensionContext, goalId: string): Promise<void> {
.pi/extensions/goal/continuation.ts:97:	const goal = getGoal();
.pi/extensions/goal/continuation.ts:98:	if (!goal || goal.goalId !== goalId || goal.status !== "budgetLimited") return;
.pi/extensions/goal/continuation.ts:101:	const prompt = buildBudgetLimitPrompt(goal);
.pi/extensions/goal/continuation.ts:102:	setNextTurnOrigin("budgetWrapUp");
.pi/extensions/goal/continuation.ts:107:	const telemetry = noteBudgetWrapUpSent(getTelemetry());
.pi/extensions/goal/continuation.ts:108:	if (telemetry) persistTelemetry(pi, telemetry, "budget");
.pi/extensions/goal/continuation.ts:113:	const telemetry = getTelemetry();
.pi/extensions/goal/continuation.ts:114:	return telemetry?.lastTurnOrigin === "auto" && telemetry.lastTurnToolCallCount === 0 && telemetry.lastTurnToolResultCount === 0 && !telemetry.lastTurnCompletedGoal;
.pi/extensions/goal/continuation.ts:118:	const telemetry = noteContinuationSkipped(getTelemetry(), reason);
.pi/extensions/goal/continuation.ts:119:	if (telemetry) persistTelemetry(pi, telemetry, "continuation");
.pi/extensions/goal/continuation.ts:127:		if (!message.includes("ctx is stale")) console.warn(`[pi-goal] continuation failed: ${message}`);
.pi/extensions/goal/budget.ts:4:export function evaluateBudgetPressure(goal: GoalState): BudgetPressure {
.pi/extensions/goal/budget.ts:5:	const token = tokenPressure(goal);
.pi/extensions/goal/budget.ts:6:	const time = timePressure(goal);
.pi/extensions/goal/budget.ts:10:export function budgetLimitReason(goal: GoalState): BudgetLimitReason | undefined {
.pi/extensions/goal/budget.ts:11:	const pressure = evaluateBudgetPressure(goal);
.pi/extensions/goal/budget.ts:29:export function isBudgetExhausted(goal: GoalState): BudgetLimitReason | undefined {
.pi/extensions/goal/budget.ts:30:	if (goal.tokenBudget !== undefined && goal.tokensUsed >= goal.tokenBudget) return "tokenBudget";
.pi/extensions/goal/budget.ts:31:	if (goal.timeBudgetSeconds !== undefined && goal.timeUsedSeconds >= goal.timeBudgetSeconds) return "timeBudget";
.pi/extensions/goal/budget.ts:35:export function canActivateGoal(goal: GoalState): boolean {
.pi/extensions/goal/budget.ts:36:	if (goal.status === "complete") return true;
.pi/extensions/goal/budget.ts:37:	if (isBudgetExhausted(goal)) return false;
.pi/extensions/goal/budget.ts:41:function tokenPressure(goal: GoalState): BudgetPressure {
.pi/extensions/goal/budget.ts:42:	if (goal.tokenBudget === undefined) return none();
.pi/extensions/goal/budget.ts:43:	const remaining = goal.tokenBudget - goal.tokensUsed;
.pi/extensions/goal/budget.ts:44:	if (goal.tokensUsed >= hardStopBudget(goal.tokenBudget)) return pressure("tokenHardStop", remaining);
.pi/extensions/goal/budget.ts:45:	if (goal.tokensUsed >= goal.tokenBudget) return pressure("tokenReached", remaining);
.pi/extensions/goal/budget.ts:50:function timePressure(goal: GoalState): BudgetPressure {
.pi/extensions/goal/budget.ts:51:	if (goal.timeBudgetSeconds === undefined) return none();
.pi/extensions/goal/budget.ts:52:	const remaining = goal.timeBudgetSeconds - goal.timeUsedSeconds;
.pi/extensions/goal/budget.ts:53:	if (goal.timeUsedSeconds >= hardStopBudget(goal.timeBudgetSeconds)) return pressure("timeHardStop", remaining);
.pi/extensions/goal/budget.ts:54:	if (goal.timeUsedSeconds >= goal.timeBudgetSeconds) return pressure("timeReached", remaining);
.pi/extensions/goal/budget.ts:59:function hardStopBudget(budget: number): number {
.pi/extensions/goal/budget.ts:60:	return Math.ceil((budget * Math.round(BUDGET_HARD_STOP_MULTIPLIER * 10)) / 10);
.pi/extensions/goal/index.ts:10:export default function goalExtension(pi: ExtensionAPI): void {
.pi/extensions/goal/index.ts:15:		(ctx, goal) => interruptActiveGoalTurn(pi, ctx, goal),
.pi/extensions/goal/index.ts:20:	registerGoalTools(pi, (ctx, reason) => scheduleMaybeContinueGoal(pi, ctx, reason), cancelGoalContinuation, (ctx) => scheduleGoalMonitor(pi, ctx), cancelGoalMonitor, (ctx, goal) => scheduleBudgetLimitWrapUp(pi, ctx, goal), () => getQueue().length, (reason) => sendQueueSteering(pi, reason));
.pi/extensions/goal/queue-state.ts:30:	goal?: QueuedGoal | null;
.pi/extensions/goal/queue-state.ts:40:	goal?: unknown;
.pi/extensions/goal/queue-state.ts:65:	const goal: QueuedGoal = {
.pi/extensions/goal/queue-state.ts:76:	runtimeQueue.push(goal);
.pi/extensions/goal/queue-state.ts:77:	return goal;
.pi/extensions/goal/queue-state.ts:105:export function persistEnqueue(pi: ExtensionAPI, goal: QueuedGoal): void {
.pi/extensions/goal/queue-state.ts:106:	pi.appendEntry(STATE_ENTRY_TYPE, { version: 1, kind: "enqueue", queueId: goal.queueId, goal, reason: "enqueue", at: Date.now() } as GoalQueueEvent);
.pi/extensions/goal/queue-state.ts:139:		goal: raw.goal,
.pi/extensions/goal/queue-state.ts:148:	const goal = toQueuedGoal(raw.goal);
.pi/extensions/goal/queue-state.ts:149:	if (!goal) return null;
.pi/extensions/goal/queue-state.ts:150:	const queueId = toOptionalString(raw.queueId) ?? goal.queueId;
.pi/extensions/goal/queue-state.ts:155:		goal,
.pi/extensions/goal/queue-state.ts:253:		if (event.goal) next.push(event.goal);
.pi/extensions/goal/queue-state.ts:274:	const index = queue.findIndex((goal) => goal.queueId === queueId);
.pi/extensions/goal/constants.ts:1:export const STATE_ENTRY_TYPE = "pi-goal-state";
.pi/extensions/goal/constants.ts:2:export const CONTINUATION_MESSAGE_TYPE = "pi-goal-continuation";
.pi/extensions/goal/constants.ts:3:export const BUDGET_LIMIT_MESSAGE_TYPE = "pi-goal-budget-limit";
.pi/extensions/goal/constants.ts:4:export const PAUSE_MESSAGE_TYPE = "pi-goal-pause";
.pi/extensions/goal/constants.ts:5:export const GOAL_MONITOR_MESSAGE_TYPE = "pi-goal-monitor-steer";
.pi/extensions/goal/constants.ts:6:export const QUEUE_MESSAGE_TYPE = "pi-goal-queue-steer";
.pi/extensions/goal/constants.ts:7:export const GOAL_MONITOR_LOG_ENTRY_TYPE = "pi-goal-monitor-log";
.pi/extensions/goal/constants.ts:11:	"Put longer instructions in a file and refer to that file in the goal, for example: /goal follow the instructions in docs/goal.md.";
.pi/extensions/goal/constants.ts:13:export const STATUS_UI_KEY = "pi-goal";
.pi/extensions/goal/constants.ts:14:export const WIDGET_UI_KEY = "pi-goal";
.pi/extensions/goal/constants.ts:33:export const CONTINUATION_PROMPT_ID = "pi-goal-continuation-v1";
.pi/extensions/goal/constants.ts:34:export const BUDGET_LIMIT_PROMPT_ID = "pi-goal-budget-limit-v1";
.pi/extensions/goal/constants.ts:35:export const BUDGET_WARNING_PROMPT_ID = "pi-goal-budget-warning-v1";
.pi/extensions/goal/constants.ts:36:export const PAUSE_PROMPT_ID = "pi-goal-pause-v1";
.pi/extensions/goal/constants.ts:37:export const GOAL_MONITOR_PROMPT_ID = "pi-goal-monitor-v1";
.pi/extensions/goal/constants.ts:38:export const QUEUE_PROMPT_ID = "pi-goal-queue-v1";
.pi/extensions/goal/constants.ts:40:export const GOAL_USAGE = "Usage: /goal <objective>";
.pi/extensions/goal/constants.ts:41:export const GOAL_USAGE_HINT = "Example: /goal improve benchmark coverage";
.pi/extensions/goal/queue-tools.ts:4:import { createTelemetry } from "./telemetry";
.pi/extensions/goal/queue-tools.ts:14:	token_budget: Type.Optional(Type.Number({ description: "Optional positive token budget" })),
.pi/extensions/goal/queue-tools.ts:15:	time_budget_seconds: Type.Optional(Type.Number({ description: "Optional positive time budget in seconds" })),
.pi/extensions/goal/queue-tools.ts:19:	authority: Type.String({ description: "Your perceived authorization for dequeuing this goal, such as completed requested work or explicit user instruction" }),
.pi/extensions/goal/queue-tools.ts:23:	goal: GoalState | null;
.pi/extensions/goal/queue-tools.ts:24:	telemetry: GoalTelemetrySnapshot | null;
.pi/extensions/goal/queue-tools.ts:47:		name: "list_goal_queue",
.pi/extensions/goal/queue-tools.ts:49:		description: "List queued goal objectives that will be started after the current goal completes or clears.",
.pi/extensions/goal/queue-tools.ts:50:		promptSnippet: "Discover queued goals waiting to start after the current goal.",
.pi/extensions/goal/queue-tools.ts:51:		promptGuidelines: ["Use only when the user explicitly asks to see or review the goal queue.", "Do not infer queue listing from ordinary task requests."],
.pi/extensions/goal/queue-tools.ts:61:		name: "enqueue_goal",
.pi/extensions/goal/queue-tools.ts:63:		description: "Add a goal to the queue to be started after the current goal completes or clears. Use only when the user explicitly asks to queue a goal for later.",
.pi/extensions/goal/queue-tools.ts:64:		promptSnippet: "Queue a goal for later when the user explicitly asks.",
.pi/extensions/goal/queue-tools.ts:65:		promptGuidelines: ["Use only when the user explicitly asks to queue a goal for later, not for ordinary task requests.", "Fill flags and args from the user's prose, but ask for missing required values instead of guessing."],
.pi/extensions/goal/queue-tools.ts:70:			const queued = enqueueGoal(validation.objective, "tool", { tokenBudget: params.token_budget, timeBudgetSeconds: params.time_budget_seconds });
.pi/extensions/goal/queue-tools.ts:80:		name: "start_queued_goal",
.pi/extensions/goal/queue-tools.ts:82:		description: "Start the next queued item only after deciding the queue head is a direct concrete goal. The queue item is removed only after goal creation succeeds.",
.pi/extensions/goal/queue-tools.ts:83:		promptSnippet: "Start the queue head only when semantic classification says it is a direct goal.",
.pi/extensions/goal/queue-tools.ts:85:			"Use this only after reading the queue head and deciding the queued text itself is the concrete goal to perform.",
.pi/extensions/goal/queue-tools.ts:86:			"Before using this, verify the queue head is not better handled by an existing reusable goal template; if uncertain, call list_goal_templates first.",
.pi/extensions/goal/queue-tools.ts:87:			"Do not use this when the queued text asks you to run/create/start another goal or goal template, names a prompt-like workflow, or semantically matches a reusable template; use create_goal, create_goal_from_template, or enqueue_goal for that orchestration, then dequeue_goal after it is satisfied.",
.pi/extensions/goal/queue-tools.ts:88:			"This tool handles completed-goal replacement and safe dequeue for direct queue items only.",
.pi/extensions/goal/queue-tools.ts:89:			"If this reports an active non-complete goal, leave the queued goal in place and continue the active goal.",
.pi/extensions/goal/queue-tools.ts:100:		name: "dequeue_goal",
.pi/extensions/goal/queue-tools.ts:102:		description: "Remove the first goal from the queue and return it. Prefer start_queued_goal for direct queued goals; use this after a prose/JIT orchestration item is fully satisfied.",
.pi/extensions/goal/queue-tools.ts:103:		promptSnippet: "Remove the queue head after manual handling or completed prose/JIT orchestration.",
.pi/extensions/goal/queue-tools.ts:105:			"Use start_queued_goal for direct queued goals.",
.pi/extensions/goal/queue-tools.ts:106:			"Use dequeue_goal after you have separately satisfied a prose/JIT orchestration queue item, including any one-or-more consecutive active goals it required.",
.pi/extensions/goal/queue-tools.ts:115:			if (!dequeued) return { content: [{ type: "text" as const, text: "No queued goals." }], details: { goal: getGoal(), telemetry: getTelemetry() } as QueueToolDetails };
.pi/extensions/goal/queue-tools.ts:117:			return { content: [{ type: "text" as const, text: `Dequeued goal: ${dequeued.queueId}\nObjective: ${dequeued.objective}\nRationale: ${audit.value.rationale}\nAuthority: ${audit.value.authority}` }], details: { goal: getGoal(), telemetry: getTelemetry(), dequeued, dequeue_audit: audit.value } as QueueToolDetails };
.pi/extensions/goal/queue-tools.ts:124:		name: "remove_queued_goal",
.pi/extensions/goal/queue-tools.ts:126:		description: "Remove a specific goal from the queue by its queue ID.",
.pi/extensions/goal/queue-tools.ts:127:		promptSnippet: "Remove a specific queued goal by ID.",
.pi/extensions/goal/queue-tools.ts:128:		promptGuidelines: ["Use only when the user explicitly asks to remove a specific queued goal."],
.pi/extensions/goal/queue-tools.ts:129:		parameters: Type.Object({ queueId: Type.String({ description: "Queue ID of the goal to remove" }) }),
.pi/extensions/goal/queue-tools.ts:132:			if (!removed) return errorResult(`No queued goal found with id ${params.queueId}.`);
.pi/extensions/goal/queue-tools.ts:134:			return { content: [{ type: "text" as const, text: `Removed queued goal: ${removed.queueId}` }], details: { goal: getGoal(), telemetry: getTelemetry() } as QueueToolDetails };
.pi/extensions/goal/queue-tools.ts:141:	if (current && current.status !== "complete") return errorResult("A non-complete goal is already active. The queued goal was left in the queue.");
.pi/extensions/goal/queue-tools.ts:143:	if (!next) return { content: [{ type: "text" as const, text: "No queued goals." }], details: { goal: current, telemetry: getTelemetry(), queue: getQueue() } as QueueToolDetails };
.pi/extensions/goal/queue-tools.ts:152:	const goal = createGoalState(objective, next.tokenBudget, next.timeBudgetSeconds);
.pi/extensions/goal/queue-tools.ts:153:	const telemetry = createTelemetry(goal.goalId, goal.createdAt);
.pi/extensions/goal/queue-tools.ts:154:	persistSetGoal(pi, goal, telemetry, "tool");
.pi/extensions/goal/queue-tools.ts:157:	persistDequeue(pi, "start_queued_goal", { queueId: started.queueId, audit: { rationale: "Started queued goal as a direct concrete goal after successful goal creation.", authority: "start_queued_goal atomic create-then-dequeue path" } });
.pi/extensions/goal/queue-tools.ts:158:	syncGoalUi(ctx, goal);
.pi/extensions/goal/queue-tools.ts:160:	return { content: [{ type: "text" as const, text: `Started queued goal: ${started.queueId}\nObjective: ${goal.objective}` }], details: { goal, telemetry, started, queue: getQueue() } as QueueToolDetails };
.pi/extensions/goal/queue-tools.ts:165:function resolveQueuedObjective(goal: QueuedGoal): QueuedObjectiveResolution {
.pi/extensions/goal/queue-tools.ts:166:	if (!goal.template) return { ok: true, objective: goal.objective };
.pi/extensions/goal/queue-tools.ts:167:	const resolved = resolveGoalTemplateByName(goal.template, goal.templateFlags ?? {}, goal.templateArgs ?? "");
.pi/extensions/goal/queue-tools.ts:168:	if (!resolved.ok) return "notTemplate" in resolved ? { ok: false, error: `Unknown goal template '${goal.template}'.` } : { ok: false, error: resolved.error };
.pi/extensions/goal/queue-tools.ts:177:	if (!trimmedRationale) return { ok: false, error: "rationale is required to dequeue a queued goal." };
.pi/extensions/goal/queue-tools.ts:178:	if (!trimmedAuthority) return { ok: false, error: "authority is required to dequeue a queued goal." };
.pi/extensions/goal/queue-tools.ts:184:	if (queue.length === 0) return { content: [{ type: "text" as const, text: "No queued goals." }], details: { goal: getGoal(), telemetry: getTelemetry(), queue } as QueueToolDetails };
.pi/extensions/goal/queue-tools.ts:186:	return { content: [{ type: "text" as const, text: `Queued goals (${queue.length}):\n${lines.join("\n")}` }], details: { goal: getGoal(), telemetry: getTelemetry(), queue } as QueueToolDetails };
.pi/extensions/goal/queue-tools.ts:191:	return { content: [{ type: "text" as const, text: `Queued goal: ${queued.queueId}\nObjective: ${objective}` }], details: { goal: getGoal(), telemetry: getTelemetry(), queued } as QueueToolDetails };
.pi/extensions/goal/queue-tools.ts:195:	return { content: [{ type: "text" as const, text: `Error: ${message}` }], details: { goal: getGoal(), telemetry: getTelemetry(), error: message } as QueueToolDetails };
.pi/extensions/goal/templates.ts:5:const TEMPLATE_DIR = ".pi-goals";
.pi/extensions/goal/templates.ts:88:	if (matches.length > 1) return { ok: false, error: `Ambiguous goal template '${nameOrAlias}' matches: ${matches.map((template) => template.name).join(", ")}.` };
.pi/extensions/goal/state.ts:3:import { isTelemetry } from "./telemetry";
.pi/extensions/goal/state.ts:6:let runtimeState: GoalRuntimeState = { goal: null, telemetry: null };
.pi/extensions/goal/state.ts:9:	return runtimeState.goal;
.pi/extensions/goal/state.ts:13:	return runtimeState.telemetry;
.pi/extensions/goal/state.ts:17:	return { goal: runtimeState.goal, telemetry: runtimeState.telemetry };
.pi/extensions/goal/state.ts:21:	let next: GoalRuntimeState = { goal: null, telemetry: null };
.pi/extensions/goal/state.ts:37:		goalId: crypto.randomUUID(),
.pi/extensions/goal/state.ts:39:		status: "active",
.pi/extensions/goal/state.ts:51:	goal: GoalState,
.pi/extensions/goal/state.ts:52:	telemetry: GoalTelemetrySnapshot,
.pi/extensions/goal/state.ts:55:	return persistEvent(pi, { kind: "set", goalId: goal.goalId, goal, telemetry, reason });
.pi/extensions/goal/state.ts:60:	goal: GoalState,
.pi/extensions/goal/state.ts:61:	telemetry: GoalTelemetrySnapshot | null,
.pi/extensions/goal/state.ts:64:	if (runtimeState.goal && runtimeState.goal.goalId !== goal.goalId) {
.pi/extensions/goal/state.ts:65:		return { ok: false, goal: runtimeState.goal, telemetry: runtimeState.telemetry, message: "Stale goal update ignored." };
.pi/extensions/goal/state.ts:67:	return persistEvent(pi, { kind: "update", goalId: goal.goalId, goal, telemetry, reason });
.pi/extensions/goal/state.ts:72:	telemetry: GoalTelemetrySnapshot | null,
.pi/extensions/goal/state.ts:75:	const goal = runtimeState.goal;
.pi/extensions/goal/state.ts:76:	if (!goal || !telemetry || telemetry.goalId !== goal.goalId) {
.pi/extensions/goal/state.ts:77:		return { ok: false, goal, telemetry: runtimeState.telemetry, message: "Stale telemetry update ignored." };
.pi/extensions/goal/state.ts:79:	return persistEvent(pi, { kind: "telemetry", goalId: goal.goalId, goal, telemetry, reason });
.pi/extensions/goal/state.ts:84:	goalId: string,
.pi/extensions/goal/state.ts:86:	telemetry: GoalTelemetrySnapshot | null,
.pi/extensions/goal/state.ts:89:	const current = runtimeState.goal;
.pi/extensions/goal/state.ts:90:	if (!current || current.goalId !== goalId) {
.pi/extensions/goal/state.ts:91:		return { ok: false, goal: current, telemetry: runtimeState.telemetry, message: "Stale accounting ignored." };
.pi/extensions/goal/state.ts:93:	const goal: GoalState = {
.pi/extensions/goal/state.ts:99:	return persistEvent(pi, { kind: "account", goalId, goal, telemetry, delta, reason });
.pi/extensions/goal/state.ts:103:	return persistEvent(pi, { kind: "clear", goalId: runtimeState.goal?.goalId, goal: null, telemetry: null, reason });
.pi/extensions/goal/state.ts:113:	return { ok: true, goal: runtimeState.goal, telemetry: runtimeState.telemetry };
.pi/extensions/goal/state.ts:117:	if (event.kind === "clear") return { goal: null, telemetry: null };
.pi/extensions/goal/state.ts:118:	if (event.goalId && state.goal && event.goalId !== state.goal.goalId && event.kind !== "set") return state;
.pi/extensions/goal/state.ts:119:	const goal = isGoalState(event.goal) ? event.goal : state.goal;
.pi/extensions/goal/state.ts:120:	const telemetry = event.telemetry === null ? null : isTelemetry(event.telemetry) ? event.telemetry : state.telemetry;
.pi/extensions/goal/state.ts:121:	return { goal, telemetry };
.pi/extensions/goal/state.ts:140:	return typeof v.goalId === "string" && typeof v.objective === "string" && typeof v.status === "string";
.pi/extensions/goal/ui.ts:3:import { footerStatusText, goalSummaryLines, goalUsageSummary, statusLabel } from "./format";
.pi/extensions/goal/ui.ts:5:import { goalWidgetFactory } from "./widget";
.pi/extensions/goal/ui.ts:7:export function syncGoalUi(ctx: ExtensionContext, goal: GoalState | null): void {
.pi/extensions/goal/ui.ts:8:	if (!goal) {
.pi/extensions/goal/ui.ts:13:	ctx.ui.setStatus(STATUS_UI_KEY, footerStatusText(goal));
.pi/extensions/goal/ui.ts:14:	ctx.ui.setWidget(WIDGET_UI_KEY, goalWidgetFactory(goal), { placement: "aboveEditor" });
.pi/extensions/goal/ui.ts:21:export function showGoalSummary(ctx: ExtensionContext, goal: GoalState): void {
.pi/extensions/goal/ui.ts:22:	ctx.ui.notify(goalSummaryLines(goal).join("\n"), "info");
.pi/extensions/goal/ui.ts:25:export function notifyGoal(ctx: ExtensionContext, goal: GoalState, prefix = "Goal"): void {
.pi/extensions/goal/ui.ts:26:	ctx.ui.notify(`${prefix} ${statusLabel(goal.status)}\n${goalUsageSummary(goal)}`, "info");
.pi/extensions/goal/ui.ts:37:export async function promptResumePausedGoal(ctx: ExtensionContext, goal: GoalState): Promise<boolean> {
.pi/extensions/goal/ui.ts:38:	const choice = await ctx.ui.select("Resume paused goal?", ["Resume goal", "Leave paused"]);
.pi/extensions/goal/ui.ts:39:	return choice === "Resume goal";
.pi/extensions/goal/monitor-state.ts:16:	for (const entry of next) lastReportSentAt.set(entry.goalId, entry.at);
.pi/extensions/goal/monitor-state.ts:19:export function getRecentMonitorLogs(goalId: string, limit = GOAL_MONITOR_RECENT_LOG_LIMIT): GoalMonitorLogEntry[] {
.pi/extensions/goal/monitor-state.ts:20:	return logEntries.filter((entry) => entry.goalId === goalId).slice(-Math.max(0, limit));
.pi/extensions/goal/monitor-state.ts:23:export function getLastMonitorReportAt(goalId: string): number | undefined {
.pi/extensions/goal/monitor-state.ts:24:	return lastReportSentAt.get(goalId);
.pi/extensions/goal/monitor-state.ts:27:export function noteMonitorReportSent(goalId: string, sentAt: number): void {
.pi/extensions/goal/monitor-state.ts:28:	lastReportSentAt.set(goalId, sentAt);
.pi/extensions/goal/monitor-state.ts:33:	goalId: string,
.pi/extensions/goal/monitor-state.ts:41:		goalId,
.pi/extensions/goal/monitor-state.ts:72:	return v.version === 1 && typeof v.goalId === "string" && typeof v.reportId === "string" && typeof v.decisionId === "string" && typeof v.at === "number" && isAction(v.action);
.pi/extensions/goal/monitor-prompts.ts:6:	return `You are the persistent third-party churn monitor for one active pi-goal.
.pi/extensions/goal/monitor-prompts.ts:8:You are not the worker. Do not solve the task. Do not mark the goal complete.
.pi/extensions/goal/monitor-prompts.ts:11:You are project-, goal-, and process-agnostic. Apply general reasoning.
.pi/extensions/goal/monitor-prompts.ts:14:Use timestamps, elapsed time, prior churn-log entries, and recent worker behavior to decide whether there is real identifiable churn.
.pi/extensions/goal/monitor-prompts.ts:17:Check the goal objective for any user-provided custom or special churn-monitor instructions. Treat those objective-embedded monitor instructions as goal-specific guidance for your judgment standard and steering posture, while still requiring real identifiable churn before correction. For example, if the objective says to react aggressively when the worker gets stuck on old irrelevant repo helpers, incorporate that instruction when evaluating helper-fixation evidence.
.pi/extensions/goal/monitor-prompts.ts:61:	return `Third-party pi-goal churn monitor steering for the active goal.
.pi/extensions/goal/monitor-prompts.ts:63:Before following this steering, verify with get_goal if needed. If get_goal reports this goal is paused, absent, complete, budget-limited, or has a different goal id, treat this monitor steering as stale and ignore it.
.pi/extensions/goal/monitor-prompts.ts:65:<goal_id>${escapeXml(report.goalId)}</goal_id>
.pi/extensions/goal/monitor-prompts.ts:76:  <goal_id>${escapeXml(report.goalId)}</goal_id>
.pi/extensions/goal/monitor-prompts.ts:78:  <elapsed_since_goal_start_seconds>${report.elapsedSinceGoalStartSeconds}</elapsed_since_goal_start_seconds>
.pi/extensions/goal/monitor-prompts.ts:79:  ${optionalNumberTag("elapsed_since_previous_report_seconds", report.elapsedSincePreviousReportSeconds)}
.pi/extensions/goal/monitor-prompts.ts:97:	const goal = report.goal;
.pi/extensions/goal/monitor-prompts.ts:98:	return `<goal>
.pi/extensions/goal/monitor-prompts.ts:99:    <objective>${escapeXml(goal.objective)}</objective>
.pi/extensions/goal/monitor-prompts.ts:100:    <status>${goal.status}</status>
.pi/extensions/goal/monitor-prompts.ts:101:    <token_budget>${goal.tokenBudget ?? "none"}</token_budget>
.pi/extensions/goal/monitor-prompts.ts:102:    <time_budget_seconds>${goal.timeBudgetSeconds ?? "none"}</time_budget_seconds>
.pi/extensions/goal/monitor-prompts.ts:103:    <tokens_used>${goal.tokensUsed}</tokens_used>
.pi/extensions/goal/monitor-prompts.ts:104:    <time_used_seconds>${goal.timeUsedSeconds}</time_used_seconds>
.pi/extensions/goal/monitor-prompts.ts:105:    <created_at>${goal.createdAt}</created_at>
.pi/extensions/goal/monitor-prompts.ts:106:    <updated_at>${goal.updatedAt}</updated_at>
.pi/extensions/goal/monitor-prompts.ts:107:  </goal>`;
.pi/extensions/goal/monitor-prompts.ts:111:	const telemetry = report.telemetry;
.pi/extensions/goal/monitor-prompts.ts:112:	if (!telemetry) return "<telemetry>none</telemetry>";
.pi/extensions/goal/monitor-prompts.ts:113:	return `<telemetry>
.pi/extensions/goal/monitor-prompts.ts:114:    <total_turns>${telemetry.totalTurns}</total_turns>
.pi/extensions/goal/monitor-prompts.ts:115:    <user_turns>${telemetry.userTurns}</user_turns>
.pi/extensions/goal/monitor-prompts.ts:116:    <auto_turns>${telemetry.autoTurns}</auto_turns>
.pi/extensions/goal/monitor-prompts.ts:117:    <consecutive_auto_turns>${telemetry.consecutiveAutoTurns}</consecutive_auto_turns>
.pi/extensions/goal/monitor-prompts.ts:118:    <consecutive_no_progress_turns>${telemetry.consecutiveNoProgressTurns}</consecutive_no_progress_turns>
.pi/extensions/goal/monitor-prompts.ts:119:    <last_turn_origin>${escapeXml(telemetry.lastTurnOrigin ?? "unknown")}</last_turn_origin>
.pi/extensions/goal/monitor-prompts.ts:120:    <last_continuation_reason>${escapeXml(telemetry.lastContinuationReason ?? "unknown")}</last_continuation_reason>
.pi/extensions/goal/monitor-prompts.ts:121:    <last_skip_reason>${escapeXml(telemetry.lastSkipReason ?? "none")}</last_skip_reason>
.pi/extensions/goal/monitor-prompts.ts:122:    <last_turn_tool_call_count>${telemetry.lastTurnToolCallCount ?? 0}</last_turn_tool_call_count>
.pi/extensions/goal/monitor-prompts.ts:123:    <last_turn_tool_result_count>${telemetry.lastTurnToolResultCount ?? 0}</last_turn_tool_result_count>
.pi/extensions/goal/monitor-prompts.ts:124:    <last_turn_completed_goal>${telemetry.lastTurnCompletedGoal ?? false}</last_turn_completed_goal>
.pi/extensions/goal/monitor-prompts.ts:125:    <budget_wrap_up_sent>${telemetry.budgetWrapUpSent ?? false}</budget_wrap_up_sent>
.pi/extensions/goal/monitor-prompts.ts:126:    <last_progress_at>${telemetry.lastProgressAt ?? "unknown"}</last_progress_at>
.pi/extensions/goal/monitor-prompts.ts:127:    <last_safety_pause_reason>${escapeXml(telemetry.lastSafetyPauseReason ?? "none")}</last_safety_pause_reason>
.pi/extensions/goal/monitor-prompts.ts:128:    <last_budget_limit_reason>${escapeXml(telemetry.lastBudgetLimitReason ?? "none")}</last_budget_limit_reason>
.pi/extensions/goal/monitor-prompts.ts:129:    <last_budget_warning_reason>${escapeXml(telemetry.lastBudgetWarningReason ?? "none")}</last_budget_warning_reason>
.pi/extensions/goal/monitor-prompts.ts:130:    <last_budget_hard_stop_reason>${escapeXml(telemetry.lastBudgetHardStopReason ?? "none")}</last_budget_hard_stop_reason>
.pi/extensions/goal/monitor-prompts.ts:131:    <token_budget_warning_sent>${telemetry.tokenBudgetWarningSent ?? false}</token_budget_warning_sent>
.pi/extensions/goal/monitor-prompts.ts:132:    <time_budget_warning_sent>${telemetry.timeBudgetWarningSent ?? false}</time_budget_warning_sent>
.pi/extensions/goal/monitor-prompts.ts:133:    <updated_at>${telemetry.updatedAt}</updated_at>
.pi/extensions/goal/monitor-prompts.ts:134:  </telemetry>`;
.pi/extensions/goal/tools.ts:4:import { isBudgetExhausted, canActivateGoal } from "./budget";
.pi/extensions/goal/tools.ts:5:import { createTelemetry, noteBudgetLimit } from "./telemetry";
.pi/extensions/goal/tools.ts:15:	token_budget: Type.Optional(Type.Number({ description: "Optional positive token budget" })),
.pi/extensions/goal/tools.ts:16:	time_budget_seconds: Type.Optional(Type.Number({ description: "Optional positive time budget in seconds" })),
.pi/extensions/goal/tools.ts:20:	template: Type.String({ description: "Reusable goal template name or alias explicitly requested by the user" }),
.pi/extensions/goal/tools.ts:22:	args: Type.Optional(Type.String({ description: "Template invocation arguments parsed like `/goal <template> ...`: use `--flag value` and `-- trailing args`." })),
.pi/extensions/goal/tools.ts:23:	token_budget: Type.Optional(Type.Number({ description: "Optional positive token budget" })),
.pi/extensions/goal/tools.ts:24:	time_budget_seconds: Type.Optional(Type.Number({ description: "Optional positive time budget in seconds" })),
.pi/extensions/goal/tools.ts:28:	status: Type.Optional(Type.String({ description: "Optional status update: active, paused, or complete" })),
.pi/extensions/goal/tools.ts:30:	token_budget: Type.Optional(NullableNumber),
.pi/extensions/goal/tools.ts:31:	time_budget_seconds: Type.Optional(NullableNumber),
.pi/extensions/goal/tools.ts:35:	goal: GoalState | null;
.pi/extensions/goal/tools.ts:36:	telemetry?: GoalTelemetrySnapshot | null;
.pi/extensions/goal/tools.ts:39:	completion_budget_report?: string;
.pi/extensions/goal/tools.ts:50:	scheduleBudgetLimitWrapUp?: (ctx: ExtensionContext, goal: GoalState) => void;
.pi/extensions/goal/tools.ts:52:	sendQueueSteering?: (reason: "goal-clear") => boolean;
.pi/extensions/goal/tools.ts:61:	scheduleBudgetLimitWrapUp?: (ctx: ExtensionContext, goal: GoalState) => void,
.pi/extensions/goal/tools.ts:63:	sendQueueSteering?: (reason: "goal-clear") => boolean,
.pi/extensions/goal/tools.ts:77:		name: "get_goal",
.pi/extensions/goal/tools.ts:79:		description: "Get the current pi-goal state, including status, budget, token usage, and time usage.",
.pi/extensions/goal/tools.ts:80:		promptSnippet: "Inspect the active pi-goal objective and progress state.",
.pi/extensions/goal/tools.ts:81:		promptGuidelines: ["Use get_goal to inspect an explicit active goal before deciding whether it is complete."],
.pi/extensions/goal/tools.ts:91:		name: "list_goal_templates",
.pi/extensions/goal/tools.ts:93:		description: "List reusable .pi-goals templates for explicit natural-language goal creation requests.",
.pi/extensions/goal/tools.ts:94:		promptSnippet: "Discover available reusable goal templates and their required inputs.",
.pi/extensions/goal/tools.ts:96:			"Use when the user explicitly asks to create or start a persistent goal from a reusable prompt/template.",
.pi/extensions/goal/tools.ts:97:			"Use when queue steering asks you to resolve an abstract or prompt-like queued item against reusable goal templates before deciding whether to call start_queued_goal.",
.pi/extensions/goal/tools.ts:98:			"Use the returned names, aliases, descriptions, and placeholders to decide whether a queued request semantically matches exactly one template and whether enough structured values are available before creating a goal from a template.",
.pi/extensions/goal/tools.ts:110:		name: "create_goal",
.pi/extensions/goal/tools.ts:112:		description: "Create a new pi-goal only when the user explicitly asks for a persistent goal.",
.pi/extensions/goal/tools.ts:113:		promptSnippet: "Create an explicit persistent pi-goal when requested.",
.pi/extensions/goal/tools.ts:115:			"Use create_goal only when the user explicitly asks to create or pursue a persistent goal.",
.pi/extensions/goal/tools.ts:116:			"Do not infer goals from ordinary tasks; normal user requests are not automatically pi-goals.",
.pi/extensions/goal/tools.ts:127:		name: "create_goal_from_template",
.pi/extensions/goal/tools.ts:129:		description: "Resolve a reusable .pi-goals template from structured parameters and create the resulting persistent goal.",
.pi/extensions/goal/tools.ts:130:		promptSnippet: "Create a persistent goal from an explicitly requested reusable goal template.",
.pi/extensions/goal/tools.ts:132:			"Use when the user explicitly asks to create or start a persistent goal from a reusable prompt/template.",
.pi/extensions/goal/tools.ts:133:			"Use when queue steering and list_goal_templates identify exactly one reusable template that fits a queued orchestration item.",
.pi/extensions/goal/tools.ts:135:			"Do not use this for ordinary non-goal task requests.",
.pi/extensions/goal/tools.ts:146:		name: "update_goal",
.pi/extensions/goal/tools.ts:148:		description: "Update the current pi-goal when the user explicitly asks to edit, pause, resume, or complete it.",
.pi/extensions/goal/tools.ts:149:		promptSnippet: "Update an explicit pi-goal field or status when requested by the user.",
.pi/extensions/goal/tools.ts:160:		name: "clear_goal",
.pi/extensions/goal/tools.ts:162:		description: "Clear the current pi-goal when the user explicitly asks to remove the persistent goal or hide the goal widget.",
.pi/extensions/goal/tools.ts:163:		promptSnippet: "Clear the explicit persistent pi-goal when requested by the user.",
.pi/extensions/goal/tools.ts:165:			"Use clear_goal only when the user explicitly asks to clear, remove, delete, or dismiss the current goal.",
.pi/extensions/goal/tools.ts:166:			"Do not clear a goal merely because it is complete unless the user asks to clear it.",
.pi/extensions/goal/tools.ts:170:			const goal = getGoal();
.pi/extensions/goal/tools.ts:171:			runtime.cancelContinuation?.(goal?.goalId, "tool-clear");
.pi/extensions/goal/tools.ts:172:			runtime.cancelMonitor?.(goal?.goalId, "tool-clear");
.pi/extensions/goal/tools.ts:176:			if (queueSize > 0) runtime.sendQueueSteering?.("goal-clear");
.pi/extensions/goal/tools.ts:177:			const queueHint = queueSize > 0 ? ` ${queueSize} queued goal${queueSize > 1 ? "s" : ""} available. Queue steering was sent to the agent context.` : "";
.pi/extensions/goal/tools.ts:178:			return resultForGoal(null, getTelemetry(), goal ? `Goal cleared.${queueHint}` : `No goal was set.${queueHint}`);
.pi/extensions/goal/tools.ts:185:		"Use update_goal with status complete only after verifying the goal objective is actually achieved.",
.pi/extensions/goal/tools.ts:186:		"Use update_goal for objective or budget edits only when the user explicitly asks to modify the persistent goal.",
.pi/extensions/goal/tools.ts:187:		"Use status paused or active only when the user explicitly asks to pause or resume the goal.",
.pi/extensions/goal/tools.ts:188:		"Do not infer goal edits from ordinary task discussion.",
.pi/extensions/goal/tools.ts:189:		"Use clear_goal, not update_goal, when the user asks to clear/remove the current goal.",
.pi/extensions/goal/tools.ts:195:	token_budget?: number;
.pi/extensions/goal/tools.ts:196:	time_budget_seconds?: number;
.pi/extensions/goal/tools.ts:203:	token_budget?: number;
.pi/extensions/goal/tools.ts:204:	time_budget_seconds?: number;
.pi/extensions/goal/tools.ts:208:	status?: string;
.pi/extensions/goal/tools.ts:210:	token_budget?: number | null;
.pi/extensions/goal/tools.ts:211:	time_budget_seconds?: number | null;
.pi/extensions/goal/tools.ts:214:type GoalUpdateResult = { ok: true; goal: GoalState; prefix: string; budgetChanged?: boolean } | { ok: false; error: string };
.pi/extensions/goal/tools.ts:222:	if (!resolved.ok) return "notTemplate" in resolved ? errorResult(`Unknown goal template '${params.template}'.`) : errorResult(resolved.error);
.pi/extensions/goal/tools.ts:223:	const created = createGoalWithPolicy(pi, runtime, { objective: resolved.template.objective, token_budget: params.token_budget, time_budget_seconds: params.time_budget_seconds }, ctx, { replaceCompleted: true });
.pi/extensions/goal/tools.ts:236:	if (current && (!policy.replaceCompleted || current.status !== "complete")) {
.pi/extensions/goal/tools.ts:237:		return errorResult("A goal already exists. Use clear_goal or ask the user before replacing it.");
.pi/extensions/goal/tools.ts:241:	const budgetError = validateBudgets(params.token_budget, params.time_budget_seconds);
.pi/extensions/goal/tools.ts:242:	if (budgetError) return errorResult(budgetError);
.pi/extensions/goal/tools.ts:243:	const goal = createGoalState(validation.objective, params.token_budget, params.time_budget_seconds);
.pi/extensions/goal/tools.ts:244:	const telemetry = createTelemetry(goal.goalId, goal.createdAt);
.pi/extensions/goal/tools.ts:245:	persistSetGoal(pi, goal, telemetry, "tool");
.pi/extensions/goal/tools.ts:246:	syncGoalUi(ctx, goal);
.pi/extensions/goal/tools.ts:248:	return resultForGoal(goal, telemetry, current?.status === "complete" ? "Goal created; replaced completed goal." : "Goal created.");
.pi/extensions/goal/tools.ts:252:	const goal = getGoal();
.pi/extensions/goal/tools.ts:253:	if (!goal) return errorResult("No goal exists to update.");
.pi/extensions/goal/tools.ts:254:	const update = buildGoalUpdate(goal, params);
.pi/extensions/goal/tools.ts:256:	// Refuse to reactivate a goal whose budgets are still exhausted.
.pi/extensions/goal/tools.ts:257:	if (update.goal.status === "active" && !canActivateGoal(update.goal)) {
.pi/extensions/goal/tools.ts:258:		const reason = isBudgetExhausted(update.goal);
.pi/extensions/goal/tools.ts:259:		const resource = reason === "tokenBudget" ? "token" : reason === "timeBudget" ? "time" : "budget";
.pi/extensions/goal/tools.ts:260:		return errorResult(`Cannot resume: ${resource} budget is still exhausted. Raise the budget or use clear_goal before resuming.`);
.pi/extensions/goal/tools.ts:262:	if (update.goal.status !== "active") {
.pi/extensions/goal/tools.ts:263:		runtime.cancelContinuation?.(goal.goalId, "tool-status");
.pi/extensions/goal/tools.ts:264:		runtime.cancelMonitor?.(goal.goalId, "tool-status");
.pi/extensions/goal/tools.ts:266:	// When a budget edit transitions active -> budgetLimited, schedule budget-limit wrap-up once.
.pi/extensions/goal/tools.ts:267:	budgetEditWrapUpIfNeeded(pi, ctx, runtime, goal, update.goal);
.pi/extensions/goal/tools.ts:268:	persistUpdateGoal(pi, update.goal, telemetryForUpdate(update.goal), "tool");
.pi/extensions/goal/tools.ts:269:	syncGoalUi(ctx, update.goal);
.pi/extensions/goal/tools.ts:270:	if (goal.status !== "active" && update.goal.status === "active") {
.pi/extensions/goal/tools.ts:274:	return resultForGoal(update.goal, getTelemetry(), update.prefix);
.pi/extensions/goal/tools.ts:278:	if (tokenBudget !== undefined && (!Number.isInteger(tokenBudget) || tokenBudget <= 0)) return "token_budget must be a positive integer when provided.";
.pi/extensions/goal/tools.ts:280:		return "time_budget_seconds must be a positive integer when provided.";
.pi/extensions/goal/tools.ts:285:function buildGoalUpdate(goal: GoalState, params: UpdateGoalInput): GoalUpdateResult {
.pi/extensions/goal/tools.ts:286:	let next: GoalState = { ...goal };
.pi/extensions/goal/tools.ts:290:	next = objectiveResult.goal;
.pi/extensions/goal/tools.ts:291:	const budgetResult = applyBudgetUpdates(next, params, changes);
.pi/extensions/goal/tools.ts:292:	if (!budgetResult.ok) return budgetResult;
.pi/extensions/goal/tools.ts:293:	next = budgetResult.budgetChanged && params.status === undefined ? recomputeStatusAfterBudgetEdit(budgetResult.goal) : budgetResult.goal;
.pi/extensions/goal/tools.ts:294:	if (params.status !== undefined) {
.pi/extensions/goal/tools.ts:295:		const status = parseToolStatus(params.status);
.pi/extensions/goal/tools.ts:296:		if (!status) return { ok: false, error: "status must be active, paused, or complete when provided." };
.pi/extensions/goal/tools.ts:297:		next = { ...next, status };
.pi/extensions/goal/tools.ts:298:		changes.push(`status ${status}`);
.pi/extensions/goal/tools.ts:300:	if (changes.length === 0) return { ok: false, error: "No goal updates were provided." };
.pi/extensions/goal/tools.ts:301:	return { ok: true, goal: { ...next, updatedAt: Date.now() }, prefix: next.status === "complete" ? "Goal achieved." : `Goal updated: ${changes.join(", ")}.` };
.pi/extensions/goal/tools.ts:304:function applyObjectiveUpdate(goal: GoalState, objective: string | undefined, changes: string[]): GoalUpdateResult {
.pi/extensions/goal/tools.ts:305:	if (objective === undefined) return { ok: true, goal, prefix: "" };
.pi/extensions/goal/tools.ts:309:	return { ok: true, goal: { ...goal, objective: validation.objective }, prefix: "" };
.pi/extensions/goal/tools.ts:312:function applyBudgetUpdates(goal: GoalState, params: UpdateGoalInput, changes: string[]): GoalUpdateResult {
.pi/extensions/goal/tools.ts:313:	let next = goal;
.pi/extensions/goal/tools.ts:314:	let budgetChanged = false;
.pi/extensions/goal/tools.ts:315:	if (params.token_budget !== undefined) {
.pi/extensions/goal/tools.ts:316:		if (params.token_budget !== null && (!Number.isInteger(params.token_budget) || params.token_budget <= 0)) return { ok: false, error: "token_budget must be a positive integer or null when provided." };
.pi/extensions/goal/tools.ts:317:		next = { ...next, tokenBudget: params.token_budget === null ? undefined : params.token_budget };
.pi/extensions/goal/tools.ts:318:		changes.push("token budget");
.pi/extensions/goal/tools.ts:319:		budgetChanged = true;
.pi/extensions/goal/tools.ts:321:	if (params.time_budget_seconds !== undefined) {
.pi/extensions/goal/tools.ts:322:		if (params.time_budget_seconds !== null && (!Number.isInteger(params.time_budget_seconds) || params.time_budget_seconds <= 0)) return { ok: false, error: "time_budget_seconds must be a positive integer or null when provided." };
.pi/extensions/goal/tools.ts:323:		next = { ...next, timeBudgetSeconds: params.time_budget_seconds === null ? undefined : params.time_budget_seconds };
.pi/extensions/goal/tools.ts:324:		changes.push("time budget");
.pi/extensions/goal/tools.ts:325:		budgetChanged = true;
.pi/extensions/goal/tools.ts:327:	return { ok: true, goal: next, prefix: "", budgetChanged };
.pi/extensions/goal/tools.ts:330:function budgetEditWrapUpIfNeeded(pi: ExtensionAPI, ctx: ExtensionContext, runtime: GoalToolRuntime, previousGoal: GoalState, updatedGoal: GoalState) {
.pi/extensions/goal/tools.ts:331:	// Only schedule wrap-up when an active goal transitions to budgetLimited due to a budget edit.
.pi/extensions/goal/tools.ts:332:	if (previousGoal.status === "active" && updatedGoal.status === "budgetLimited" && isBudgetExhausted(updatedGoal)) {
.pi/extensions/goal/tools.ts:337:function recomputeStatusAfterBudgetEdit(goal: GoalState): GoalState {
.pi/extensions/goal/tools.ts:338:	if (goal.status !== "active" && goal.status !== "budgetLimited") return goal;
.pi/extensions/goal/tools.ts:339:	return isBudgetExhausted(goal) ? { ...goal, status: "budgetLimited" } : { ...goal, status: "active" };
.pi/extensions/goal/tools.ts:342:function telemetryForUpdate(goal: GoalState): GoalTelemetrySnapshot | null {
.pi/extensions/goal/tools.ts:343:	const reason = isBudgetExhausted(goal);
.pi/extensions/goal/tools.ts:344:	if (goal.status === "budgetLimited" && reason) return noteBudgetLimit(getTelemetry(), reason);
.pi/extensions/goal/tools.ts:348:function parseToolStatus(status: string): GoalStatus | undefined {
.pi/extensions/goal/tools.ts:349:	if (status === "active" || status === "paused" || status === "complete") return status;
.pi/extensions/goal/tools.ts:353:function resultForGoal(goal: GoalState | null, telemetry: GoalTelemetrySnapshot | null, prefix?: string) {
.pi/extensions/goal/tools.ts:354:	const details: ToolDetails = { goal, telemetry, remaining_tokens: remainingTokens(goal), remaining_time_seconds: remainingTime(goal) };
.pi/extensions/goal/tools.ts:355:	if (goal?.status === "complete" && (goal.tokenBudget !== undefined || goal.timeBudgetSeconds !== undefined)) {
.pi/extensions/goal/tools.ts:356:		details.completion_budget_report = `Goal achieved. Report final budget usage to the user: tokens used: ${goal.tokensUsed}${goal.tokenBudget === undefined ? "" : ` of ${goal.tokenBudget}`}; time used: ${goal.timeUsedSeconds}${goal.timeBudgetSeconds === undefined ? "" : ` of ${goal.timeBudgetSeconds}`} seconds.`;
.pi/extensions/goal/tools.ts:358:	return { content: [{ type: "text" as const, text: `${prefix ? `${prefix}\n` : ""}${formatToolGoal(goal)}` }], details };
.pi/extensions/goal/tools.ts:367:	return { content: [{ type: "text" as const, text: lines.length ? lines.join("\n") : "No reusable goal templates found." }], details: { goal: getGoal(), telemetry: getTelemetry(), templates } as ToolDetails };
.pi/extensions/goal/tools.ts:371:	return { content: [{ type: "text" as const, text: `Error: ${error}` }], details: { goal: getGoal(), telemetry: getTelemetry(), error } as ToolDetails };
.pi/extensions/goal/tools.ts:374:function remainingTokens(goal: GoalState | null): number | undefined {
.pi/extensions/goal/tools.ts:375:	return goal?.tokenBudget === undefined ? undefined : Math.max(0, goal.tokenBudget - goal.tokensUsed);
.pi/extensions/goal/tools.ts:378:function remainingTime(goal: GoalState | null): number | undefined {
.pi/extensions/goal/tools.ts:379:	return goal?.timeBudgetSeconds === undefined ? undefined : Math.max(0, goal.timeBudgetSeconds - goal.timeUsedSeconds);
.pi/extensions/goal/tools.ts:382:function formatToolGoal(goal: GoalState | null): string {
.pi/extensions/goal/tools.ts:383:	if (!goal) return "No goal is currently set.";
.pi/extensions/goal/tools.ts:384:	const tokenBudget = goal.tokenBudget === undefined ? "none" : `${goal.tokenBudget} (${remainingTokens(goal)} remaining)`;
.pi/extensions/goal/tools.ts:385:	const timeBudget = goal.timeBudgetSeconds === undefined ? "none" : `${formatElapsed(goal.timeBudgetSeconds)} (${remainingTime(goal)} seconds remaining)`;
.pi/extensions/goal/tools.ts:387:		`Goal: ${goal.status}`,
.pi/extensions/goal/tools.ts:388:		`Objective: ${goal.objective}`,
.pi/extensions/goal/tools.ts:389:		`Time used: ${goal.timeUsedSeconds} seconds`,
.pi/extensions/goal/tools.ts:390:		`Tokens used: ${goal.tokensUsed}`,
.pi/extensions/goal/tools.ts:391:		`Token budget: ${tokenBudget}`,
.pi/extensions/goal/tools.ts:392:		`Time budget: ${timeBudget}`,
.pi/extensions/goal/prompts.ts:5:export function buildContinuationPrompt(goal: GoalState): { content: string; details: GoalSteeringDetails } {
.pi/extensions/goal/prompts.ts:6:	const budget = budgetLines(goal, true);
.pi/extensions/goal/prompts.ts:8:		content: `Continue working toward the active session goal.
.pi/extensions/goal/prompts.ts:13:${escapeXml(goal.objective)}
.pi/extensions/goal/prompts.ts:17:${budget}
.pi/extensions/goal/prompts.ts:19:Avoid repeating work that is already done. Choose the next concrete action toward the objective. Do not reply with only a planning or status update; either take a concrete tool-backed step, ask the user for missing required input, or complete the goal if the audit proves it is achieved.
.pi/extensions/goal/prompts.ts:21:Before doing substantive goal work, inspect the active goal state if needed. If get_goal reports this goal is paused, absent, complete, budget-limited, or has a different goal id, stop and wait for /goal resume instead of following this continuation text.
.pi/extensions/goal/prompts.ts:23:Before deciding that the goal is achieved, perform a completion audit against the actual current state:
.pi/extensions/goal/prompts.ts:27:- Verify that any manifest, verifier, test suite, or green status actually covers the objective's requirements before relying on it.
.pi/extensions/goal/prompts.ts:28:- Do not accept proxy signals as completion by themselves. Passing tests, a complete manifest, a successful verifier, or substantial implementation effort are useful evidence only if they cover every requirement in the objective.
.pi/extensions/goal/prompts.ts:29:- Identify any missing, incomplete, weakly verified, or uncovered requirement.
.pi/extensions/goal/prompts.ts:32:Do not rely on intent, partial progress, elapsed effort, memory of earlier work, or a plausible final answer as proof of completion. Only mark the goal achieved when the audit shows that the objective has actually been achieved and no required work remains. If any requirement is missing, incomplete, or unverified, keep working instead of marking the goal complete. If the objective is achieved, call update_goal with status "complete" so usage accounting is preserved. Report the final elapsed time, and if the achieved goal has a token budget, report the final consumed token budget to the user after update_goal succeeds.
.pi/extensions/goal/prompts.ts:34:Do not call update_goal unless the goal is complete. Do not mark a goal complete merely because the budget is nearly exhausted or because you are stopping work.`,
.pi/extensions/goal/prompts.ts:35:		details: { goalId: goal.goalId, kind: "continuation", promptId: CONTINUATION_PROMPT_ID, createdAt: Date.now() },
.pi/extensions/goal/prompts.ts:39:export function buildPausePrompt(goal: GoalState): { content: string; details: GoalSteeringDetails } {
.pi/extensions/goal/prompts.ts:41:		content: `The user has paused the active pi-goal.
.pi/extensions/goal/prompts.ts:46:${escapeXml(goal.objective)}
.pi/extensions/goal/prompts.ts:49:Stop substantive work on this goal now. Briefly acknowledge that the goal is paused and wait for /goal resume before continuing goal pursuit. Do not call update_goal unless the goal is actually complete.`,
.pi/extensions/goal/prompts.ts:50:		details: { goalId: goal.goalId, kind: "pause", promptId: PAUSE_PROMPT_ID, createdAt: Date.now(), reason: "pause" },
.pi/extensions/goal/prompts.ts:54:export function buildBudgetLimitPrompt(goal: GoalState): { content: string; details: GoalSteeringDetails } {
.pi/extensions/goal/prompts.ts:55:	const resource = exhaustedResource(goal);
.pi/extensions/goal/prompts.ts:57:		content: `The active session goal has reached its ${resource} budget.
.pi/extensions/goal/prompts.ts:62:${escapeXml(goal.objective)}
.pi/extensions/goal/prompts.ts:66:${budgetLines(goal, false)}
.pi/extensions/goal/prompts.ts:69:The system has marked the goal as budget_limited after a ${resource} budget limit, so do not start new substantive work for this goal. If get_goal reports this goal is paused, absent, complete, active, or has a different goal id, treat this wrap-up message as stale and do not continue goal work. Wrap up this turn soon: summarize useful progress, identify remaining work or blockers, and leave the user with a clear next step.
.pi/extensions/goal/prompts.ts:71:Do not call update_goal unless the goal is actually complete.`,
.pi/extensions/goal/prompts.ts:72:		details: { goalId: goal.goalId, kind: "budgetLimit", promptId: BUDGET_LIMIT_PROMPT_ID, createdAt: Date.now(), reason: "budget" },
.pi/extensions/goal/prompts.ts:76:function budgetLines(goal: GoalState, includeRemaining: boolean): string {
.pi/extensions/goal/prompts.ts:77:	const tokenBudget = goal.tokenBudget ?? "none";
.pi/extensions/goal/prompts.ts:78:	const timeBudget = goal.timeBudgetSeconds === undefined ? "none" : `${goal.timeBudgetSeconds} seconds`;
.pi/extensions/goal/prompts.ts:80:		`- Time spent pursuing goal: ${goal.timeUsedSeconds} seconds`,
.pi/extensions/goal/prompts.ts:81:		`- Time budget: ${timeBudget}`,
.pi/extensions/goal/prompts.ts:82:		`- Tokens used: ${goal.tokensUsed}`,
.pi/extensions/goal/prompts.ts:83:		`- Token budget: ${tokenBudget}`,
.pi/extensions/goal/prompts.ts:86:		const tokensRemaining = goal.tokenBudget === undefined ? "unknown" : Math.max(0, goal.tokenBudget - goal.tokensUsed);
.pi/extensions/goal/prompts.ts:87:		const timeRemaining = goal.timeBudgetSeconds === undefined ? "unknown" : Math.max(0, goal.timeBudgetSeconds - goal.timeUsedSeconds);
.pi/extensions/goal/prompts.ts:94:function exhaustedResource(goal: GoalState): "token" | "time" | "resource" {
.pi/extensions/goal/prompts.ts:95:	if (goal.tokenBudget !== undefined && goal.tokensUsed >= goal.tokenBudget) return "token";
.pi/extensions/goal/prompts.ts:96:	if (goal.timeBudgetSeconds !== undefined && goal.timeUsedSeconds >= goal.timeBudgetSeconds) return "time";
.pi/extensions/goal/telemetry.ts:26:export function createTelemetry(goalId: string, now = Date.now()): GoalTelemetrySnapshot {
.pi/extensions/goal/telemetry.ts:29:		goalId,
.pi/extensions/goal/telemetry.ts:42:	return v.version === TELEMETRY_SCHEMA_VERSION && typeof v.goalId === "string";
.pi/extensions/goal/telemetry.ts:46:	telemetry: GoalTelemetrySnapshot | null,
.pi/extensions/goal/telemetry.ts:50:	if (!telemetry) return null;
.pi/extensions/goal/telemetry.ts:51:	return { ...telemetry, lastContinuationReason: reason, lastSkipReason: undefined, updatedAt: now };
.pi/extensions/goal/telemetry.ts:55:	telemetry: GoalTelemetrySnapshot | null,
.pi/extensions/goal/telemetry.ts:59:	if (!telemetry) return null;
.pi/extensions/goal/telemetry.ts:60:	return { ...telemetry, lastSkipReason: reason, updatedAt: now };
.pi/extensions/goal/telemetry.ts:64:	telemetry: GoalTelemetrySnapshot | null,
.pi/extensions/goal/telemetry.ts:67:	if (!telemetry) return null;
.pi/extensions/goal/telemetry.ts:68:	return { ...telemetry, budgetWrapUpSent: true, updatedAt: now };
.pi/extensions/goal/telemetry.ts:72:	telemetry: GoalTelemetrySnapshot | null,
.pi/extensions/goal/telemetry.ts:76:	if (!telemetry) return null;
.pi/extensions/goal/telemetry.ts:77:	return { ...telemetry, lastBudgetLimitReason: reason, updatedAt: now };
.pi/extensions/goal/telemetry.ts:81:	telemetry: GoalTelemetrySnapshot | null,
.pi/extensions/goal/telemetry.ts:85:	if (!telemetry) return null;
.pi/extensions/goal/telemetry.ts:87:		...telemetry,
.pi/extensions/goal/telemetry.ts:89:		tokenBudgetWarningSent: telemetry.tokenBudgetWarningSent || reason === "tokenWarning",
.pi/extensions/goal/telemetry.ts:90:		timeBudgetWarningSent: telemetry.timeBudgetWarningSent || reason === "timeWarning",
.pi/extensions/goal/telemetry.ts:96:	telemetry: GoalTelemetrySnapshot | null,
.pi/extensions/goal/telemetry.ts:100:	if (!telemetry) return null;
.pi/extensions/goal/telemetry.ts:101:	return { ...telemetry, lastBudgetHardStopReason: reason, updatedAt: now };
.pi/extensions/goal/telemetry.ts:105:	telemetry: GoalTelemetrySnapshot | null,
.pi/extensions/goal/telemetry.ts:109:	if (!telemetry) return null;
.pi/extensions/goal/telemetry.ts:110:	return { ...telemetry, lastSafetyPauseReason: reason, updatedAt: now };
.pi/extensions/goal/telemetry.ts:114:	telemetry: GoalTelemetrySnapshot | null,
.pi/extensions/goal/telemetry.ts:117:	if (!telemetry) return null;
.pi/extensions/goal/telemetry.ts:119:		...telemetry,
.pi/extensions/goal/telemetry.ts:128:	telemetry: GoalTelemetrySnapshot | null,
.pi/extensions/goal/telemetry.ts:133:	if (!telemetry || telemetry.goalId !== turn.goalId) return telemetry;
.pi/extensions/goal/telemetry.ts:134:	const auto = turn.origin === "auto" || turn.origin === "budgetWrapUp";
.pi/extensions/goal/telemetry.ts:136:		...telemetry,
.pi/extensions/goal/telemetry.ts:137:		totalTurns: telemetry.totalTurns + 1,
.pi/extensions/goal/telemetry.ts:138:		userTurns: telemetry.userTurns + (turn.origin === "user" ? 1 : 0),
.pi/extensions/goal/telemetry.ts:139:		autoTurns: telemetry.autoTurns + (auto ? 1 : 0),
.pi/extensions/goal/telemetry.ts:140:		consecutiveAutoTurns: auto ? telemetry.consecutiveAutoTurns + 1 : 0,
.pi/extensions/goal/telemetry.ts:141:		consecutiveNoProgressTurns: auto && !madeProgress ? telemetry.consecutiveNoProgressTurns + 1 : 0,
.pi/extensions/goal/telemetry.ts:145:		lastTurnCompletedGoal: turn.completedGoal,
.pi/extensions/goal/telemetry.ts:146:		lastProgressAt: madeProgress ? now : telemetry.lastProgressAt,
.pi/extensions/goal/telemetry.ts:151:export function makeTurnSnapshot(goalId: string, origin: TurnOrigin, startedAt = Date.now()): TurnAccountingSnapshot {
.pi/extensions/goal/telemetry.ts:152:	return { goalId, origin, startedAt, toolCallCount: 0, toolResultCount: 0, progressCount: 0, completedGoal: false };
.pi/extensions/goal/types.ts:3:export type GoalStatus = "active" | "paused" | "budgetLimited" | "complete";
.pi/extensions/goal/types.ts:6:	goalId: string;
.pi/extensions/goal/types.ts:8:	status: GoalStatus;
.pi/extensions/goal/types.ts:17:export type TurnOrigin = "user" | "auto" | "budgetWrapUp";
.pi/extensions/goal/types.ts:19:export type ContinuationSkipReason = "notIdle" | "pendingMessages" | "notActive" | "budgetLimited" | "safetyCap" | "noProgress";
.pi/extensions/goal/types.ts:29:	goalId: string;
.pi/extensions/goal/types.ts:41:	budgetWrapUpSent?: boolean;
.pi/extensions/goal/types.ts:52:export type PiGoalEventKind = "set" | "update" | "account" | "telemetry" | "clear";
.pi/extensions/goal/types.ts:57:	| "budget"
.pi/extensions/goal/types.ts:67:	goalId?: string;
.pi/extensions/goal/types.ts:68:	goal: GoalState | null;
.pi/extensions/goal/types.ts:69:	telemetry?: GoalTelemetrySnapshot | null;
.pi/extensions/goal/types.ts:76:	goal: GoalState | null;
.pi/extensions/goal/types.ts:77:	telemetry: GoalTelemetrySnapshot | null;
.pi/extensions/goal/types.ts:81:	goalId: string;
.pi/extensions/goal/types.ts:87:	completedGoal: boolean;
.pi/extensions/goal/types.ts:90:export type GoalSteeringKind = "continuation" | "budgetLimit" | "pause" | "monitorSteer";
.pi/extensions/goal/types.ts:93:	goalId: string;
.pi/extensions/goal/types.ts:97:	reason?: ContinuationReason | "budget" | "pause";
.pi/extensions/goal/types.ts:103:export type GoalContinuationCanceller = (goalId?: string, reason?: string) => void;
.pi/extensions/goal/types.ts:104:export type GoalPauseInterrupter = (ctx: ExtensionContext, goal: GoalState) => void;
.pi/extensions/goal/types.ts:106:export type GoalMonitorCanceller = (goalId?: string, reason?: string) => void;
.pi/extensions/goal/types.ts:107:export type GoalQueueSteeringReason = "goal-complete" | "goal-clear" | "goal-resume";
.pi/extensions/goal/types.ts:125:	goalId: string;
.pi/extensions/goal/types.ts:150:	goalId: string;
.pi/extensions/goal/types.ts:152:	elapsedSinceGoalStartSeconds: number;
.pi/extensions/goal/types.ts:153:	elapsedSincePreviousReportSeconds?: number;
.pi/extensions/goal/types.ts:154:	goal: GoalState;
.pi/extensions/goal/types.ts:155:	telemetry: GoalTelemetrySnapshot | null;
.pi/extensions/goal/types.ts:167:	goal: GoalState | null;
.pi/extensions/goal/types.ts:168:	telemetry: GoalTelemetrySnapshot | null;
.pi/extensions/goal/queue-steering.ts:29:function queueSteeringContent(goal: QueuedGoal): string {
.pi/extensions/goal/queue-steering.ts:31:		"A queued item is ready to resolve. Do not start it blindly; first decide whether it should be handled by an existing reusable goal prompt or as a direct one-off goal.",
.pi/extensions/goal/queue-steering.ts:33:		`Queue ID: ${goal.queueId}`,
.pi/extensions/goal/queue-steering.ts:34:		budgetLine(goal),
.pi/extensions/goal/queue-steering.ts:37:		preview(goal.objective),
.pi/extensions/goal/queue-steering.ts:41:		"2. Reusable-prompt check: if the text names a prompt/template, uses a prompt-like slug, or describes a reusable workflow/task type, call list_goal_templates and compare the queue text with template names, aliases, descriptions, and required placeholders.",
.pi/extensions/goal/queue-steering.ts:42:		"3. If exactly one reusable template fits and required values can be derived from the queue text or current context, use create_goal_from_template. Do NOT call start_queued_goal and do NOT make the prose itself the active goal.",
.pi/extensions/goal/queue-steering.ts:44:		"5. Direct goal fallback: call start_queued_goal only when no reusable template fits, or when the text itself is clearly the concrete one-off goal to perform.",
.pi/extensions/goal/queue-steering.ts:45:		"6. For orchestration/JIT work, use existing goal tools as appropriate: create_goal, create_goal_from_template, or enqueue_goal. Do not rely on extension-side prose parsing; you, the agent, resolve the intent from context.",
.pi/extensions/goal/queue-steering.ts:46:		"7. One orchestration queue item may require one or more consecutive active goals before it is satisfied. Keep this queue item at the head while you execute those concrete goal(s).",
.pi/extensions/goal/queue-steering.ts:47:		"8. After the concrete goal(s) requested by this orchestration item are complete/satisfied, call dequeue_goal exactly once to consume this queue item. If you see this same queue item again after satisfying it, dequeue it instead of recreating the same goal.",
.pi/extensions/goal/queue-steering.ts:48:		"9. If needed context is missing or a non-complete active goal blocks the next action, leave this queue item in place and continue/resolve the blocker instead of dequeuing it.",
.pi/extensions/goal/queue-steering.ts:50:	if (goal.template) {
.pi/extensions/goal/queue-steering.ts:53:			`If classified as a direct goal, start_queued_goal will re-resolve template '${goal.template}' with flags=${JSON.stringify(goal.templateFlags ?? {})}, args=${JSON.stringify(goal.templateArgs ?? "")}.`,
.pi/extensions/goal/queue-steering.ts:54:			"If you cannot use the direct path, use create_goal_from_template rather than create_goal, and dequeue only after successful direct creation or completed orchestration satisfaction.",
.pi/extensions/goal/queue-steering.ts:58:			"Plain queue entry: use start_queued_goal only if you classified this item as a direct goal.",
.pi/extensions/goal/queue-steering.ts:59:			"Example orchestration wording such as 'run/create/start the deslop-commit-range goal template' means use create_goal_from_template (or another existing goal tool), not start_queued_goal.",
.pi/extensions/goal/queue-steering.ts:65:function budgetLine(goal: QueuedGoal): string {
.pi/extensions/goal/queue-steering.ts:67:	if (goal.tokenBudget !== undefined) parts.push(`token_budget=${goal.tokenBudget}`);
.pi/extensions/goal/queue-steering.ts:68:	if (goal.timeBudgetSeconds !== undefined) parts.push(`time_budget_seconds=${goal.timeBudgetSeconds}`);
.pi/extensions/goal/lifecycle.ts:23:import { evaluateBudgetPressure, isBudgetHardStop, isBudgetReached, isBudgetWarning } from "./budget";
.pi/extensions/goal/lifecycle.ts:30:import { applyTurnTelemetry, consumeNextTurnOrigin, makeTurnSnapshot, noteBudgetHardStop, noteBudgetLimit, noteBudgetWarning, noteSafetyPause } from "./telemetry";
.pi/extensions/goal/lifecycle.ts:43:		syncGoalUi(ctx, state.goal);
.pi/extensions/goal/lifecycle.ts:44:		if (state.goal?.status === "active") scheduleGoalMonitor(pi, ctx);
.pi/extensions/goal/lifecycle.ts:45:		else cancelGoalMonitor(state.goal?.goalId, "session-tree");
.pi/extensions/goal/lifecycle.ts:60:	syncGoalUi(ctx, state.goal);
.pi/extensions/goal/lifecycle.ts:61:	if (state.goal?.status === "active") scheduleGoalMonitor(pi, ctx);
.pi/extensions/goal/lifecycle.ts:62:	else cancelGoalMonitor(state.goal?.goalId, "session-start");
.pi/extensions/goal/lifecycle.ts:63:	if (event.reason !== "reload" && state.goal?.status === "paused" && ctx.hasUI) {
.pi/extensions/goal/lifecycle.ts:64:		const resume = await promptResumePausedGoal(ctx, state.goal);
.pi/extensions/goal/lifecycle.ts:66:			const active: GoalState = { ...state.goal, status: "active", updatedAt: Date.now() };
.pi/extensions/goal/lifecycle.ts:67:			persistUpdateGoal(pi, active, state.telemetry, "resume");
.pi/extensions/goal/lifecycle.ts:76:	const goal = getGoal();
.pi/extensions/goal/lifecycle.ts:77:	if (!goal) {
.pi/extensions/goal/lifecycle.ts:81:	// Track turns for active and budget-limited goals so budget hard-stop detection
.pi/extensions/goal/lifecycle.ts:82:	// still works during the budget wrap-up turn. Paused and completed goals are
.pi/extensions/goal/lifecycle.ts:84:	if (goal.status !== "active" && goal.status !== "budgetLimited") {
.pi/extensions/goal/lifecycle.ts:88:	activeTurn = makeTurnSnapshot(goal.goalId, consumeNextTurnOrigin(), event.timestamp || Date.now());
.pi/extensions/goal/lifecycle.ts:94:	const goal = getGoal();
.pi/extensions/goal/lifecycle.ts:95:	if (!goal || goal.status !== "active") return;
.pi/extensions/goal/lifecycle.ts:97:	// Build an estimated goal with streaming usage added to persisted usage.
.pi/extensions/goal/lifecycle.ts:99:	const elapsedThisTurn = activeTurn ? Math.max(0, Math.floor((Date.now() - activeTurn.startedAt) / 1000)) : 0;
.pi/extensions/goal/lifecycle.ts:101:		...goal,
.pi/extensions/goal/lifecycle.ts:102:		tokensUsed: goal.tokensUsed + (streamTokens > 0 ? streamTokens : 0),
.pi/extensions/goal/lifecycle.ts:103:		timeUsedSeconds: goal.timeUsedSeconds + elapsedThisTurn,
.pi/extensions/goal/lifecycle.ts:112:		const stopped: GoalState = { ...goal, status: "budgetLimited", updatedAt: Date.now() };
.pi/extensions/goal/lifecycle.ts:113:		const nextTelemetry = noteBudgetHardStop(noteBudgetLimit(getTelemetry(), pressureBudgetLimitReason(pressure)), budgetHardStopReason(pressure));
.pi/extensions/goal/lifecycle.ts:114:		persistUpdateGoal(pi, stopped, nextTelemetry, "budget");
.pi/extensions/goal/lifecycle.ts:115:		cancelGoalMonitor(goal.goalId, "budget-hard-stop");
.pi/extensions/goal/lifecycle.ts:117:		notifyWarning(ctx, `${budgetResourceText(pressure)} budget hard stop enforced. Goal work stopped.`);
.pi/extensions/goal/lifecycle.ts:123:		cancelGoalContinuation(goal.goalId, "budget-hard-stop");
.pi/extensions/goal/lifecycle.ts:128:	// Reached (100%): Send a steering message so the agent sees budget context
.pi/extensions/goal/lifecycle.ts:129:	// mid-stream. State transition to budgetLimited happens at turn_end, not here,
.pi/extensions/goal/lifecycle.ts:130:	// because the wrap-up turn needs to complete so the agent can summarize progress.
.pi/extensions/goal/lifecycle.ts:143:	// mid-turn, (2) telemetry flags prevent re-sending if turn_end already warned.
.pi/extensions/goal/lifecycle.ts:146:		const telemetry = getTelemetry();
.pi/extensions/goal/lifecycle.ts:147:		if (pressure.kind === "tokenWarning" && telemetry?.tokenBudgetWarningSent) return;
.pi/extensions/goal/lifecycle.ts:148:		if (pressure.kind === "timeWarning" && telemetry?.timeBudgetWarningSent) return;
.pi/extensions/goal/lifecycle.ts:155:			{ customType: BUDGET_LIMIT_MESSAGE_TYPE, content: `${resource} budget warning: ${remaining} ${unit} remaining before target. Start wrapping up.`, display: false, details: { goalId: goal.goalId, kind: "budgetLimit", promptId: BUDGET_WARNING_PROMPT_ID, createdAt: Date.now() } },
.pi/extensions/goal/lifecycle.ts:171:	if (event.toolName === "update_goal") return noteGoalUpdateResult(event.details);
.pi/extensions/goal/lifecycle.ts:179:	const goal = result.goal;
.pi/extensions/goal/lifecycle.ts:180:	if (typeof goal === "object" && goal !== null) {
.pi/extensions/goal/lifecycle.ts:182:		if ((goal as Record<string, unknown>).status === "complete") activeTurn.completedGoal = true;
.pi/extensions/goal/lifecycle.ts:195:	const goal = getGoal();
.pi/extensions/goal/lifecycle.ts:196:	if (!goal || goal.goalId !== turn.goalId) return;
.pi/extensions/goal/lifecycle.ts:197:	const elapsed = Math.max(0, Math.floor((Date.now() - turn.startedAt) / 1000));
.pi/extensions/goal/lifecycle.ts:199:	const madeProgress = turn.completedGoal || turn.progressCount > 0;
.pi/extensions/goal/lifecycle.ts:200:	let telemetry = applyTurnTelemetry(getTelemetry(), turn, madeProgress);
.pi/extensions/goal/lifecycle.ts:201:	let result = persistAccountGoal(pi, turn.goalId, { timeUsedSeconds: elapsed, tokensUsed: tokens }, telemetry, "turn");
.pi/extensions/goal/lifecycle.ts:202:	let updated = result.goal;
.pi/extensions/goal/lifecycle.ts:204:	if (updated?.status === "active") {
.pi/extensions/goal/lifecycle.ts:205:		result = handleBudgetPressure(pi, ctx, updated, result.telemetry);
.pi/extensions/goal/lifecycle.ts:206:		updated = result.goal;
.pi/extensions/goal/lifecycle.ts:209:	// Check for budget hard stop on budget-limited goals — the wrap-up turn or an
.pi/extensions/goal/lifecycle.ts:211:	if (updated?.status === "budgetLimited") {
.pi/extensions/goal/lifecycle.ts:214:			enforceBudgetHardStop(pi, ctx, updated, pressure, result.telemetry);
.pi/extensions/goal/lifecycle.ts:219:	if (updated?.status === "active" && event.message.role === "assistant" && event.message.stopReason === "aborted") {
.pi/extensions/goal/lifecycle.ts:220:		await pauseForSafety(pi, ctx, updated, "abort", "Goal paused because the assistant response was aborted. Run /goal resume to continue.");
.pi/extensions/goal/lifecycle.ts:224:	telemetry = result.telemetry;
.pi/extensions/goal/lifecycle.ts:225:	updated = result.goal;
.pi/extensions/goal/lifecycle.ts:226:	if (updated?.status === "active" && shouldPauseForSafety(telemetry) && telemetry) {
.pi/extensions/goal/lifecycle.ts:227:		const reason = telemetry.consecutiveAutoTurns >= MAX_CONSECUTIVE_AUTO_TURNS ? "maxAutoTurns" : "noProgress";
.pi/extensions/goal/lifecycle.ts:228:		await pauseForSafety(pi, ctx, updated, reason, "Goal paused by pi-goal safety limits. Run /goal resume to continue.");
.pi/extensions/goal/lifecycle.ts:232:	finishTurnGoal(pi, ctx, updated, turn.completedGoal);
.pi/extensions/goal/lifecycle.ts:235:function finishTurnGoal(pi: ExtensionAPI, ctx: ExtensionContext, goal: GoalState | null, completedThisTurn: boolean): void {
.pi/extensions/goal/lifecycle.ts:236:	if (goal?.status === "active") scheduleGoalMonitor(pi, ctx);
.pi/extensions/goal/lifecycle.ts:237:	else cancelGoalMonitor(goal?.goalId, "turn-end");
.pi/extensions/goal/lifecycle.ts:238:	syncGoalUi(ctx, goal);
.pi/extensions/goal/lifecycle.ts:239:	if (goal?.status === "complete" && completedThisTurn) sendQueueSteering(pi, "goal-complete");
.pi/extensions/goal/lifecycle.ts:245:	goal: GoalState,
.pi/extensions/goal/lifecycle.ts:249:	cancelGoalContinuation(goal.goalId, reason);
.pi/extensions/goal/lifecycle.ts:250:	cancelGoalMonitor(goal.goalId, reason);
.pi/extensions/goal/lifecycle.ts:251:	const paused: GoalState = { ...goal, status: "paused", updatedAt: Date.now() };
.pi/extensions/goal/lifecycle.ts:252:	const telemetry = noteSafetyPause(getTelemetry(), reason);
.pi/extensions/goal/lifecycle.ts:253:	persistUpdateGoal(pi, paused, telemetry, reason === "abort" ? "abort" : "safety");
.pi/extensions/goal/lifecycle.ts:254:	if (telemetry) persistTelemetry(pi, telemetry, reason === "abort" ? "abort" : "safety");
.pi/extensions/goal/lifecycle.ts:259:function shouldPauseForSafety(telemetry: GoalTelemetrySnapshot | null): boolean {
.pi/extensions/goal/lifecycle.ts:260:	if (!telemetry) return false;
.pi/extensions/goal/lifecycle.ts:261:	return telemetry.consecutiveAutoTurns >= MAX_CONSECUTIVE_AUTO_TURNS || telemetry.consecutiveNoProgressTurns >= MAX_NO_PROGRESS_AUTO_TURNS;
.pi/extensions/goal/lifecycle.ts:264:function handleBudgetPressure(pi: ExtensionAPI, ctx: ExtensionContext, goal: GoalState, telemetry: GoalTelemetrySnapshot | null) {
.pi/extensions/goal/lifecycle.ts:265:	const pressure = evaluateBudgetPressure(goal);
.pi/extensions/goal/lifecycle.ts:266:	if (isBudgetHardStop(pressure.kind)) return enforceBudgetHardStop(pi, ctx, goal, pressure, telemetry);
.pi/extensions/goal/lifecycle.ts:267:	if (isBudgetReached(pressure.kind)) return markBudgetReached(pi, ctx, goal, pressure, telemetry);
.pi/extensions/goal/lifecycle.ts:268:	if (isBudgetWarning(pressure.kind)) warnBudgetPressure(pi, ctx, pressure, telemetry);
.pi/extensions/goal/lifecycle.ts:269:	return { ok: true, goal, telemetry };
.pi/extensions/goal/lifecycle.ts:272:function enforceBudgetHardStop(pi: ExtensionAPI, ctx: ExtensionContext, goal: GoalState, pressure: BudgetPressure, telemetry: GoalTelemetrySnapshot | null) {
.pi/extensions/goal/lifecycle.ts:275:	// the goal to budgetLimited, persisted telemetry, and aborted.
.pi/extensions/goal/lifecycle.ts:276:	if (telemetry?.lastBudgetHardStopReason) {
.pi/extensions/goal/lifecycle.ts:277:		interruptActiveGoalTurn(pi, ctx, goal);
.pi/extensions/goal/lifecycle.ts:278:		return { ok: true, goal, telemetry };
.pi/extensions/goal/lifecycle.ts:280:	cancelGoalContinuation(goal.goalId, "budget-hard-stop");
.pi/extensions/goal/lifecycle.ts:281:	cancelGoalMonitor(goal.goalId, "budget-hard-stop");
.pi/extensions/goal/lifecycle.ts:282:	const stopped: GoalState = { ...goal, status: "budgetLimited", updatedAt: Date.now() };
.pi/extensions/goal/lifecycle.ts:283:	const nextTelemetry = noteBudgetHardStop(noteBudgetLimit(telemetry, pressureBudgetLimitReason(pressure)), budgetHardStopReason(pressure));
.pi/extensions/goal/lifecycle.ts:284:	const result = persistUpdateGoal(pi, stopped, nextTelemetry, "budget");
.pi/extensions/goal/lifecycle.ts:285:	syncGoalUi(ctx, result.goal);
.pi/extensions/goal/lifecycle.ts:286:	notifyWarning(ctx, `${budgetResourceText(pressure)} budget hard stop enforced. Goal work stopped.`);
.pi/extensions/goal/lifecycle.ts:287:	if (result.goal) interruptActiveGoalTurn(pi, ctx, result.goal);
.pi/extensions/goal/lifecycle.ts:291:function markBudgetReached(pi: ExtensionAPI, ctx: ExtensionContext, goal: GoalState, pressure: BudgetPressure, telemetry: GoalTelemetrySnapshot | null) {
.pi/extensions/goal/lifecycle.ts:292:	cancelGoalContinuation(goal.goalId, "budget-reached");
.pi/extensions/goal/lifecycle.ts:293:	cancelGoalMonitor(goal.goalId, "budget-reached");
.pi/extensions/goal/lifecycle.ts:294:	const limited: GoalState = { ...goal, status: "budgetLimited", updatedAt: Date.now() };
.pi/extensions/goal/lifecycle.ts:295:	const result = persistUpdateGoal(pi, limited, noteBudgetLimit(telemetry, pressureBudgetLimitReason(pressure)), "budget");
.pi/extensions/goal/lifecycle.ts:296:	if (result.goal) scheduleBudgetLimitWrapUp(pi, ctx, result.goal);
.pi/extensions/goal/lifecycle.ts:300:function warnBudgetPressure(pi: ExtensionAPI, ctx: ExtensionContext, pressure: BudgetPressure, telemetry: GoalTelemetrySnapshot | null): void {
.pi/extensions/goal/lifecycle.ts:301:	if (warningAlreadySent(pressure, telemetry)) return;
.pi/extensions/goal/lifecycle.ts:302:	const nextTelemetry = noteBudgetWarning(telemetry, pressure.kind === "tokenWarning" ? "tokenWarning" : "timeWarning");
.pi/extensions/goal/lifecycle.ts:303:	if (nextTelemetry) persistTelemetry(pi, nextTelemetry, "budget");
.pi/extensions/goal/lifecycle.ts:304:	notifyWarning(ctx, `${budgetResourceText(pressure)} budget warning: ${budgetRemainingText(pressure)} remaining before target. Start wrapping up.`);
.pi/extensions/goal/lifecycle.ts:307:function warningAlreadySent(pressure: BudgetPressure, telemetry: GoalTelemetrySnapshot | null): boolean {
.pi/extensions/goal/lifecycle.ts:308:	if (pressure.kind === "tokenWarning") return Boolean(telemetry?.tokenBudgetWarningSent);
.pi/extensions/goal/lifecycle.ts:309:	if (pressure.kind === "timeWarning") return Boolean(telemetry?.timeBudgetWarningSent);
.pi/extensions/goal/lifecycle.ts:317:function budgetHardStopReason(pressure: BudgetPressure): BudgetHardStopReason {
.pi/extensions/goal/lifecycle.ts:321:function budgetResourceText(pressure: BudgetPressure): "Token" | "Time" {
.pi/extensions/goal/lifecycle.ts:325:function budgetRemainingText(pressure: BudgetPressure): string {
.pi/extensions/goal/lifecycle.ts:336:	// Keep only the latest status-compatible pi-goal steering message to prevent stale continuations.
.pi/extensions/goal/lifecycle.ts:371:	if (!current || details?.goalId !== current.goalId) return "invalid";
.pi/extensions/goal/lifecycle.ts:372:	return goalSteeringMatchesStatus(String(message.customType), details?.kind, current.status) ? "valid" : "invalid";
.pi/extensions/goal/lifecycle.ts:379:function goalSteeringMatchesStatus(customType: string, kind: unknown, status: GoalState["status"]): boolean {
.pi/extensions/goal/lifecycle.ts:380:	if (customType === CONTINUATION_MESSAGE_TYPE) return status === "active" && kind === "continuation";
.pi/extensions/goal/lifecycle.ts:381:	if (customType === BUDGET_LIMIT_MESSAGE_TYPE) return status === "budgetLimited" && kind === "budgetLimit";
.pi/extensions/goal/lifecycle.ts:382:	if (customType === GOAL_MONITOR_MESSAGE_TYPE) return status === "active" && kind === "monitorSteer";
.pi/extensions/goal/lifecycle.ts:383:	return status === "paused" && kind === "pause";
.pi/extensions/goal/format.ts:1:import { budgetLimitReason } from "./budget";
.pi/extensions/goal/format.ts:55:export function statusLabel(status: GoalStatus): string {
.pi/extensions/goal/format.ts:56:	switch (status) {
.pi/extensions/goal/format.ts:61:		case "budgetLimited":
.pi/extensions/goal/format.ts:62:			return "limited by budget";
.pi/extensions/goal/format.ts:63:		case "complete":
.pi/extensions/goal/format.ts:64:			return "complete";
.pi/extensions/goal/format.ts:68:export function goalStatusLabel(goal: GoalState): string {
.pi/extensions/goal/format.ts:69:	if (goal.status !== "budgetLimited") return statusLabel(goal.status);
.pi/extensions/goal/format.ts:70:	const reason = budgetLimitReason(goal);
.pi/extensions/goal/format.ts:71:	if (reason === "tokenBudget") return "token budget reached";
.pi/extensions/goal/format.ts:72:	if (reason === "timeBudget") return "time budget reached";
.pi/extensions/goal/format.ts:73:	return "budget reached";
.pi/extensions/goal/format.ts:76:export function commandHint(status: GoalStatus): string {
.pi/extensions/goal/format.ts:77:	switch (status) {
.pi/extensions/goal/format.ts:79:			return "Commands: /goal pause, /goal clear";
.pi/extensions/goal/format.ts:81:			return "Commands: /goal resume, /goal clear";
.pi/extensions/goal/format.ts:82:		case "budgetLimited":
.pi/extensions/goal/format.ts:83:			return "Commands: /goal clear (budget still exhausted; raise budget to resume)";
.pi/extensions/goal/format.ts:84:		case "complete":
.pi/extensions/goal/format.ts:85:			return "Commands: /goal clear";
.pi/extensions/goal/format.ts:96:export function formatTimeResource(goal: GoalState): string {
.pi/extensions/goal/format.ts:97:	const used = formatElapsed(goal.timeUsedSeconds);
.pi/extensions/goal/format.ts:98:	if (goal.timeBudgetSeconds === undefined) return `Time: ${used}`;
.pi/extensions/goal/format.ts:99:	return `Time: ${used} / ${formatElapsed(goal.timeBudgetSeconds)}`;
.pi/extensions/goal/format.ts:102:export function formatTokenResource(goal: GoalState): string {
.pi/extensions/goal/format.ts:103:	const used = formatTokensCompact(goal.tokensUsed);
.pi/extensions/goal/format.ts:104:	if (goal.tokenBudget === undefined) return `Tokens: ${used}`;
.pi/extensions/goal/format.ts:105:	return `Tokens: ${used} / ${formatTokensCompact(goal.tokenBudget)}`;
.pi/extensions/goal/format.ts:108:export function goalUsageSummary(goal: GoalState): string {
.pi/extensions/goal/format.ts:109:	return `${formatTimeResource(goal)}; ${formatTokenResource(goal)}`;
.pi/extensions/goal/format.ts:112:export function footerStatusText(goal: GoalState): string {
.pi/extensions/goal/format.ts:113:	const usage = footerUsage(goal);
.pi/extensions/goal/format.ts:114:	switch (goal.status) {
.pi/extensions/goal/format.ts:116:			return usage ? `Pursuing goal (${usage})` : "Pursuing goal";
.pi/extensions/goal/format.ts:118:			return "Goal paused (/goal resume)";
.pi/extensions/goal/format.ts:119:		case "budgetLimited":
.pi/extensions/goal/format.ts:120:			return usage ? `${goalStatusLabel(goal)} (${usage})` : goalStatusLabel(goal);
.pi/extensions/goal/format.ts:121:		case "complete":
.pi/extensions/goal/format.ts:126:function footerUsage(goal: GoalState): string | undefined {
.pi/extensions/goal/format.ts:127:	if (goal.status === "paused") return undefined;
.pi/extensions/goal/format.ts:128:	if (goal.tokenBudget !== undefined) {
.pi/extensions/goal/format.ts:129:		const used = formatTokensCompact(goal.tokensUsed);
.pi/extensions/goal/format.ts:130:		const budget = formatTokensCompact(goal.tokenBudget);
.pi/extensions/goal/format.ts:131:		if (goal.status === "active") return `${used} / ${budget}`;
.pi/extensions/goal/format.ts:132:		if (goal.status === "budgetLimited") return `${used} / ${budget} tokens`;
.pi/extensions/goal/format.ts:135:	if (goal.timeBudgetSeconds !== undefined) {
.pi/extensions/goal/format.ts:136:		const used = formatElapsed(goal.timeUsedSeconds);
.pi/extensions/goal/format.ts:137:		const budget = formatElapsed(goal.timeBudgetSeconds);
.pi/extensions/goal/format.ts:138:		return goal.status === "complete" ? used : `${used} / ${budget}`;
.pi/extensions/goal/format.ts:140:	return goal.timeUsedSeconds > 0 ? formatElapsed(goal.timeUsedSeconds) : undefined;
.pi/extensions/goal/format.ts:143:export function goalSummaryLines(goal: GoalState): string[] {
.pi/extensions/goal/format.ts:146:		`Status: ${goalStatusLabel(goal)}`,
.pi/extensions/goal/format.ts:147:		`Objective: ${goal.objective}`,
.pi/extensions/goal/format.ts:148:		`Time used: ${formatElapsed(goal.timeUsedSeconds)}`,
.pi/extensions/goal/format.ts:149:		`Tokens used: ${formatTokensCompact(goal.tokensUsed)}`,
.pi/extensions/goal/format.ts:151:	if (goal.tokenBudget !== undefined) lines.push(`Token budget: ${formatTokensCompact(goal.tokenBudget)}`);
.pi/extensions/goal/format.ts:152:	if (goal.timeBudgetSeconds !== undefined) lines.push(`Time budget: ${formatElapsed(goal.timeBudgetSeconds)}`);
.pi/extensions/goal/format.ts:153:	lines.push("", commandHint(goal.status));

$ find .pi/extensions/goal -maxdepth 1 -type f | sort
.pi/extensions/goal/budget.ts
.pi/extensions/goal/command.ts
.pi/extensions/goal/constants.ts
.pi/extensions/goal/continuation.ts
.pi/extensions/goal/format.ts
.pi/extensions/goal/index.ts
.pi/extensions/goal/lifecycle.ts
.pi/extensions/goal/model-output.ts
.pi/extensions/goal/monitor-prompts.ts
.pi/extensions/goal/monitor-report.ts
.pi/extensions/goal/monitor-state.ts
.pi/extensions/goal/monitor.ts
.pi/extensions/goal/prompts.ts
.pi/extensions/goal/queue-block-parser.ts
.pi/extensions/goal/queue-state.ts
.pi/extensions/goal/queue-steering.ts
.pi/extensions/goal/queue-tools.ts
.pi/extensions/goal/state.ts
.pi/extensions/goal/telemetry.ts
.pi/extensions/goal/templates.ts
.pi/extensions/goal/tools.ts
.pi/extensions/goal/types.ts
.pi/extensions/goal/ui.ts
.pi/extensions/goal/widget.ts

$ npm pkg get scripts --json
{
  "typecheck:goal": "tsc --noEmit --target ES2022 --module ESNext --moduleResolution node --ignoreDeprecations 6.0 --types node --strict --skipLibCheck .pi/extensions/goal/*.ts",
  "slop:goal": "if rg -n 'as unknown as|as any' .pi/extensions/goal; then exit 1; else exit 0; fi",
  "quality:goal": "sentrux gate .pi/extensions/goal && sentrux check .pi/extensions/goal && npm run slop:goal && npm run typecheck:goal && pi --offline --no-session --no-tools -e .pi/extensions/goal/index.ts --list-models >/tmp/pi-goal-quality-load.txt"
}

$ sentrux check .pi/extensions/goal
Scanning .pi/extensions/goal...
[build_project_map] 26 files, 2 unique dirs, 2 cache misses, 0.1ms
[resolve] 88 resolved, 22 unresolved (of 110 total specs)
[resolve_imports] project_map 0.1ms, suffix_idx 0.1ms, suffix_resolve 1.0ms, total 1.2ms
[build_graphs] 26 files | maps 0.0ms, imports 1.2ms, calls+inherit 0.4ms, total 1.6ms | 87 import, 496 call, 0 inherit edges
sentrux check — 33 rules checked

Quality: 6243

✓ All rules pass

$ find . -maxdepth 4 -type f | rg "(test|spec|probe|quality|goal)" | sort | sed -n 1,220p
./.ai/.pi-goals/create-issue-doc.md
./.ai/.pi-goals/deslop-commit-range.md
./.ai/.pi-goals/deslop-pipeline.md
./.ai/.pi-goals/dirty-worktree-cleanup.md
./.ai/.pi-goals/enqueue-goal-stack.md
./.ai/.pi-goals/execute-issue-stack.md
./.ai/.pi-goals/release-readme-review.md
./.ai/.pi-goals/repo-commit-audit.md
./.ai/.pi-goals/repo-worktree-inventory.md
./.ai/.pi-goals/scripts/render_issue_stack_prompt.py
./.ai/docs/pi-goals-live-probe-testing.md
./.ai/issues/fixed/ISSUE-001-pi-goal-extension.md
./.ai/issues/fixed/ISSUE-002-goal-pause-active-turn-interrupt.md
./.ai/issues/fixed/ISSUE-003-paused-goal-continuation-guard.md
./.ai/issues/fixed/ISSUE-004-goal-subcommand-fuzzy-autocomplete.md
./.ai/issues/fixed/ISSUE-005-goal-widget-labels-and-time-budget.md
./.ai/issues/fixed/ISSUE-006-goal-widget-card-ui.md
./.ai/issues/fixed/ISSUE-007-goal-budget-warning-and-hard-stop.md
./.ai/issues/fixed/ISSUE-008-goal-objective-limit-15k.md
./.ai/issues/fixed/ISSUE-009-goal-budget-edit-status-recompute.md
./.ai/issues/fixed/ISSUE-010-goal-update-telemetry-completion-semantics.md
./.ai/issues/fixed/ISSUE-012-goal-budget-limited-resume-and-wrapup-gaps.md
./.ai/issues/fixed/ISSUE-017-reusable-goal-prompt-docs.md
./.ai/issues/fixed/ISSUE-020-goal-churn-monitor.md
./.ai/issues/fixed/ISSUE-025-goal-line-breaks-widget-rendering.md
./.ai/issues/fixed/ISSUE-026-nl-reusable-goal-prompts.md
./.ai/issues/fixed/ISSUE-027-goal-queue.md
./.ai/issues/fixed/ISSUE-028-goal-replacement-preview.md
./.ai/issues/fixed/ISSUE-029-goal-queue-direct-enqueue.md
./.ai/issues/fixed/ISSUE-030-queued-goal-steering.md
./.ai/issues/fixed/ISSUE-031-goal-queue-template-autocomplete.md
./.ai/issues/fixed/ISSUE-033-resume-processes-queued-goals.md
./.ai/issues/fixed/ISSUE-034-prevent-unsatisfied-queued-goal-discard.md
./.ai/issues/fixed/ISSUE-035-multi-item-goal-queue-block.md
./.ai/issues/refine/ISSUE-011-goal-widget-real-component-and-narrow-width.md
./.ai/issues/refine/ISSUE-013-goal-update-natural-language.md
./.ai/issues/refine/ISSUE-014-goal-progress-estimates.md
./.ai/issues/refine/ISSUE-015-goal-subgoals.md
./.ai/issues/refine/ISSUE-016-goal-idle-tolerant-mode.md
./.ai/issues/refine/ISSUE-018-goal-start-in-worktree.md
./.ai/issues/refine/ISSUE-019-parallel-multiple-goals.md
./.ai/issues/refine/ISSUE-021-goal-completion-proofs.md
./.ai/issues/refine/ISSUE-022-goal-history-checkpoints-and-compaction.md
./.ai/issues/refine/ISSUE-023-goal-dependency-triggers-and-watchers.md
./.ai/issues/refine/ISSUE-024-goal-audit-command.md
./.pi/extensions/goal/budget.ts
./.pi/extensions/goal/command.ts
./.pi/extensions/goal/constants.ts
./.pi/extensions/goal/continuation.ts
./.pi/extensions/goal/format.ts
./.pi/extensions/goal/index.ts
./.pi/extensions/goal/lifecycle.ts
./.pi/extensions/goal/model-output.ts
./.pi/extensions/goal/monitor-prompts.ts
./.pi/extensions/goal/monitor-report.ts
./.pi/extensions/goal/monitor-state.ts
./.pi/extensions/goal/monitor.ts
./.pi/extensions/goal/prompts.ts
./.pi/extensions/goal/queue-block-parser.ts
./.pi/extensions/goal/queue-state.ts
./.pi/extensions/goal/queue-steering.ts
./.pi/extensions/goal/queue-tools.ts
./.pi/extensions/goal/state.ts
./.pi/extensions/goal/telemetry.ts
./.pi/extensions/goal/templates.ts
./.pi/extensions/goal/tools.ts
./.pi/extensions/goal/types.ts
./.pi/extensions/goal/ui.ts
./.pi/extensions/goal/widget.ts
./.pi/goal-monitor/sessions/pi-goal-monitor-0046c2b6-53a7-42bb-b931-81251a5df0bb.jsonl
./.pi/goal-monitor/sessions/pi-goal-monitor-03f5f62f-c7c0-45d3-9307-9871f08f5d53.jsonl
./.pi/goal-monitor/sessions/pi-goal-monitor-068931c8-0f1d-48ce-927c-4bd23c9eca4b.jsonl
./.pi/goal-monitor/sessions/pi-goal-monitor-074ad31e-70ac-4477-8185-f59087951511.jsonl
./.pi/goal-monitor/sessions/pi-goal-monitor-091441ab-d208-401b-8976-fec7f3d79ce2.jsonl
./.pi/goal-monitor/sessions/pi-goal-monitor-0bcf2071-c915-4108-8bf9-948c189384f9.jsonl
./.pi/goal-monitor/sessions/pi-goal-monitor-0c06e557-1572-4aab-8583-4664f44d2dbc.jsonl
./.pi/goal-monitor/sessions/pi-goal-monitor-0cce85f4-deb5-481e-9280-1b119480340e.jsonl
./.pi/goal-monitor/sessions/pi-goal-monitor-0f1df7ee-f7da-4de4-9d5b-dfe49e726d45.jsonl
./.pi/goal-monitor/sessions/pi-goal-monitor-11d5030d-0504-4ffa-9144-f6393b11997b.jsonl
./.pi/goal-monitor/sessions/pi-goal-monitor-136c5811-552a-4df4-b0e8-3cd7e32f0c94.jsonl
./.pi/goal-monitor/sessions/pi-goal-monitor-1554bd02-723f-4fb2-9d61-350fc9315b80.jsonl
./.pi/goal-monitor/sessions/pi-goal-monitor-18856a07-c86b-40b4-a65d-a7a322010677.jsonl
./.pi/goal-monitor/sessions/pi-goal-monitor-1d0a5caa-d80d-4a87-bc08-33631930ea46.jsonl
./.pi/goal-monitor/sessions/pi-goal-monitor-1f45b7a3-f99e-4a60-ab6f-1f7a20a0dfcb.jsonl
./.pi/goal-monitor/sessions/pi-goal-monitor-26c5c892-1d79-4589-bf38-f50f232ed879.jsonl
./.pi/goal-monitor/sessions/pi-goal-monitor-270f6b6f-2ff4-4aa6-a41c-716091011e41.jsonl
./.pi/goal-monitor/sessions/pi-goal-monitor-27285f4f-0a37-495f-819f-8a8ce7010261.jsonl
./.pi/goal-monitor/sessions/pi-goal-monitor-2b40c416-d25d-441c-aa18-8380774f206a.jsonl
./.pi/goal-monitor/sessions/pi-goal-monitor-2c693730-ce30-438c-97ab-13cd12ab4f63.jsonl
./.pi/goal-monitor/sessions/pi-goal-monitor-2e5f1c1d-8a00-4603-b618-385d5065f135.jsonl
./.pi/goal-monitor/sessions/pi-goal-monitor-2f5110ae-1d72-4243-b42e-7e52d8aae0f5.jsonl
./.pi/goal-monitor/sessions/pi-goal-monitor-3060ea1a-0d4e-4a01-869b-5b3711b10cb6.jsonl
./.pi/goal-monitor/sessions/pi-goal-monitor-3b85eda0-8776-45e7-9b79-e62b914a0558.jsonl
./.pi/goal-monitor/sessions/pi-goal-monitor-3c2e2962-10a8-405c-bcb0-5d8520fe3c23.jsonl
./.pi/goal-monitor/sessions/pi-goal-monitor-3f10401f-ba67-4b94-92d9-96348305a092.jsonl
./.pi/goal-monitor/sessions/pi-goal-monitor-3fc92d7a-8360-4190-8c62-95d417bfb3dc.jsonl
./.pi/goal-monitor/sessions/pi-goal-monitor-418f15d1-68d0-4b55-b882-f312ccf8e165.jsonl
./.pi/goal-monitor/sessions/pi-goal-monitor-4194172f-a0a7-4b04-9c57-7b31f3543400.jsonl
./.pi/goal-monitor/sessions/pi-goal-monitor-440aba64-c9b3-496e-a43b-a9de7e2c14a7.jsonl
./.pi/goal-monitor/sessions/pi-goal-monitor-47e2b235-db90-425b-a40c-d4fb776d263f.jsonl
./.pi/goal-monitor/sessions/pi-goal-monitor-4993c825-265f-46ab-ae40-efc3beefae35.jsonl
./.pi/goal-monitor/sessions/pi-goal-monitor-4a129a45-5edc-4dae-b8fb-d6a0d3273874.jsonl
./.pi/goal-monitor/sessions/pi-goal-monitor-4dfd7988-84e0-401c-a465-7ec4b760eae7.jsonl
./.pi/goal-monitor/sessions/pi-goal-monitor-4eb58f3c-0eb4-4489-8f8a-8fadf2f3c0b8.jsonl
./.pi/goal-monitor/sessions/pi-goal-monitor-5038e6cb-43f8-427e-a0ea-e78b4109d520.jsonl
./.pi/goal-monitor/sessions/pi-goal-monitor-517cceb5-3741-4af1-b546-0aa1bed58e2f.jsonl
./.pi/goal-monitor/sessions/pi-goal-monitor-52220dd1-2aaf-47bd-8604-2ec39b3cc565.jsonl
./.pi/goal-monitor/sessions/pi-goal-monitor-522ee79d-65c0-4bef-b9d4-3668f833e367.jsonl
./.pi/goal-monitor/sessions/pi-goal-monitor-529bbf0b-746a-4889-8ac1-ff115e52597b.jsonl
./.pi/goal-monitor/sessions/pi-goal-monitor-55bad8b6-7f1d-47bc-afab-f9d7c24999ec.jsonl
./.pi/goal-monitor/sessions/pi-goal-monitor-59b77264-bebd-422f-949e-70f2d697ec6b.jsonl
./.pi/goal-monitor/sessions/pi-goal-monitor-5bc27bcc-5307-4792-8781-1ef2758e3571.jsonl
./.pi/goal-monitor/sessions/pi-goal-monitor-5bf6b9c6-8d99-4cd1-9b5f-ff34d40a48ab.jsonl
./.pi/goal-monitor/sessions/pi-goal-monitor-5f1e54c1-21cd-4fda-8ece-4ff9eddb1c85.jsonl
./.pi/goal-monitor/sessions/pi-goal-monitor-6341c0bc-08a0-439a-bfde-a5b9560d4bdc.jsonl
./.pi/goal-monitor/sessions/pi-goal-monitor-687ac97f-7cfa-4a7b-b5a6-0fe0359ad050.jsonl
./.pi/goal-monitor/sessions/pi-goal-monitor-6a9f1f4d-98fe-4daa-8804-a9efba84637e.jsonl
./.pi/goal-monitor/sessions/pi-goal-monitor-6b91b6ce-fac0-4891-bde8-ea1f947f3568.jsonl
./.pi/goal-monitor/sessions/pi-goal-monitor-6cd5f80a-f391-49a6-bf4d-e0eefd9aed9f.jsonl
./.pi/goal-monitor/sessions/pi-goal-monitor-6d7cf5f1-2b62-4b92-a004-f31b81760ca0.jsonl
./.pi/goal-monitor/sessions/pi-goal-monitor-6e4c0db3-4d91-4e9b-badf-d6b41ec7261f.jsonl
./.pi/goal-monitor/sessions/pi-goal-monitor-6f6c8c9d-c04c-4f38-90fa-9e16213ba8ef.jsonl
./.pi/goal-monitor/sessions/pi-goal-monitor-70750f7c-9338-4057-a79c-117d84ce8259.jsonl
./.pi/goal-monitor/sessions/pi-goal-monitor-7131cf7d-64b5-40a7-a2f0-645d0aa45c03.jsonl
./.pi/goal-monitor/sessions/pi-goal-monitor-73e3b768-d32a-4015-927f-eaa9b2130137.jsonl
./.pi/goal-monitor/sessions/pi-goal-monitor-756374f8-7711-42dd-93fd-f7f495ecd763.jsonl
./.pi/goal-monitor/sessions/pi-goal-monitor-774dcc61-1e20-44f5-88cc-ce78866af60d.jsonl
./.pi/goal-monitor/sessions/pi-goal-monitor-7795052b-372e-4b5c-8afe-5e0bc1119937.jsonl
./.pi/goal-monitor/sessions/pi-goal-monitor-79fd1e9d-f6f7-4c68-8795-d4defecaea24.jsonl
./.pi/goal-monitor/sessions/pi-goal-monitor-7ab982db-6ca9-43f3-adcb-883edeaec015.jsonl
./.pi/goal-monitor/sessions/pi-goal-monitor-7bb943ea-3980-4584-9cac-6f89baea251e.jsonl
./.pi/goal-monitor/sessions/pi-goal-monitor-7efde1f1-a080-4229-a2e5-4b1cea18215a.jsonl
./.pi/goal-monitor/sessions/pi-goal-monitor-81751084-13ab-43c4-b3b8-a708aabdba0b.jsonl
./.pi/goal-monitor/sessions/pi-goal-monitor-909bbace-09e3-4824-9055-e228917ebc35.jsonl
./.pi/goal-monitor/sessions/pi-goal-monitor-90fa050d-58cc-4268-b46c-558487ca10bd.jsonl
./.pi/goal-monitor/sessions/pi-goal-monitor-91c1197b-983f-462b-b50e-fd67a70eba9c.jsonl
./.pi/goal-monitor/sessions/pi-goal-monitor-9644a9c9-6ee6-461b-a6e3-efa7b15a37c2.jsonl
./.pi/goal-monitor/sessions/pi-goal-monitor-9c47c09a-4584-4f50-b99c-ae24fa59e3bf.jsonl
./.pi/goal-monitor/sessions/pi-goal-monitor-9d3448f1-87e8-4f49-9501-7fe898040862.jsonl
./.pi/goal-monitor/sessions/pi-goal-monitor-9f137e26-57c0-4fe8-979c-352a540c9ba3.jsonl
./.pi/goal-monitor/sessions/pi-goal-monitor-a0cf7631-a426-48ae-82fe-8dc55450e723.jsonl
./.pi/goal-monitor/sessions/pi-goal-monitor-a53079da-2c30-41b1-8565-0dd20e48ff0d.jsonl
./.pi/goal-monitor/sessions/pi-goal-monitor-aa89b554-1572-49fc-bf08-9fcdc3bee81e.jsonl
./.pi/goal-monitor/sessions/pi-goal-monitor-ac699634-45a4-40ba-a324-f0135a40332b.jsonl
./.pi/goal-monitor/sessions/pi-goal-monitor-b1877369-4257-4c0e-801a-8f2f631f050b.jsonl
./.pi/goal-monitor/sessions/pi-goal-monitor-b3c02c85-260c-40f6-bbd6-ff29f46d4c62.jsonl
./.pi/goal-monitor/sessions/pi-goal-monitor-b3d12532-a4fa-48ad-998f-83979cc4dfb2.jsonl
./.pi/goal-monitor/sessions/pi-goal-monitor-b5f1ebf8-450c-4490-a3d8-24dcaaf1d0f6.jsonl
./.pi/goal-monitor/sessions/pi-goal-monitor-b79b27af-e26b-454a-ba66-7b1b8f902497.jsonl
./.pi/goal-monitor/sessions/pi-goal-monitor-b8fd3e94-591f-4bac-a35e-e3afaaeabd59.jsonl
./.pi/goal-monitor/sessions/pi-goal-monitor-ba20c675-bf22-4d91-9209-0ccad2adc36b.jsonl
./.pi/goal-monitor/sessions/pi-goal-monitor-baa89977-7fb7-4678-8674-769ef9431711.jsonl
./.pi/goal-monitor/sessions/pi-goal-monitor-bd5c1482-4e99-4659-957e-2032d0cf72b2.jsonl
./.pi/goal-monitor/sessions/pi-goal-monitor-bf7a035c-6468-4f87-b703-630f2dc0b565.jsonl
./.pi/goal-monitor/sessions/pi-goal-monitor-c0bc1325-0b5b-40cb-85fa-4e01e35a3780.jsonl
./.pi/goal-monitor/sessions/pi-goal-monitor-c1d8f215-bd47-4bd0-9256-1da61b597963.jsonl
./.pi/goal-monitor/sessions/pi-goal-monitor-c457332c-7a0c-45db-9c40-599ff2eff475.jsonl
./.pi/goal-monitor/sessions/pi-goal-monitor-c45b03e5-1cca-42df-8ae2-ddadadbebb37.jsonl
./.pi/goal-monitor/sessions/pi-goal-monitor-c5285c2f-5d19-4cbc-941e-3ef766544ed2.jsonl
./.pi/goal-monitor/sessions/pi-goal-monitor-c6cb3c23-abe9-448f-9277-4ed213c424b2.jsonl
./.pi/goal-monitor/sessions/pi-goal-monitor-ca965863-7d24-4d0c-9fcf-0f5dee95d504.jsonl
./.pi/goal-monitor/sessions/pi-goal-monitor-caca5bc3-46a2-4bf3-9f27-2c37eaefca3d.jsonl
./.pi/goal-monitor/sessions/pi-goal-monitor-ccb4ea62-e16d-417f-aa2f-6bf2f23ad46e.jsonl
./.pi/goal-monitor/sessions/pi-goal-monitor-cebc7acc-627f-4b9a-b452-371824cdb968.jsonl
./.pi/goal-monitor/sessions/pi-goal-monitor-cfa06150-4b0d-4fdf-aa40-8ca1d4353f98.jsonl
./.pi/goal-monitor/sessions/pi-goal-monitor-d00c74fe-3c63-4778-a903-3a83a6716536.jsonl
./.pi/goal-monitor/sessions/pi-goal-monitor-d2f2fc24-6305-4829-9d09-bc4daddd2e1b.jsonl
./.pi/goal-monitor/sessions/pi-goal-monitor-d313f885-8a7e-4714-ae74-8e2627824832.jsonl
./.pi/goal-monitor/sessions/pi-goal-monitor-d341640a-d184-457f-933b-0d9c55ebc759.jsonl
./.pi/goal-monitor/sessions/pi-goal-monitor-d3886933-c1dd-40b3-bbac-91b7253564b1.jsonl
./.pi/goal-monitor/sessions/pi-goal-monitor-d48ba944-8483-404f-9cd8-c29de87f0bd3.jsonl
./.pi/goal-monitor/sessions/pi-goal-monitor-d53da9a7-4d2f-4d35-b8d4-1afbc43bf842.jsonl
./.pi/goal-monitor/sessions/pi-goal-monitor-d56cdb5d-3b7c-4316-a500-604c737bdcb6.jsonl
./.pi/goal-monitor/sessions/pi-goal-monitor-d5ecae24-53a6-4303-822e-ce28be6b03e2.jsonl
./.pi/goal-monitor/sessions/pi-goal-monitor-d947b8da-b827-4bb2-a4af-c204ccfaf50c.jsonl
./.pi/goal-monitor/sessions/pi-goal-monitor-ddf73b3f-fdb1-4079-b732-8374b09bf1b6.jsonl
./.pi/goal-monitor/sessions/pi-goal-monitor-dfdd1f3c-4e6e-440d-94eb-73faceeb9564.jsonl
./.pi/goal-monitor/sessions/pi-goal-monitor-e0c5cf9d-082b-4078-9419-0830ed1aab3e.jsonl
./.pi/goal-monitor/sessions/pi-goal-monitor-e154a5cd-e011-491c-9961-c842dd75f20d.jsonl
./.pi/goal-monitor/sessions/pi-goal-monitor-e1d88acc-c296-4763-8862-965c88ec9ec9.jsonl
./.pi/goal-monitor/sessions/pi-goal-monitor-e4f447a0-33bc-41b3-8700-9d71559be4b9.jsonl
./.pi/goal-monitor/sessions/pi-goal-monitor-e91f74fe-1995-43ab-afcc-ddcc7337e4d9.jsonl
./.pi/goal-monitor/sessions/pi-goal-monitor-eb6641d5-badc-41a7-9cc9-09374ec3c7dd.jsonl
./.pi/goal-monitor/sessions/pi-goal-monitor-ee369513-9618-41e8-8255-1958abf39e75.jsonl
./.pi/goal-monitor/sessions/pi-goal-monitor-f1e75513-255d-4494-8007-68dae8a03f86.jsonl
./.pi/goal-monitor/sessions/pi-goal-monitor-f1f61f2d-92fe-417c-b95e-03df49d91226.jsonl
./.pi/goal-monitor/sessions/pi-goal-monitor-f2b29ea8-d710-400f-93af-7a6ad2f78697.jsonl
./.pi/goal-monitor/sessions/pi-goal-monitor-f789b5ae-e7b9-4ff4-9308-77dd59a64cc3.jsonl
./.pi/goal-monitor/sessions/pi-goal-monitor-f951c8f2-3c57-48d8-9f2a-ea5d89e6853d.jsonl
./.pi/goal-monitor/sessions/pi-goal-monitor-fa03c738-6eda-4c3b-846c-1e7214c213f5.jsonl
./.pi/goal-monitor/sessions/pi-goal-monitor-fa425874-94e5-4cd8-b28f-e19e389f182b.jsonl
./.pi/goal-monitor/sessions/pi-goal-monitor-fb50802e-bbc5-418a-8113-5cb0b7695f44.jsonl
./.pi/goal-monitor/sessions/pi-goal-monitor-fc32bdbb-9769-46e2-941f-3c1784e5930e.jsonl
./.pi/goal-monitor/sessions/pi-goal-monitor-ff0d6081-6180-45d5-a23d-c85e96d01fc6.jsonl
./node_modules/.cache/jiti/goal-budget.f4015fc2.cjs
./node_modules/.cache/jiti/goal-command.1c3488d2.cjs
./node_modules/.cache/jiti/goal-constants.30dc0366.cjs
./node_modules/.cache/jiti/goal-continuation.d9b01619.cjs
./node_modules/.cache/jiti/goal-format.7b6782bb.cjs
./node_modules/.cache/jiti/goal-lifecycle.763c2260.cjs
./node_modules/.cache/jiti/goal-model-output.887ba67a.cjs
./node_modules/.cache/jiti/goal-monitor-prompts.41595024.cjs
./node_modules/.cache/jiti/goal-monitor-report.359db2cb.cjs
./node_modules/.cache/jiti/goal-monitor-state.904c2415.cjs
./node_modules/.cache/jiti/goal-monitor.1587aff3.cjs
./node_modules/.cache/jiti/goal-prompts.86b45725.cjs
./node_modules/.cache/jiti/goal-queue-block-parser.cea6c04b.cjs
./node_modules/.cache/jiti/goal-queue-helpers.1b2cba63.cjs
./node_modules/.cache/jiti/goal-queue-state.691f7595.cjs
./node_modules/.cache/jiti/goal-queue-steering.a1d5baf4.cjs
./node_modules/.cache/jiti/goal-queue-tools.f417f623.cjs
./node_modules/.cache/jiti/goal-state.c0af45b7.cjs
./node_modules/.cache/jiti/goal-telemetry.8a072b25.cjs
./node_modules/.cache/jiti/goal-templates.d19efb45.cjs
./node_modules/.cache/jiti/goal-tools.5b87662d.cjs
./node_modules/.cache/jiti/goal-ui.ba5ec279.cjs
./node_modules/.cache/jiti/goal-widget.f1fdb0c3.cjs
./node_modules/@types/node/inspector.d.ts
./node_modules/@types/node/inspector.generated.d.ts
./node_modules/@types/node/test.d.ts

$ rg -n "budget|budgetLimited|token_budget|time_budget_seconds|quality:goal|createGoalState|evaluateBudgetPressure" . --glob !node_modules/** --glob !references/**
./AGENTS.md:26:npm run quality:goal
./AGENTS.md:58:Live probes complement deterministic tests; they do not replace `npm run quality:goal` or targeted probes. For a small change with direct, unambiguous deterministic coverage, the live probe may be skipped to save time/tokens, but provide a visible reason in the current closeout context.
./package.json:4:  "description": "Persistent goal tracking for Pi with /tree-compatible state, budgets, reusable prompts, and churn monitoring.",
./package.json:14:    "quality:goal": "sentrux gate .pi/extensions/goal && sentrux check .pi/extensions/goal && npm run slop:goal && npm run typecheck:goal && pi --offline --no-session --no-tools -e .pi/extensions/goal/index.ts --list-models >/tmp/pi-goal-quality-load.txt"
./README.md:3:Persistent goal tracking for [Pi](https://www.npmjs.com/package/@earendil-works/pi-coding-agent). Inspired by Codex CLI's `/goal`, `pi-goals` adds Pi-native UX, rewindable `/tree`-compatible goal state, time and token budgets, reusable token-aware prompts, automated churn monitoring, and more.
./README.md:11:- Time and token budgets with goal-aware continuation and wrap-up behavior.
./README.md:50:- `/goal` — show the current goal summary, status, budgets, and progress metadata.
./README.md:91:Set a goal to finish the README cleanup with a 30 minute budget, then keep going until it is done or blocked.
./README.md:100:When a goal reaches its time or token budget, `pi-goals` steers the agent into wrap-up instead of silently continuing. Exhausted goals cannot be resumed until the budget is raised or the goal is cleared.
./README.md:159:npm run quality:goal
./README.md:162:`npm run quality:goal` runs the project quality gate for the extension, including [Sentrux](https://github.com/sentrux/sentrux) structure checks, TypeScript validation, and Pi extension load validation.

$ test required artifacts
exists .ai/docs/issue-workflow/ISSUE-036-minimum-goal-spend-floors/00-request.md
exists .ai/docs/issue-workflow/ISSUE-036-minimum-goal-spend-floors/01-protocol-read.md
exists .ai/docs/issue-workflow/ISSUE-036-minimum-goal-spend-floors/02-grounded-research.md
exists .ai/docs/issue-workflow/ISSUE-036-minimum-goal-spend-floors/03-design-lock.md
exists .ai/docs/issue-workflow/ISSUE-036-minimum-goal-spend-floors/04-proof-threat-model.md
exists .ai/docs/issue-workflow/ISSUE-036-minimum-goal-spend-floors/05-issue-writeback.md
exists .ai/docs/issue-workflow/ISSUE-036-minimum-goal-spend-floors/06-final-audit.md
exists .ai/docs/issue-workflow/ISSUE-036-minimum-goal-spend-floors/raw/commands.log
exists .ai/issues/open/ISSUE-036-minimum-goal-spend-floors.md

$ rg issue links
38:- Request intake: `.ai/docs/issue-workflow/ISSUE-036-minimum-goal-spend-floors/00-request.md`
39:- Protocol read: `.ai/docs/issue-workflow/ISSUE-036-minimum-goal-spend-floors/01-protocol-read.md`
40:- Grounded research: `.ai/docs/issue-workflow/ISSUE-036-minimum-goal-spend-floors/02-grounded-research.md`
41:- Design lock: `.ai/docs/issue-workflow/ISSUE-036-minimum-goal-spend-floors/03-design-lock.md`
42:- Proof threat model: `.ai/docs/issue-workflow/ISSUE-036-minimum-goal-spend-floors/04-proof-threat-model.md`
43:- Issue writeback: `.ai/docs/issue-workflow/ISSUE-036-minimum-goal-spend-floors/05-issue-writeback.md`
44:- Final audit: `.ai/docs/issue-workflow/ISSUE-036-minimum-goal-spend-floors/06-final-audit.md`
45:- Raw command log: `.ai/docs/issue-workflow/ISSUE-036-minimum-goal-spend-floors/raw/commands.log`
97:Full research is in `.ai/docs/issue-workflow/ISSUE-036-minimum-goal-spend-floors/02-grounded-research.md`.
115:Full design lock is in `.ai/docs/issue-workflow/ISSUE-036-minimum-goal-spend-floors/03-design-lock.md`.
209:Full proof threat model is in `.ai/docs/issue-workflow/ISSUE-036-minimum-goal-spend-floors/04-proof-threat-model.md`.
226:toon.version: 1
268:toon.version: 1
269:required_proofs[6]{name,source,command,pass_condition,scope,notes}:

$ git status --short --untracked-files=all
 M .gitignore
?? .ai/docs/issue-workflow/ISSUE-036-minimum-goal-spend-floors/00-request.md
?? .ai/docs/issue-workflow/ISSUE-036-minimum-goal-spend-floors/01-protocol-read.md
?? .ai/docs/issue-workflow/ISSUE-036-minimum-goal-spend-floors/02-grounded-research.md
?? .ai/docs/issue-workflow/ISSUE-036-minimum-goal-spend-floors/03-design-lock.md
?? .ai/docs/issue-workflow/ISSUE-036-minimum-goal-spend-floors/04-proof-threat-model.md
?? .ai/docs/issue-workflow/ISSUE-036-minimum-goal-spend-floors/05-issue-writeback.md
?? .ai/docs/issue-workflow/ISSUE-036-minimum-goal-spend-floors/06-final-audit.md
?? .ai/docs/issue-workflow/ISSUE-036-minimum-goal-spend-floors/raw/commands.log
?? .ai/docs/monitor-semantics-steering-latency-prototype.md
?? .ai/issues/open/ISSUE-036-minimum-goal-spend-floors.md

$ git check-ignore -v .ai/docs/issue-workflow/ISSUE-036-minimum-goal-spend-floors/00-request.md || true
.gitignore:11:!.ai/docs/issue-workflow/**	.ai/docs/issue-workflow/ISSUE-036-minimum-goal-spend-floors/00-request.md

$ artifact ignore verdict
not-ignored-trackable

$ rg follow-up concrete steering monitor terms
.ai/docs/issue-workflow/ISSUE-036-minimum-goal-spend-floors/06-final-audit.md:57:The goal was reactivated after the first completion so owner feedback could be incorporated. Follow-up artifact `07-owner-feedback-followup.md` was created. The issue doc, design lock, proof threat model, and issue writeback were updated to address:
.ai/docs/issue-workflow/ISSUE-036-minimum-goal-spend-floors/06-final-audit.md:59:- concrete floor-steering implementation design;
.ai/docs/issue-workflow/ISSUE-036-minimum-goal-spend-floors/06-final-audit.md:70:- `rg` confirmed the issue doc links `00-request.md`, `01-protocol-read.md`, `02-grounded-research.md`, `03-design-lock.md`, `04-proof-threat-model.md`, `05-issue-writeback.md`, `06-final-audit.md`, `07-owner-feedback-followup.md`, `raw/commands.log`, `toon.version`, and `required_proofs`.
.ai/docs/issue-workflow/ISSUE-036-minimum-goal-spend-floors/05-issue-writeback.md:73:After initial writeback, the owner asked for the most important steering/monitor portions to be more concrete and autonomous. A follow-up artifact was added at `07-owner-feedback-followup.md`, and the issue/design/proof docs were updated to require:
.ai/docs/issue-workflow/ISSUE-036-minimum-goal-spend-floors/05-issue-writeback.md:75:- a shared `floor-steering` module/catalog;
.ai/docs/issue-workflow/ISSUE-036-minimum-goal-spend-floors/05-issue-writeback.md:77:- autonomous fallback ladder instead of asking the user for floor-unmet direction;
.ai/docs/issue-workflow/ISSUE-036-minimum-goal-spend-floors/05-issue-writeback.md:79:- deterministic `floor_steering_probe` proof plus strengthened live-probe pass conditions.
.ai/docs/issue-workflow/ISSUE-036-minimum-goal-spend-floors/03-design-lock.md:107:Prompts are not decorative for this feature. The first release must add a shared concrete floor-steering implementation, not only abstract prompt bullets.
.ai/docs/issue-workflow/ISSUE-036-minimum-goal-spend-floors/03-design-lock.md:109:Create a small module, likely `.pi/extensions/goal/floor-steering.ts`, with:
.ai/docs/issue-workflow/ISSUE-036-minimum-goal-spend-floors/03-design-lock.md:112:- `FLOOR_VALUE_PASS_CATALOG` as a structured table;
.ai/docs/issue-workflow/ISSUE-036-minimum-goal-spend-floors/03-design-lock.md:140:2. Require the worker to choose exactly one `next_floor_pass` from the catalog.
.ai/docs/issue-workflow/ISSUE-036-minimum-goal-spend-floors/03-design-lock.md:176:  - `floor_ignored_early_wrapup`
.ai/docs/issue-workflow/ISSUE-036-minimum-goal-spend-floors/03-design-lock.md:177:  - `quota_filling_churn`
.ai/docs/issue-workflow/ISSUE-036-minimum-goal-spend-floors/03-design-lock.md:179:  - `productive_floor_deepening`
.ai/docs/issue-workflow/ISSUE-036-minimum-goal-spend-floors/03-design-lock.md:200:- Shared floor-steering module/catalog.
.ai/issues/open/ISSUE-036-minimum-goal-spend-floors.md:45:- Owner feedback follow-up: `.ai/docs/issue-workflow/ISSUE-036-minimum-goal-spend-floors/07-owner-feedback-followup.md`
.ai/issues/open/ISSUE-036-minimum-goal-spend-floors.md:71:The qualitative steering must be implemented as concrete shared logic, not only hand-written prompt prose. Add a small steering module, likely `.pi/extensions/goal/floor-steering.ts`, used by continuation prompts, early-completion refusal text, and monitor steering.
.ai/issues/open/ISSUE-036-minimum-goal-spend-floors.md:76:- `FLOOR_VALUE_PASS_CATALOG`, a structured table of autonomous value-adding passes;
.ai/issues/open/ISSUE-036-minimum-goal-spend-floors.md:97:2. Instruct the worker to choose exactly one `next_floor_pass` from the catalog before more work.
.ai/issues/open/ISSUE-036-minimum-goal-spend-floors.md:108:If the worker cannot identify an obvious high-value pass, it must use this autonomous fallback ladder instead of asking the user:
.ai/issues/open/ISSUE-036-minimum-goal-spend-floors.md:147:- `floor_ignored_early_wrapup`
.ai/issues/open/ISSUE-036-minimum-goal-spend-floors.md:148:- `quota_filling_churn`
.ai/issues/open/ISSUE-036-minimum-goal-spend-floors.md:150:- `productive_floor_deepening`
.ai/issues/open/ISSUE-036-minimum-goal-spend-floors.md:249:- [ ] Add the concrete floor-steering module/catalog and reuse it from continuation prompts, completion-refusal text, and monitor steering.
.ai/issues/open/ISSUE-036-minimum-goal-spend-floors.md:250:- [ ] Update continuation prompts with floor state, the pass-selection algorithm, the autonomous fallback ladder, and the no-user-question rule.
.ai/issues/open/ISSUE-036-minimum-goal-spend-floors.md:274:- A concrete floor-steering catalog exists and is reused by continuation prompts, early-completion refusal, and monitor steering.
.ai/issues/open/ISSUE-036-minimum-goal-spend-floors.md:275:- Prompt text includes floor state, next-pass selection rules, required evidence/artifact deltas, and the autonomous fallback ladder.
.ai/issues/open/ISSUE-036-minimum-goal-spend-floors.md:320:  "floor_steering",".pi/extensions/goal/floor-steering.ts","shared value-pass catalog completion-refusal text continuation guidance and monitor steering snippets"
.ai/issues/open/ISSUE-036-minimum-goal-spend-floors.md:323:  "prompts",".pi/extensions/goal/prompts.ts","floor-aware continuation pass-selection algorithm autonomous fallback and anti-churn rules"
.ai/issues/open/ISSUE-036-minimum-goal-spend-floors.md:348:required_proofs[7]{name,source,command,pass_condition,scope,notes}:
.ai/issues/open/ISSUE-036-minimum-goal-spend-floors.md:351:  "floor_steering_probe","issue doc","node .ai/validation/goal-floor-steering-probe.mjs","exit 0 and probe output shows shared value-pass catalog rows prompt/refusal text require a next_floor_pass concrete evidence deltas autonomous fallback no-user rule and monitor watch/steer/escalate cases",run,"proves the owner-highlighted steering design is implemented concretely not as vague prose"
.ai/issues/open/ISSUE-036-minimum-goal-spend-floors.md:352:  "prompt_surface_probe","issue doc","rg -n \"floor-steering|FLOOR_VALUE_PASS_CATALOG|next_floor_pass|quota_filling_churn|floor_ignored_early_wrapup|productive_floor_deepening|autonomous fallback|min_tokens_before_wrap_up|min_time_seconds_before_wrap_up\" .pi/extensions/goal README.md","exit 0 with matches in shared steering module prompts monitor report/prompt tool schemas UI/format and README",run,"static smoke check that floor semantics and monitor steering are not helper-only"
.ai/issues/open/ISSUE-036-minimum-goal-spend-floors.md:354:  "live_probe_min_floor","issue doc","Follow .ai/docs/pi-goals-live-probe-testing.md: resolve pi-goals-live-probe from current Solo context reload create a disposable goal with min_time_seconds_before_wrap_up or min_tokens_before_wrap_up attempt an immediate simple completion inspect output then clean up","transcript shows the floor is unmet completion is blocked or avoided the agent performs a named concrete next_floor_pass with higher-quality additional work instead of filler does not ask the user for floor-unmet direction and cleanup leaves no disposable goal or queue residue",run,"mandatory behavior proof for live steering quality"
.ai/issues/open/ISSUE-036-minimum-goal-spend-floors.md:355:  "artifact_closeout","issue doc","test -f .ai/docs/issue-workflow/ISSUE-036-minimum-goal-spend-floors/07-implementation-closeout.md && rg -n \"floor_gate_probe|floor_steering_probe|live_probe_min_floor|npm run quality:goal|pi-goals-live-probe\" .ai/docs/issue-workflow/ISSUE-036-minimum-goal-spend-floors/07-implementation-closeout.md","exit 0",run,"closeout records deterministic and live evidence"
.ai/docs/issue-workflow/ISSUE-036-minimum-goal-spend-floors/07-owner-feedback-followup.md:15:The issue now requires a concrete `floor-steering` design rather than generic bullet points:
.ai/docs/issue-workflow/ISSUE-036-minimum-goal-spend-floors/07-owner-feedback-followup.md:17:- Add a small shared module, likely `.pi/extensions/goal/floor-steering.ts`, that exports:
.ai/docs/issue-workflow/ISSUE-036-minimum-goal-spend-floors/07-owner-feedback-followup.md:19:  - a `FLOOR_VALUE_PASS_CATALOG` table;
.ai/docs/issue-workflow/ISSUE-036-minimum-goal-spend-floors/07-owner-feedback-followup.md:45:- Otherwise use an autonomous fallback ladder:
.ai/docs/issue-workflow/ISSUE-036-minimum-goal-spend-floors/07-owner-feedback-followup.md:64:  - `floor_ignored_early_wrapup`
.ai/docs/issue-workflow/ISSUE-036-minimum-goal-spend-floors/07-owner-feedback-followup.md:65:  - `quota_filling_churn`
.ai/docs/issue-workflow/ISSUE-036-minimum-goal-spend-floors/07-owner-feedback-followup.md:67:  - `productive_floor_deepening`
.ai/docs/issue-workflow/ISSUE-036-minimum-goal-spend-floors/04-proof-threat-model.md:63:  - shared floor-steering catalog exists with stable pass ids,
.ai/docs/issue-workflow/ISSUE-036-minimum-goal-spend-floors/04-proof-threat-model.md:64:  - continuation prompt requires one `next_floor_pass`, concrete tool-backed action where possible, and evidence/artifact deltas,
.ai/docs/issue-workflow/ISSUE-036-minimum-goal-spend-floors/04-proof-threat-model.md:66:  - floor-unmet guidance includes the autonomous fallback ladder and forbids asking the user unless objective text explicitly allows user decisions;
.ai/docs/issue-workflow/ISSUE-036-minimum-goal-spend-floors/04-proof-threat-model.md:85:6. Observe that early `update_goal(status:"complete")` is rejected or not attempted, and the agent instead selects a named `next_floor_pass` from the catalog.
.ai/docs/issue-workflow/ISSUE-036-minimum-goal-spend-floors/04-proof-threat-model.md:95:- transcript snippet showing the named `next_floor_pass` and qualitative continuation strategy applied;
.ai/docs/issue-workflow/ISSUE-036-minimum-goal-spend-floors/04-proof-threat-model.md:103:required_proofs[7]{name,source,command,pass_condition,scope,notes}:
.ai/docs/issue-workflow/ISSUE-036-minimum-goal-spend-floors/04-proof-threat-model.md:106:  "floor_steering_probe","issue doc","node .ai/validation/goal-floor-steering-probe.mjs","exit 0 and probe output shows shared value-pass catalog rows, prompt/refusal text require a next_floor_pass, concrete evidence deltas, autonomous fallback, no-user rule, and monitor watch/steer/escalate cases",run,"proves the owner-highlighted steering design is implemented concretely not as vague prose"
.ai/docs/issue-workflow/ISSUE-036-minimum-goal-spend-floors/04-proof-threat-model.md:107:  "prompt_surface_probe","issue doc","rg -n \"floor-steering|FLOOR_VALUE_PASS_CATALOG|next_floor_pass|quota_filling_churn|floor_ignored_early_wrapup|productive_floor_deepening|autonomous fallback|min_tokens_before_wrap_up|min_time_seconds_before_wrap_up\" .pi/extensions/goal README.md","exit 0 with matches in shared steering module, prompts, monitor report/prompt, tool schemas, UI/format, and README",run,"static smoke check that floor semantics and monitor steering are not helper-only"
.ai/docs/issue-workflow/ISSUE-036-minimum-goal-spend-floors/04-proof-threat-model.md:109:  "live_probe_min_floor","issue doc","Follow .ai/docs/pi-goals-live-probe-testing.md: resolve pi-goals-live-probe from current Solo context, reload, create a disposable goal with min_time_seconds_before_wrap_up or min_tokens_before_wrap_up, attempt an immediate simple completion, inspect output, then clean up","transcript shows the floor is unmet, completion is blocked or avoided, the agent performs a named concrete next_floor_pass with higher-quality additional work instead of filler, does not ask the user for floor-unmet direction, and cleanup leaves no disposable goal/queue residue",run,"mandatory behavior proof for live steering quality"
.ai/docs/issue-workflow/ISSUE-036-minimum-goal-spend-floors/04-proof-threat-model.md:110:  "artifact_closeout","issue doc","test -f .ai/docs/issue-workflow/ISSUE-036-minimum-goal-spend-floors/07-implementation-closeout.md && rg -n \"floor_gate_probe|floor_steering_probe|live_probe_min_floor|npm run quality:goal|pi-goals-live-probe\" .ai/docs/issue-workflow/ISSUE-036-minimum-goal-spend-floors/07-implementation-closeout.md","exit 0",run,"closeout records deterministic and live evidence"

$ git status --short --untracked-files=all
 M .gitignore
?? .ai/docs/issue-workflow/ISSUE-036-minimum-goal-spend-floors/00-request.md
?? .ai/docs/issue-workflow/ISSUE-036-minimum-goal-spend-floors/01-protocol-read.md
?? .ai/docs/issue-workflow/ISSUE-036-minimum-goal-spend-floors/02-grounded-research.md
?? .ai/docs/issue-workflow/ISSUE-036-minimum-goal-spend-floors/03-design-lock.md
?? .ai/docs/issue-workflow/ISSUE-036-minimum-goal-spend-floors/04-proof-threat-model.md
?? .ai/docs/issue-workflow/ISSUE-036-minimum-goal-spend-floors/05-issue-writeback.md
?? .ai/docs/issue-workflow/ISSUE-036-minimum-goal-spend-floors/06-final-audit.md
?? .ai/docs/issue-workflow/ISSUE-036-minimum-goal-spend-floors/07-owner-feedback-followup.md
?? .ai/docs/issue-workflow/ISSUE-036-minimum-goal-spend-floors/raw/commands.log
?? .ai/docs/monitor-semantics-steering-latency-prototype.md
?? .ai/issues/open/ISSUE-036-minimum-goal-spend-floors.md

$ git check-ignore -v .ai/docs/issue-workflow/ISSUE-036-minimum-goal-spend-floors/07-owner-feedback-followup.md || true
.gitignore:11:!.ai/docs/issue-workflow/**	.ai/docs/issue-workflow/ISSUE-036-minimum-goal-spend-floors/07-owner-feedback-followup.md

$ artifact 07 ignore verdict
not-ignored-trackable

$ rg lingering ask-user guidance in issue/followup docs
.ai/issues/open/ISSUE-036-minimum-goal-spend-floors.md:106:Do not ask the user merely because a floor is unmet or because the next valuable pass is not obvious. Unless the goal objective explicitly permits or requests user decisions, floor-unmet behavior must be autonomous.
.ai/issues/open/ISSUE-036-minimum-goal-spend-floors.md:276:- The agent does not ask the user for floor-unmet direction unless the goal objective explicitly allows user decisions or a separate safety/authorization boundary requires it.
.ai/issues/open/ISSUE-036-minimum-goal-spend-floors.md:311:  "lr6","floor-unmet workflow is autonomous by default and does not ask users unless the objective explicitly allows it or safety requires it"
.ai/issues/open/ISSUE-036-minimum-goal-spend-floors.md:354:  "live_probe_min_floor","issue doc","Follow .ai/docs/pi-goals-live-probe-testing.md: resolve pi-goals-live-probe from current Solo context reload create a disposable goal with min_time_seconds_before_wrap_up or min_tokens_before_wrap_up attempt an immediate simple completion inspect output then clean up","transcript shows the floor is unmet completion is blocked or avoided the agent performs a named concrete next_floor_pass with higher-quality additional work instead of filler does not ask the user for floor-unmet direction and cleanup leaves no disposable goal or queue residue",run,"mandatory behavior proof for live steering quality"
.ai/docs/issue-workflow/ISSUE-036-minimum-goal-spend-floors/07-owner-feedback-followup.md:8:2. The feature must not ask the user unless the goal objective explicitly allows it. Floor-unmet behavior should be autonomous by default.
.ai/docs/issue-workflow/ISSUE-036-minimum-goal-spend-floors/07-owner-feedback-followup.md:42:- Do not ask the user merely because a floor is unmet.
.ai/docs/issue-workflow/ISSUE-036-minimum-goal-spend-floors/07-owner-feedback-followup.md:43:- Do not ask the user because no obvious continuation idea appears.
.ai/docs/issue-workflow/ISSUE-036-minimum-goal-spend-floors/raw/commands.log:587:.pi/extensions/goal/tools.ts:237:		return errorResult("A goal already exists. Use clear_goal or ask the user before replacing it.");
.ai/docs/issue-workflow/ISSUE-036-minimum-goal-spend-floors/raw/commands.log:681:.pi/extensions/goal/prompts.ts:19:Avoid repeating work that is already done. Choose the next concrete action toward the objective. Do not reply with only a planning or status update; either take a concrete tool-backed step, ask the user for missing required input, or complete the goal if the audit proves it is achieved.
.ai/docs/issue-workflow/ISSUE-036-minimum-goal-spend-floors/raw/commands.log:1350:.ai/issues/open/ISSUE-036-minimum-goal-spend-floors.md:354:  "live_probe_min_floor","issue doc","Follow .ai/docs/pi-goals-live-probe-testing.md: resolve pi-goals-live-probe from current Solo context reload create a disposable goal with min_time_seconds_before_wrap_up or min_tokens_before_wrap_up attempt an immediate simple completion inspect output then clean up","transcript shows the floor is unmet completion is blocked or avoided the agent performs a named concrete next_floor_pass with higher-quality additional work instead of filler does not ask the user for floor-unmet direction and cleanup leaves no disposable goal or queue residue",run,"mandatory behavior proof for live steering quality"
.ai/docs/issue-workflow/ISSUE-036-minimum-goal-spend-floors/raw/commands.log:1367:.ai/docs/issue-workflow/ISSUE-036-minimum-goal-spend-floors/04-proof-threat-model.md:109:  "live_probe_min_floor","issue doc","Follow .ai/docs/pi-goals-live-probe-testing.md: resolve pi-goals-live-probe from current Solo context, reload, create a disposable goal with min_time_seconds_before_wrap_up or min_tokens_before_wrap_up, attempt an immediate simple completion, inspect output, then clean up","transcript shows the floor is unmet, completion is blocked or avoided, the agent performs a named concrete next_floor_pass with higher-quality additional work instead of filler, does not ask the user for floor-unmet direction, and cleanup leaves no disposable goal/queue residue",run,"mandatory behavior proof for live steering quality"
.ai/docs/issue-workflow/ISSUE-036-minimum-goal-spend-floors/raw/commands.log:1391:.ai/issues/open/ISSUE-036-minimum-goal-spend-floors.md:106:Do not ask the user merely because a floor is unmet or because the next valuable pass is not obvious. Unless the goal objective explicitly permits or requests user decisions, floor-unmet behavior must be autonomous.
.ai/docs/issue-workflow/ISSUE-036-minimum-goal-spend-floors/raw/commands.log:1392:.ai/issues/open/ISSUE-036-minimum-goal-spend-floors.md:276:- The agent does not ask the user for floor-unmet direction unless the goal objective explicitly allows user decisions or a separate safety/authorization boundary requires it.
.ai/docs/issue-workflow/ISSUE-036-minimum-goal-spend-floors/raw/commands.log:1393:.ai/issues/open/ISSUE-036-minimum-goal-spend-floors.md:311:  "lr6","floor-unmet workflow is autonomous by default and does not ask users unless the objective explicitly allows it or safety requires it"
.ai/docs/issue-workflow/ISSUE-036-minimum-goal-spend-floors/raw/commands.log:1394:.ai/issues/open/ISSUE-036-minimum-goal-spend-floors.md:354:  "live_probe_min_floor","issue doc","Follow .ai/docs/pi-goals-live-probe-testing.md: resolve pi-goals-live-probe from current Solo context reload create a disposable goal with min_time_seconds_before_wrap_up or min_tokens_before_wrap_up attempt an immediate simple completion inspect output then clean up","transcript shows the floor is unmet completion is blocked or avoided the agent performs a named concrete next_floor_pass with higher-quality additional work instead of filler does not ask the user for floor-unmet direction and cleanup leaves no disposable goal or queue residue",run,"mandatory behavior proof for live steering quality"
.ai/docs/issue-workflow/ISSUE-036-minimum-goal-spend-floors/raw/commands.log:1395:.ai/docs/issue-workflow/ISSUE-036-minimum-goal-spend-floors/07-owner-feedback-followup.md:8:2. The feature must not ask the user unless the goal objective explicitly allows it. Floor-unmet behavior should be autonomous by default.
.ai/docs/issue-workflow/ISSUE-036-minimum-goal-spend-floors/raw/commands.log:1396:.ai/docs/issue-workflow/ISSUE-036-minimum-goal-spend-floors/07-owner-feedback-followup.md:42:- Do not ask the user merely because a floor is unmet.
.ai/docs/issue-workflow/ISSUE-036-minimum-goal-spend-floors/raw/commands.log:1397:.ai/docs/issue-workflow/ISSUE-036-minimum-goal-spend-floors/07-owner-feedback-followup.md:43:- Do not ask the user because no obvious continuation idea appears.
.ai/docs/issue-workflow/ISSUE-036-minimum-goal-spend-floors/03-design-lock.md:13:Follow-up owner feedback further locked that the steering must be specified as a concrete implementation design before implementation starts, that floor-unmet behavior must not ask the user unless the goal objective explicitly allows it, and that the churn monitor should be treated as a primary quality enforcement layer.
.ai/docs/issue-workflow/ISSUE-036-minimum-goal-spend-floors/03-design-lock.md:149:Do not ask the user merely because a floor is unmet or because the next useful pass is not obvious. Unless the goal objective explicitly permits or requests user decisions, floor-unmet behavior must stay autonomous.
.ai/docs/issue-workflow/ISSUE-036-minimum-goal-spend-floors/04-proof-threat-model.md:86:7. Inspect transcript/output for concrete autonomous additional work, not just repeated statements, and verify the agent does not ask the user for floor-unmet direction.
.ai/docs/issue-workflow/ISSUE-036-minimum-goal-spend-floors/04-proof-threat-model.md:109:  "live_probe_min_floor","issue doc","Follow .ai/docs/pi-goals-live-probe-testing.md: resolve pi-goals-live-probe from current Solo context, reload, create a disposable goal with min_time_seconds_before_wrap_up or min_tokens_before_wrap_up, attempt an immediate simple completion, inspect output, then clean up","transcript shows the floor is unmet, completion is blocked or avoided, the agent performs a named concrete next_floor_pass with higher-quality additional work instead of filler, does not ask the user for floor-unmet direction, and cleanup leaves no disposable goal/queue residue",run,"mandatory behavior proof for live steering quality"

$ rg concrete implementation sections
.ai/docs/issue-workflow/ISSUE-036-minimum-goal-spend-floors/07-owner-feedback-followup.md:18:  - a stable `FloorValuePassId` union;
.ai/docs/issue-workflow/ISSUE-036-minimum-goal-spend-floors/07-owner-feedback-followup.md:19:  - a `FLOOR_VALUE_PASS_CATALOG` table;
.ai/docs/issue-workflow/ISSUE-036-minimum-goal-spend-floors/07-owner-feedback-followup.md:57:- Extend `GoalMonitorReport` with a `floor` object containing floor configured/met/remaining values and completion-blocked state.
.ai/docs/issue-workflow/ISSUE-036-minimum-goal-spend-floors/04-proof-threat-model.md:64:  - continuation prompt requires one `next_floor_pass`, concrete tool-backed action where possible, and evidence/artifact deltas,
.ai/docs/issue-workflow/ISSUE-036-minimum-goal-spend-floors/04-proof-threat-model.md:85:6. Observe that early `update_goal(status:"complete")` is rejected or not attempted, and the agent instead selects a named `next_floor_pass` from the catalog.
.ai/docs/issue-workflow/ISSUE-036-minimum-goal-spend-floors/04-proof-threat-model.md:95:- transcript snippet showing the named `next_floor_pass` and qualitative continuation strategy applied;
.ai/docs/issue-workflow/ISSUE-036-minimum-goal-spend-floors/04-proof-threat-model.md:103:required_proofs[7]{name,source,command,pass_condition,scope,notes}:
.ai/docs/issue-workflow/ISSUE-036-minimum-goal-spend-floors/04-proof-threat-model.md:106:  "floor_steering_probe","issue doc","node .ai/validation/goal-floor-steering-probe.mjs","exit 0 and probe output shows shared value-pass catalog rows, prompt/refusal text require a next_floor_pass, concrete evidence deltas, autonomous fallback, no-user rule, and monitor watch/steer/escalate cases",run,"proves the owner-highlighted steering design is implemented concretely not as vague prose"
.ai/docs/issue-workflow/ISSUE-036-minimum-goal-spend-floors/04-proof-threat-model.md:107:  "prompt_surface_probe","issue doc","rg -n \"floor-steering|FLOOR_VALUE_PASS_CATALOG|next_floor_pass|quota_filling_churn|floor_ignored_early_wrapup|productive_floor_deepening|autonomous fallback|min_tokens_before_wrap_up|min_time_seconds_before_wrap_up\" .pi/extensions/goal README.md","exit 0 with matches in shared steering module, prompts, monitor report/prompt, tool schemas, UI/format, and README",run,"static smoke check that floor semantics and monitor steering are not helper-only"
.ai/docs/issue-workflow/ISSUE-036-minimum-goal-spend-floors/04-proof-threat-model.md:109:  "live_probe_min_floor","issue doc","Follow .ai/docs/pi-goals-live-probe-testing.md: resolve pi-goals-live-probe from current Solo context, reload, create a disposable goal with min_time_seconds_before_wrap_up or min_tokens_before_wrap_up, attempt an immediate simple completion, inspect output, then clean up","transcript shows the floor is unmet, completion is blocked or avoided, the agent performs a named concrete next_floor_pass with higher-quality additional work instead of filler, does not ask the user for floor-unmet direction, and cleanup leaves no disposable goal/queue residue",run,"mandatory behavior proof for live steering quality"
.ai/docs/issue-workflow/ISSUE-036-minimum-goal-spend-floors/03-design-lock.md:111:- `type FloorValuePassId` for stable pass ids;
.ai/docs/issue-workflow/ISSUE-036-minimum-goal-spend-floors/03-design-lock.md:112:- `FLOOR_VALUE_PASS_CATALOG` as a structured table;
.ai/docs/issue-workflow/ISSUE-036-minimum-goal-spend-floors/03-design-lock.md:140:2. Require the worker to choose exactly one `next_floor_pass` from the catalog.
.ai/docs/issue-workflow/ISSUE-036-minimum-goal-spend-floors/03-design-lock.md:168:- Extend `GoalMonitorReport` with a `floor` object containing configured floor values, remaining floor deltas, per-resource met flags, `allFloorsMet`, and `completionBlockedByFloor`.
.ai/issues/open/ISSUE-036-minimum-goal-spend-floors.md:69:### Autonomous floor-value continuation design
.ai/issues/open/ISSUE-036-minimum-goal-spend-floors.md:75:- `type FloorValuePassId` for stable pass ids;
.ai/issues/open/ISSUE-036-minimum-goal-spend-floors.md:76:- `FLOOR_VALUE_PASS_CATALOG`, a structured table of autonomous value-adding passes;
.ai/issues/open/ISSUE-036-minimum-goal-spend-floors.md:97:2. Instruct the worker to choose exactly one `next_floor_pass` from the catalog before more work.
.ai/issues/open/ISSUE-036-minimum-goal-spend-floors.md:119:### Floor-aware monitor design
.ai/issues/open/ISSUE-036-minimum-goal-spend-floors.md:123:Extend `GoalMonitorReport` with a floor object shaped like:
.ai/issues/open/ISSUE-036-minimum-goal-spend-floors.md:348:required_proofs[7]{name,source,command,pass_condition,scope,notes}:
.ai/issues/open/ISSUE-036-minimum-goal-spend-floors.md:351:  "floor_steering_probe","issue doc","node .ai/validation/goal-floor-steering-probe.mjs","exit 0 and probe output shows shared value-pass catalog rows prompt/refusal text require a next_floor_pass concrete evidence deltas autonomous fallback no-user rule and monitor watch/steer/escalate cases",run,"proves the owner-highlighted steering design is implemented concretely not as vague prose"
.ai/issues/open/ISSUE-036-minimum-goal-spend-floors.md:352:  "prompt_surface_probe","issue doc","rg -n \"floor-steering|FLOOR_VALUE_PASS_CATALOG|next_floor_pass|quota_filling_churn|floor_ignored_early_wrapup|productive_floor_deepening|autonomous fallback|min_tokens_before_wrap_up|min_time_seconds_before_wrap_up\" .pi/extensions/goal README.md","exit 0 with matches in shared steering module prompts monitor report/prompt tool schemas UI/format and README",run,"static smoke check that floor semantics and monitor steering are not helper-only"
.ai/issues/open/ISSUE-036-minimum-goal-spend-floors.md:354:  "live_probe_min_floor","issue doc","Follow .ai/docs/pi-goals-live-probe-testing.md: resolve pi-goals-live-probe from current Solo context reload create a disposable goal with min_time_seconds_before_wrap_up or min_tokens_before_wrap_up attempt an immediate simple completion inspect output then clean up","transcript shows the floor is unmet completion is blocked or avoided the agent performs a named concrete next_floor_pass with higher-quality additional work instead of filler does not ask the user for floor-unmet direction and cleanup leaves no disposable goal or queue residue",run,"mandatory behavior proof for live steering quality"

## Final BCU research incorporation verification — 2026-05-10T18:59:54Z
$ rg -n "completion-gate|floor\.ts|floor-steering|floor_quality_exhausted|soft final-answer|noMoreValuableWorkReason|objectiveAllowsUserFloorFallback|completion_blocked_by_floor|chatgpt-response-round2-grounded" .ai/issues/open/ISSUE-036-minimum-goal-spend-floors.md .ai/docs/issue-workflow/ISSUE-036-minimum-goal-spend-floors/{03-design-lock.md,04-proof-threat-model.md,05-issue-writeback.md,06-final-audit.md,08-bcu-chatgpt-research.md}
.ai/docs/issue-workflow/ISSUE-036-minimum-goal-spend-floors/08-bcu-chatgpt-research.md:24:3. Make completion go through a named completion-gate helper/module instead of mutating state directly inside `update_goal`.
.ai/docs/issue-workflow/ISSUE-036-minimum-goal-spend-floors/08-bcu-chatgpt-research.md:30:9. Add a `floor_quality_exhausted` or equivalent state/reason after repeated bad/no-evidence floor work so the system stops forcing churn.
.ai/docs/issue-workflow/ISSUE-036-minimum-goal-spend-floors/08-bcu-chatgpt-research.md:75:  completion-gate.ts
.ai/docs/issue-workflow/ISSUE-036-minimum-goal-spend-floors/08-bcu-chatgpt-research.md:77:  floor-steering/
.ai/docs/issue-workflow/ISSUE-036-minimum-goal-spend-floors/08-bcu-chatgpt-research.md:95:`completion-gate.ts`
.ai/docs/issue-workflow/ISSUE-036-minimum-goal-spend-floors/08-bcu-chatgpt-research.md:172:2. Make `update_goal(status: complete)` pass through `completion-gate.ts`; don’t mutate goal state directly.
.ai/docs/issue-workflow/ISSUE-036-minimum-goal-spend-floors/08-bcu-chatgpt-research.md:178:8. Add `floor_quality_exhausted`; after repeated bad floor work, stop enforcing the floor.
.ai/docs/issue-workflow/ISSUE-036-minimum-goal-spend-floors/08-bcu-chatgpt-research.md:219:3. Refine the completion-gate + floor-steering design, including how to handle "no valuable autonomous work remains" without making floors meaningless.
.ai/docs/issue-workflow/ISSUE-036-minimum-goal-spend-floors/08-bcu-chatgpt-research.md:303:1. `.pi/extensions/goal/completion-gate.ts` owns completion decisions and is called by `update_goal(status:"complete")` before any state mutation.
.ai/docs/issue-workflow/ISSUE-036-minimum-goal-spend-floors/08-bcu-chatgpt-research.md:304:2. `.pi/extensions/goal/floor-steering.ts` owns catalog-backed floor work selection and prompt/refusal text.
.ai/docs/issue-workflow/ISSUE-036-minimum-goal-spend-floors/08-bcu-chatgpt-research.md:308:`completion-gate.ts` should expose:
.ai/docs/issue-workflow/ISSUE-036-minimum-goal-spend-floors/08-bcu-chatgpt-research.md:314:`floor-steering.ts` should expose:
.ai/docs/issue-workflow/ISSUE-036-minimum-goal-spend-floors/08-bcu-chatgpt-research.md:331:- `noMoreValuableWorkReason?: "objective_fully_satisfied" | "no_safe_autonomous_work" | "max_budget_requires_wrap_up" | "user_requested_stop"`.
.ai/docs/issue-workflow/ISSUE-036-minimum-goal-spend-floors/08-bcu-chatgpt-research.md:333:Important: when useful autonomous work is exhausted, the system should allow completion with a recorded `noMoreValuableWorkReason` / `floorQualityState: "exhausted"` rather than manufacture work just to satisfy a numeric floor.
.ai/docs/issue-workflow/ISSUE-036-minimum-goal-spend-floors/08-bcu-chatgpt-research.md:357:8. If no card can safely produce new objective-linked evidence, return/record `noMoreValuableWorkReason: "no_safe_autonomous_work"` and allow completion rather than inventing busywork.
.ai/docs/issue-workflow/ISSUE-036-minimum-goal-spend-floors/08-bcu-chatgpt-research.md:412:After repeated bad/no-evidence floor work, the monitor should set or recommend `floorQualityState: "exhausted"` / pattern `floor_quality_exhausted` so the completion gate can allow completion with `no_more_valuable_work_reason` instead of trapping the worker in churn.
.ai/docs/issue-workflow/ISSUE-036-minimum-goal-spend-floors/08-bcu-chatgpt-research.md:1638:- Raw response: `raw/chatgpt-response-round2-grounded.txt`
.ai/docs/issue-workflow/ISSUE-036-minimum-goal-spend-floors/08-bcu-chatgpt-research.md:1646:1. **Make `noMoreValuableWorkReason` an outcome, not permission.** A worker may report that no safe valuable work remains, but first-attempt `update_goal(status:"complete", no_more_valuable_work_reason: ...)` must not self-authorize a floor bypass. The completion gate should honor that reason only after telemetry/monitor evidence such as `floorQualityState: "exhausted"`, max-budget exhaustion, an exhausted catalog selector after concrete floor passes, or explicit user floor removal/change.
.ai/docs/issue-workflow/ISSUE-036-minimum-goal-spend-floors/08-bcu-chatgpt-research.md:1648:3. **Deferral should be a normal tool result, not an error-shaped failure.** The message should begin with `Completion deferred by goal floor. The goal remains active.` and return structured details including `completion_blocked_by_floor: true`, floor deltas, and `next_floor_pass`.
.ai/docs/issue-workflow/ISSUE-036-minimum-goal-spend-floors/08-bcu-chatgpt-research.md:1651:6. **Keep user fallback detection narrow.** Add a conservative `objectiveAllowsUserFloorFallback(objective)` helper with explicit phrases like “ask me”, “confirm with me”, “wait for my decision”, “let me choose”, or “before choosing”. Do not infer permission from vague words like “discuss”, “explore”, or “recommend”.
.ai/docs/issue-workflow/ISSUE-036-minimum-goal-spend-floors/08-bcu-chatgpt-research.md:1652:7. **Add a small pure floor helper module.** Round 2 recommends `.pi/extensions/goal/floor.ts` for `evaluateCompletionFloor`, `isCompletionFloorUnmet`, and `validateBudgetFloorConfig`, keeping max-budget caps in `budget.ts` authoritative.
.ai/docs/issue-workflow/ISSUE-036-minimum-goal-spend-floors/08-bcu-chatgpt-research.md:1656:11. **Make the floor-aware monitor mutate telemetry.** Add floor report history fields, stable patterns including `floor_quality_exhausted`, and map monitor decisions to telemetry updates after parsing each monitor report.
.ai/docs/issue-workflow/ISSUE-036-minimum-goal-spend-floors/08-bcu-chatgpt-research.md:1662:The highest-leverage correction: make noMoreValuableWorkReason a recorded outcome, not a model-granted permission. The floor gate should be skeptical, but not stupid: first it demands one bounded proof-producing value pass; after repeated no-evidence attempts, the churn monitor is allowed to say “stop, this floor is now creating slop.”
.ai/docs/issue-workflow/ISSUE-036-minimum-goal-spend-floors/04-proof-threat-model.md:42:   - The gate blocks completion forever after useful autonomous work is exhausted, causing manufactured work instead of allowing completion with `noMoreValuableWorkReason: "no_safe_autonomous_work"` and `floorQualityState: "exhausted"`.
.ai/docs/issue-workflow/ISSUE-036-minimum-goal-spend-floors/04-proof-threat-model.md:66:  - monitor/telemetry-backed `floorQualityState: "exhausted"` allows completion with recorded `noMoreValuableWorkReason`;
.ai/docs/issue-workflow/ISSUE-036-minimum-goal-spend-floors/04-proof-threat-model.md:71:  - shared floor-steering catalog exists with stable pass ids,
.ai/docs/issue-workflow/ISSUE-036-minimum-goal-spend-floors/04-proof-threat-model.md:73:  - early-completion deferral includes unmet floor deltas, `completion_blocked_by_floor: true`, a catalog-backed next-pass instruction, and anti-churn instruction,
.ai/docs/issue-workflow/ISSUE-036-minimum-goal-spend-floors/04-proof-threat-model.md:80:  - monitor can emit `floor_quality_exhausted` after repeated no-evidence floor work,
.ai/docs/issue-workflow/ISSUE-036-minimum-goal-spend-floors/04-proof-threat-model.md:82:- soft final-answer wrap-up:
.ai/docs/issue-workflow/ISSUE-036-minimum-goal-spend-floors/04-proof-threat-model.md:118:  "floor_steering_probe","issue doc","node .ai/validation/goal-floor-steering-probe.mjs","exit 0 and probe output shows shared value-pass catalog rows, prompt/refusal text require a next_floor_pass, concrete evidence deltas, autonomous fallback, no-user rule, objectiveAllowsUserFloorFallback, and monitor watch/steer/escalate/floor_quality_exhausted cases",run,"proves the owner-highlighted steering design is implemented concretely not as vague prose"
.ai/docs/issue-workflow/ISSUE-036-minimum-goal-spend-floors/04-proof-threat-model.md:119:  "prompt_surface_probe","issue doc","rg -n \"floor-steering|FLOOR_VALUE_PASS_CATALOG|next_floor_pass|quota_filling_churn|floor_ignored_early_wrapup|productive_floor_deepening|floor_quality_exhausted|objectiveAllowsUserFloorFallback|noMoreValuableWorkReason|completion_blocked_by_floor|min_tokens_before_wrap_up|min_time_seconds_before_wrap_up\" .pi/extensions/goal README.md","exit 0 with matches in shared steering module, prompts, monitor report/prompt, tool schemas, UI/format, and README",run,"static smoke check that floor semantics and monitor steering are not helper-only"
.ai/docs/issue-workflow/ISSUE-036-minimum-goal-spend-floors/03-design-lock.md:101:  - structured `completion_blocked_by_floor: true` and `next_floor_pass` details,
.ai/docs/issue-workflow/ISSUE-036-minimum-goal-spend-floors/03-design-lock.md:108:Prompts are not decorative for this feature. The first release must add a shared concrete floor-steering implementation, not only abstract prompt bullets.
.ai/docs/issue-workflow/ISSUE-036-minimum-goal-spend-floors/03-design-lock.md:114:- `.pi/extensions/goal/floor.ts` for pure completion-floor evaluation and min/max validation helpers;
.ai/docs/issue-workflow/ISSUE-036-minimum-goal-spend-floors/03-design-lock.md:115:- `.pi/extensions/goal/completion-gate.ts` for the shared completion decision before state mutation;
.ai/docs/issue-workflow/ISSUE-036-minimum-goal-spend-floors/03-design-lock.md:116:- `.pi/extensions/goal/floor-steering.ts` for catalog-backed useful-work selection and prompt/refusal text.
.ai/docs/issue-workflow/ISSUE-036-minimum-goal-spend-floors/03-design-lock.md:118:`completion-gate.ts` should expose:
.ai/docs/issue-workflow/ISSUE-036-minimum-goal-spend-floors/03-design-lock.md:126:`floor-steering.ts` should expose:
.ai/docs/issue-workflow/ISSUE-036-minimum-goal-spend-floors/03-design-lock.md:165:8. If no card can safely produce new objective-linked evidence, record `noMoreValuableWorkReason: "no_safe_autonomous_work"` and allow completion rather than manufacturing work.
.ai/docs/issue-workflow/ISSUE-036-minimum-goal-spend-floors/03-design-lock.md:167:Round 2 refinement: `noMoreValuableWorkReason` is a recorded outcome, not a model-granted permission. A worker may report it, but a first early completion attempt must not self-authorize a floor bypass. The gate should honor it only after max-budget exhaustion, explicit user floor removal/change, monitor-backed `floorQualityState: "exhausted"`, or an exhausted selector after concrete floor work.
.ai/docs/issue-workflow/ISSUE-036-minimum-goal-spend-floors/03-design-lock.md:184:Add `objectiveAllowsUserFloorFallback(objective: string)` with intentionally narrow phrase matching (`ask me`, `confirm with me`, `wait for my decision`, `let me choose`, `before choosing`). Do not treat vague objective words like `discuss`, `explore`, or `recommend` as permission to ask the user for floor-unmet direction.
.ai/docs/issue-workflow/ISSUE-036-minimum-goal-spend-floors/03-design-lock.md:193:- `noMoreValuableWorkReason?: "objective_fully_satisfied" | "no_safe_autonomous_work" | "max_budget_requires_wrap_up" | "user_requested_stop"`.
.ai/docs/issue-workflow/ISSUE-036-minimum-goal-spend-floors/03-design-lock.md:216:  - `floor_quality_exhausted`
.ai/docs/issue-workflow/ISSUE-036-minimum-goal-spend-floors/03-design-lock.md:221:After repeated bad/no-evidence floor work, the monitor should set/recommend `floorQualityState: "exhausted"` or pattern `floor_quality_exhausted` so the completion gate can allow completion with `noMoreValuableWorkReason` instead of trapping the worker in churn.
.ai/docs/issue-workflow/ISSUE-036-minimum-goal-spend-floors/03-design-lock.md:243:- Shared floor-steering module/catalog.
.ai/docs/issue-workflow/ISSUE-036-minimum-goal-spend-floors/03-design-lock.md:273:- soft final-answer wrap-up bypasses the completion gate because the agent never calls `update_goal(status:"complete")`;
.ai/docs/issue-workflow/ISSUE-036-minimum-goal-spend-floors/06-final-audit.md:16:| BCU + ChatGPT research evidence captured | `08-bcu-chatgpt-research.md`; `raw/chatgpt-response-round1.txt`; `raw/chatgpt-round2-grounded-prompt.txt`; `raw/chatgpt-response-round2-grounded.txt` | Pass |
.ai/docs/issue-workflow/ISSUE-036-minimum-goal-spend-floors/06-final-audit.md:60:- concrete floor-steering implementation design;
.ai/docs/issue-workflow/ISSUE-036-minimum-goal-spend-floors/06-final-audit.md:64:The folded BCU + ChatGPT research pass then added `08-bcu-chatgpt-research.md` plus raw Round 1 and grounded Round 2 prompt/response files. Round 2 findings were written into the issue/design/proof artifacts, especially completion-gate ordering, non-error deferral, `noMoreValuableWorkReason` as recorded outcome, telemetry mutation helpers, soft final-answer bypass handling, and `floor_quality_exhausted` monitor semantics.
.ai/docs/issue-workflow/ISSUE-036-minimum-goal-spend-floors/05-issue-writeback.md:25:- `raw/chatgpt-response-round2-grounded.txt`
.ai/docs/issue-workflow/ISSUE-036-minimum-goal-spend-floors/05-issue-writeback.md:81:- a shared `floor-steering` module/catalog;
.ai/docs/issue-workflow/ISSUE-036-minimum-goal-spend-floors/05-issue-writeback.md:91:- add a pure `.pi/extensions/goal/floor.ts` helper surface;
.ai/docs/issue-workflow/ISSUE-036-minimum-goal-spend-floors/05-issue-writeback.md:93:- return a non-error-shaped completion deferral result with `completion_blocked_by_floor` and `next_floor_pass`;
.ai/docs/issue-workflow/ISSUE-036-minimum-goal-spend-floors/05-issue-writeback.md:94:- treat `noMoreValuableWorkReason` as a recorded outcome, not first-attempt model permission;
.ai/docs/issue-workflow/ISSUE-036-minimum-goal-spend-floors/05-issue-writeback.md:96:- add narrow `objectiveAllowsUserFloorFallback` semantics;
.ai/docs/issue-workflow/ISSUE-036-minimum-goal-spend-floors/05-issue-writeback.md:97:- cover soft final-answer wrap-up without `update_goal(status:"complete")`;
.ai/docs/issue-workflow/ISSUE-036-minimum-goal-spend-floors/05-issue-writeback.md:98:- add monitor pattern `floor_quality_exhausted` and telemetry interaction.
.ai/issues/open/ISSUE-036-minimum-goal-spend-floors.md:50:- Raw grounded ChatGPT Round 2 response: `.ai/docs/issue-workflow/ISSUE-036-minimum-goal-spend-floors/raw/chatgpt-response-round2-grounded.txt`
.ai/issues/open/ISSUE-036-minimum-goal-spend-floors.md:71:- the response returns structured details including `completion_blocked_by_floor: true`, the floor evaluation, and `next_floor_pass`;
.ai/issues/open/ISSUE-036-minimum-goal-spend-floors.md:79:1. `.pi/extensions/goal/floor.ts` owns pure completion-floor evaluation and min/max validation helpers.
.ai/issues/open/ISSUE-036-minimum-goal-spend-floors.md:80:2. `.pi/extensions/goal/completion-gate.ts` owns completion decisions and is called by `update_goal(status:"complete")` after candidate validation but before any completion side effects, continuation/monitor cancellation, or state persistence.
.ai/issues/open/ISSUE-036-minimum-goal-spend-floors.md:81:3. `.pi/extensions/goal/floor-steering.ts` owns catalog-backed floor work selection and prompt/refusal text.
.ai/issues/open/ISSUE-036-minimum-goal-spend-floors.md:85:`completion-gate.ts` should expose:
.ai/issues/open/ISSUE-036-minimum-goal-spend-floors.md:93:`floor-steering.ts` should expose:
.ai/issues/open/ISSUE-036-minimum-goal-spend-floors.md:110:- `noMoreValuableWorkReason?: "objective_fully_satisfied" | "no_safe_autonomous_work" | "max_budget_requires_wrap_up" | "user_requested_stop"`.
.ai/issues/open/ISSUE-036-minimum-goal-spend-floors.md:112:Important: when useful autonomous work is exhausted, the system should allow completion with a recorded `noMoreValuableWorkReason` / `floorQualityState: "exhausted"` rather than manufacture work just to satisfy a numeric floor. Round 2 research refined this further: `noMoreValuableWorkReason` is a **recorded outcome**, not a model-granted permission. A first early completion attempt cannot bypass floors merely by supplying `no_more_valuable_work_reason`; the gate should honor it only after max-budget exhaustion, monitor/telemetry-backed floor exhaustion, explicit user floor removal/change, or an exhausted selector after concrete floor work.
.ai/issues/open/ISSUE-036-minimum-goal-spend-floors.md:136:8. If no card can safely produce new objective-linked evidence, return/record `noMoreValuableWorkReason: "no_safe_autonomous_work"` and allow completion rather than inventing busywork.
.ai/issues/open/ISSUE-036-minimum-goal-spend-floors.md:153:Add a conservative helper such as `objectiveAllowsUserFloorFallback(objective: string)` for this rule. It should match explicit phrases like `ask me`, `confirm with me`, `wait for my decision`, `let me choose`, or `before choosing`, and must not treat vague words like `discuss`, `explore`, or `recommend` as permission to ask the user for floor-unmet direction.
.ai/issues/open/ISSUE-036-minimum-goal-spend-floors.md:188:- `floor_quality_exhausted`
.ai/issues/open/ISSUE-036-minimum-goal-spend-floors.md:194:After repeated bad/no-evidence floor work, the monitor should set or recommend `floorQualityState: "exhausted"` / pattern `floor_quality_exhausted` so the completion gate can allow completion with `no_more_valuable_work_reason` instead of trapping the worker in churn.
.ai/issues/open/ISSUE-036-minimum-goal-spend-floors.md:226:- BCU + ChatGPT Round 2 reviewed the grounded repo/module context and added concrete design refinements: a pure `floor.ts`, careful completion-gate insertion order, non-error completion deferral text, narrow user-fallback detection, telemetry mutation helpers, soft final-answer bypass handling, and a skeptical no-value escape.
.ai/issues/open/ISSUE-036-minimum-goal-spend-floors.md:280:- [ ] Add `.pi/extensions/goal/floor.ts` with pure floor evaluation and validation helpers:
.ai/issues/open/ISSUE-036-minimum-goal-spend-floors.md:287:- [ ] Add `completion-gate.ts` so `update_goal(status:"complete")`, soft wrap-up detection, and monitor floor decisions share one completion decision path.
.ai/issues/open/ISSUE-036-minimum-goal-spend-floors.md:291:- [ ] Gate `update_goal(status:"complete")` so unmet floors defer completion before state mutation, with actionable high-value continuation guidance and structured `completion_blocked_by_floor` details.
.ai/issues/open/ISSUE-036-minimum-goal-spend-floors.md:292:- [ ] Add the concrete floor-steering module/catalog and reuse it from continuation prompts, completion-refusal text, and monitor steering.
.ai/issues/open/ISSUE-036-minimum-goal-spend-floors.md:293:- [ ] Add floor-work telemetry/history (`lastFloorCardId`, `completedFloorCardIds`, floor/churn steer counts, `floorQualityState`, `noMoreValuableWorkReason`) plus mutation helpers (`noteFloorCompletionDeferred`, `noteProductiveFloorWork`, `noteFloorChurnSteer`, `noteFloorQualityExhausted`).
.ai/issues/open/ISSUE-036-minimum-goal-spend-floors.md:319:- A concrete floor-steering catalog exists and is reused by continuation prompts, early-completion refusal, and monitor steering.
.ai/issues/open/ISSUE-036-minimum-goal-spend-floors.md:369:  "floor_logic",".pi/extensions/goal/floor.ts .pi/extensions/goal/budget.ts","floor readiness remaining deltas impossible min/max validation and max-budget precedence"
.ai/issues/open/ISSUE-036-minimum-goal-spend-floors.md:370:  "completion_gate",".pi/extensions/goal/completion-gate.ts","shared allow defer steer allow-with-reason decision before completion state mutation"
.ai/issues/open/ISSUE-036-minimum-goal-spend-floors.md:371:  "floor_steering",".pi/extensions/goal/floor-steering.ts","FloorWorkCard catalog selector completion-refusal text continuation guidance and monitor steering snippets"
.ai/issues/open/ISSUE-036-minimum-goal-spend-floors.md:391:  "v5","soft final-answer wrap-up without update_goal is detected and steered while floors are unmet","lifecycle probe"
.ai/issues/open/ISSUE-036-minimum-goal-spend-floors.md:403:  "floor_steering_probe","issue doc","node .ai/validation/goal-floor-steering-probe.mjs","exit 0 and probe output shows shared value-pass catalog rows prompt/refusal text require a next_floor_pass concrete evidence deltas autonomous fallback no-user rule objectiveAllowsUserFloorFallback and monitor watch/steer/escalate/floor_quality_exhausted cases",run,"proves the owner-highlighted steering design is implemented concretely not as vague prose"
.ai/issues/open/ISSUE-036-minimum-goal-spend-floors.md:404:  "prompt_surface_probe","issue doc","rg -n \"floor-steering|FLOOR_VALUE_PASS_CATALOG|next_floor_pass|quota_filling_churn|floor_ignored_early_wrapup|productive_floor_deepening|floor_quality_exhausted|objectiveAllowsUserFloorFallback|noMoreValuableWorkReason|completion_blocked_by_floor|min_tokens_before_wrap_up|min_time_seconds_before_wrap_up\" .pi/extensions/goal README.md","exit 0 with matches in shared steering module prompts monitor report/prompt tool schemas UI/format and README",run,"static smoke check that floor semantics and monitor steering are not helper-only"
$ python3 - row-count check
implementation_surfaces[10]: present
verification_checks[7]: present
required_proofs[7]: present
$ git status --short --untracked-files=all
 M .gitignore
?? .ai/docs/issue-workflow/ISSUE-036-minimum-goal-spend-floors/00-request.md
?? .ai/docs/issue-workflow/ISSUE-036-minimum-goal-spend-floors/01-protocol-read.md
?? .ai/docs/issue-workflow/ISSUE-036-minimum-goal-spend-floors/02-grounded-research.md
?? .ai/docs/issue-workflow/ISSUE-036-minimum-goal-spend-floors/03-design-lock.md
?? .ai/docs/issue-workflow/ISSUE-036-minimum-goal-spend-floors/04-proof-threat-model.md
?? .ai/docs/issue-workflow/ISSUE-036-minimum-goal-spend-floors/05-issue-writeback.md
?? .ai/docs/issue-workflow/ISSUE-036-minimum-goal-spend-floors/06-final-audit.md
?? .ai/docs/issue-workflow/ISSUE-036-minimum-goal-spend-floors/07-owner-feedback-followup.md
?? .ai/docs/issue-workflow/ISSUE-036-minimum-goal-spend-floors/08-bcu-chatgpt-research.md
?? .ai/docs/issue-workflow/ISSUE-036-minimum-goal-spend-floors/raw/chatgpt-response-round1.txt
?? .ai/docs/issue-workflow/ISSUE-036-minimum-goal-spend-floors/raw/chatgpt-response-round2-grounded.txt
?? .ai/docs/issue-workflow/ISSUE-036-minimum-goal-spend-floors/raw/chatgpt-round2-grounded-prompt.txt
?? .ai/docs/issue-workflow/ISSUE-036-minimum-goal-spend-floors/raw/commands.log
?? .ai/docs/monitor-semantics-steering-latency-prototype.md
?? .ai/issues/open/ISSUE-036-minimum-goal-spend-floors.md
$ git check-ignore -v .ai/docs/issue-workflow/ISSUE-036-minimum-goal-spend-floors/08-bcu-chatgpt-research.md || true
.gitignore:11:!.ai/docs/issue-workflow/**	.ai/docs/issue-workflow/ISSUE-036-minimum-goal-spend-floors/08-bcu-chatgpt-research.md
$ git check-ignore -v .ai/docs/issue-workflow/ISSUE-036-minimum-goal-spend-floors/raw/chatgpt-response-round2-grounded.txt || true
.gitignore:11:!.ai/docs/issue-workflow/**	.ai/docs/issue-workflow/ISSUE-036-minimum-goal-spend-floors/raw/chatgpt-response-round2-grounded.txt

## Final audit addendum writeback — 2026-05-10T19:00:16Z
$ rg -n "BCU research final visibility addendum|implementation_surfaces\\[10\\]|verification_checks\\[7\\]|required_proofs\\[7\\]" .ai/docs/issue-workflow/ISSUE-036-minimum-goal-spend-floors/06-final-audit.md .ai/issues/open/ISSUE-036-minimum-goal-spend-floors.md
.ai/issues/open/ISSUE-036-minimum-goal-spend-floors.md:367:implementation_surfaces[10]{surface,path,notes}:
.ai/issues/open/ISSUE-036-minimum-goal-spend-floors.md:386:verification_checks[7]{id,check,evidence}:
.ai/issues/open/ISSUE-036-minimum-goal-spend-floors.md:400:required_proofs[7]{name,source,command,pass_condition,scope,notes}:
.ai/docs/issue-workflow/ISSUE-036-minimum-goal-spend-floors/06-final-audit.md:18:| Importable required proofs included | `Required proofs` block in issue doc has `required_proofs[7]{...}` | Pass |
.ai/docs/issue-workflow/ISSUE-036-minimum-goal-spend-floors/06-final-audit.md:80:## BCU research final visibility addendum
.ai/docs/issue-workflow/ISSUE-036-minimum-goal-spend-floors/06-final-audit.md:87:- TOON count headers are corrected: `implementation_surfaces[10]`, `verification_checks[7]`, and `required_proofs[7]`.

## Round 3 BCU research incorporation verification — 2026-05-10T19:19:01Z
$ rg -n "Round 3|same-call floor removal|createGoalState.*options|budget-limited|stale|malformed optional|wrong insertion|completion deferral|current persisted|chatgpt-response-round3" ...
.ai/docs/issue-workflow/ISSUE-036-minimum-goal-spend-floors/08-bcu-chatgpt-research.md:244:- `.ai/issues/fixed/ISSUE-012-goal-budget-limited-resume-and-wrapup-gaps.md`
.ai/docs/issue-workflow/ISSUE-036-minimum-goal-spend-floors/08-bcu-chatgpt-research.md:425:- accepting a maximum-budget-limited wrap-up as incomplete progress when a cap is reached first.
.ai/docs/issue-workflow/ISSUE-036-minimum-goal-spend-floors/08-bcu-chatgpt-research.md:1101:		if (!message.includes("ctx is stale")) console.warn(`[pi-goal] continuation failed: ${message}`);
.ai/docs/issue-workflow/ISSUE-036-minimum-goal-spend-floors/08-bcu-chatgpt-research.md:1128:Before doing substantive goal work, inspect the active goal state if needed. If get_goal reports this goal is paused, absent, complete, budget-limited, or has a different goal id, stop and wait for /goal resume instead of following this continuation text.
.ai/docs/issue-workflow/ISSUE-036-minimum-goal-spend-floors/08-bcu-chatgpt-research.md:1176:The system has marked the goal as budget_limited after a ${resource} budget limit, so do not start new substantive work for this goal. If get_goal reports this goal is paused, absent, complete, active, or has a different goal id, treat this wrap-up message as stale and do not continue goal work. Wrap up this turn soon: summarize useful progress, identify remaining work or blockers, and leave the user with a clear next step.
.ai/docs/issue-workflow/ISSUE-036-minimum-goal-spend-floors/08-bcu-chatgpt-research.md:1369:Before following this steering, verify with get_goal if needed. If get_goal reports this goal is paused, absent, complete, budget-limited, or has a different goal id, treat this monitor steering as stale and ignore it.
.ai/docs/issue-workflow/ISSUE-036-minimum-goal-spend-floors/08-bcu-chatgpt-research.md:1665:## Round 3 execution-risk research captured
.ai/docs/issue-workflow/ISSUE-036-minimum-goal-spend-floors/08-bcu-chatgpt-research.md:1669:- Round 3A prompt: `raw/chatgpt-round3-execution-angle-prompt.txt`
.ai/docs/issue-workflow/ISSUE-036-minimum-goal-spend-floors/08-bcu-chatgpt-research.md:1670:- Round 3A copied response: `raw/chatgpt-response-round3-execution-angle.txt`
.ai/docs/issue-workflow/ISSUE-036-minimum-goal-spend-floors/08-bcu-chatgpt-research.md:1671:- Round 3B prompt: `raw/chatgpt-round3b-adversarial-followup-prompt.txt`
.ai/docs/issue-workflow/ISSUE-036-minimum-goal-spend-floors/08-bcu-chatgpt-research.md:1672:- Round 3B current page text extraction: `raw/chatgpt-response-round3b-adversarial-current-text.txt`
.ai/docs/issue-workflow/ISSUE-036-minimum-goal-spend-floors/08-bcu-chatgpt-research.md:1674:A churn-monitor steer explicitly warned to stop repeated screenshot/page polling and extract the available answer once. I followed that by saving the current page text from BCU into the raw Round 3B evidence file and proceeding from the captured research.
.ai/docs/issue-workflow/ISSUE-036-minimum-goal-spend-floors/08-bcu-chatgpt-research.md:1676:## Round 3 concrete findings to carry forward
.ai/docs/issue-workflow/ISSUE-036-minimum-goal-spend-floors/08-bcu-chatgpt-research.md:1680:3. **Same-call floor removal plus completion is not a first-release escape hatch.** A single `update_goal` call must not both lower/remove an unmet floor and set `status:"complete"`; first release requires two calls so the gate evaluates current persisted floors.
.ai/docs/issue-workflow/ISSUE-036-minimum-goal-spend-floors/08-bcu-chatgpt-research.md:1684:7. **Strict tool input, defensive replay.** Tool schemas should reject malformed floor fields, but replay/loading should treat missing or malformed optional historical floor fields as absent instead of crashing state reconstruction.
.ai/docs/issue-workflow/ISSUE-036-minimum-goal-spend-floors/08-bcu-chatgpt-research.md:1686:9. **Monitor floor telemetry needs stale guards.** Apply floor-pattern telemetry mutations only when the report goal id still matches the current active goal and `floor.completionBlockedByFloor` is true.
.ai/docs/issue-workflow/ISSUE-036-minimum-goal-spend-floors/08-bcu-chatgpt-research.md:1691:## Round 3 maintainer invariant excerpt
.ai/docs/issue-workflow/ISSUE-036-minimum-goal-spend-floors/08-bcu-chatgpt-research.md:1697:Round 3B produced a final invariant list worth carrying into the issue doc:
.ai/docs/issue-workflow/ISSUE-036-minimum-goal-spend-floors/08-bcu-chatgpt-research.md:1700:- Completion floors are evaluated against the current persisted goal, not a candidate goal already edited to remove/lower floors or set status:"complete".
.ai/docs/issue-workflow/ISSUE-036-minimum-goal-spend-floors/08-bcu-chatgpt-research.md:1705:- Max token/time budgets always override min floors; budget-limited wrap-up must not schedule or prompt floor-value work.
.ai/docs/issue-workflow/ISSUE-036-minimum-goal-spend-floors/08-bcu-chatgpt-research.md:1710:- createGoalState must use a named options object for max budgets and min floors.
.ai/docs/issue-workflow/ISSUE-036-minimum-goal-spend-floors/06-final-audit.md:16:| BCU + ChatGPT research evidence captured | `08-bcu-chatgpt-research.md`; Round 1 raw response; Round 2 raw prompt/response; Round 3A raw prompt/response; Round 3B raw prompt/current page text | Pass |
.ai/docs/issue-workflow/ISSUE-036-minimum-goal-spend-floors/06-final-audit.md:66:A second folded BCU research pass added Round 3A/3B execution-risk evidence. The issue/design/proof artifacts now additionally lock same-call floor removal plus completion blocking, exact `tools.ts` insertion order before cancellation/persistence, `createGoalState` options-object API, budget-limited prompts staying floor-free, stale-guarded monitor telemetry mutation, defensive replay of malformed optional floor fields, and bounded/default-safe telemetry history.
.ai/docs/issue-workflow/ISSUE-036-minimum-goal-spend-floors/06-final-audit.md:88:- `rg` confirmed the issue/design/proof/writeback/audit/research artifacts contain the Round 2/3 terms: `completion-gate`, `floor.ts`, `floor-steering`, `floor_quality_exhausted`, `soft final-answer`, `noMoreValuableWorkReason`, `objectiveAllowsUserFloorFallback`, `completion_blocked_by_floor`, `same-call floor removal`, `budget-limited`, `stale`, and the raw ChatGPT Round 2/3 evidence filenames.
.ai/issues/open/ISSUE-036-minimum-goal-spend-floors.md:16:- `.ai/issues/fixed/ISSUE-012-goal-budget-limited-resume-and-wrapup-gaps.md`
.ai/issues/open/ISSUE-036-minimum-goal-spend-floors.md:51:- Raw ChatGPT Round 3 execution-risk prompt: `.ai/docs/issue-workflow/ISSUE-036-minimum-goal-spend-floors/raw/chatgpt-round3-execution-angle-prompt.txt`
.ai/issues/open/ISSUE-036-minimum-goal-spend-floors.md:52:- Raw ChatGPT Round 3 execution-risk response: `.ai/docs/issue-workflow/ISSUE-036-minimum-goal-spend-floors/raw/chatgpt-response-round3-execution-angle.txt`
.ai/issues/open/ISSUE-036-minimum-goal-spend-floors.md:53:- Raw ChatGPT Round 3B adversarial prompt: `.ai/docs/issue-workflow/ISSUE-036-minimum-goal-spend-floors/raw/chatgpt-round3b-adversarial-followup-prompt.txt`
.ai/issues/open/ISSUE-036-minimum-goal-spend-floors.md:54:- Raw ChatGPT Round 3B current page text: `.ai/docs/issue-workflow/ISSUE-036-minimum-goal-spend-floors/raw/chatgpt-response-round3b-adversarial-current-text.txt`
.ai/issues/open/ISSUE-036-minimum-goal-spend-floors.md:211:- accepting a maximum-budget-limited wrap-up as incomplete progress when a cap is reached first.
.ai/issues/open/ISSUE-036-minimum-goal-spend-floors.md:230:- BCU + ChatGPT Round 2 reviewed the grounded repo/module context and added concrete design refinements: a pure `floor.ts`, careful completion-gate insertion order, non-error completion deferral text, narrow user-fallback detection, telemetry mutation helpers, soft final-answer bypass handling, and a skeptical no-value escape.
.ai/issues/open/ISSUE-036-minimum-goal-spend-floors.md:231:- BCU + ChatGPT Round 3 reviewed implementation execution risk and added patch-order/insertion locks: same-call floor removal plus completion is blocked, `createGoalState` uses an options object, budget wrap-up prompts stay floor-free, replay is defensive, and monitor telemetry mutation is stale-guarded.
.ai/issues/open/ISSUE-036-minimum-goal-spend-floors.md:260:Update tool parameters accept `null` to remove a configured floor, matching existing max-budget edit conventions. However, a single `update_goal` call must not both remove/lower an unmet completion floor and set `status:"complete"`; first release requires two separate updates so the completion gate evaluates current persisted floors and cannot be bypassed by same-call floor removal.
.ai/issues/open/ISSUE-036-minimum-goal-spend-floors.md:281:### Execution-risk locks from Round 3 BCU research
.ai/issues/open/ISSUE-036-minimum-goal-spend-floors.md:283:Round 3 BCU + ChatGPT research reviewed the design from a maintainer/test-engineer patch-risk angle. Carry these locks into implementation:
.ai/issues/open/ISSUE-036-minimum-goal-spend-floors.md:285:- Completion floors are evaluated against the **current persisted goal**, not a candidate goal already edited to remove/lower floors or set `status:"complete"`.
.ai/issues/open/ISSUE-036-minimum-goal-spend-floors.md:289:- Max token/time budgets always override min floors; budget-limited wrap-up must not schedule or prompt floor-value work.
.ai/issues/open/ISSUE-036-minimum-goal-spend-floors.md:294:- `createGoalState` must use a named options object for max budgets and min floors rather than adding more optional positional arguments.
.ai/issues/open/ISSUE-036-minimum-goal-spend-floors.md:300:- [ ] Add optional minimum floor fields to `GoalState`, queued goal state, explicit tool detail types, and state/replay helpers; replay must ignore/sanitize malformed optional floor fields while tool input remains strict.
.ai/issues/open/ISSUE-036-minimum-goal-spend-floors.md:309:- [ ] Change `createGoalState()` to accept a named options object (`objective`, max budgets, min floors, optional `now`) and update tool/template/queue create paths to accept and preserve floors.
.ai/issues/open/ISSUE-036-minimum-goal-spend-floors.md:311:- [ ] Add update handling for setting/removing floors and recomputing floor readiness without changing paused/complete semantics unexpectedly; block same-call floor removal/lowering plus `status:"complete"` while current persisted floors are unmet.
.ai/issues/open/ISSUE-036-minimum-goal-spend-floors.md:315:- [ ] Update continuation prompts with floor state, the pass-selection algorithm, the autonomous fallback ladder, no-user-question rule, and no-safe-autonomous-work completion escape; keep budget-limited wrap-up prompts floor-free except for explanatory status.
.ai/issues/open/ISSUE-036-minimum-goal-spend-floors.md:317:- [ ] Add monitor report floor fields, floor pattern names, evidence-delta scoring, floor-quality exhaustion, and prompt decision rules for `watch` vs `steer` vs tightly limited `escalate`; stale-guard floor telemetry mutation by current goal id and `floor.completionBlockedByFloor`.
.ai/issues/open/ISSUE-036-minimum-goal-spend-floors.md:321:- [ ] Add deterministic focused probes for floor helpers, tool validation, completion deferral/acceptance, wrong insertion order, same-call floor removal plus completion, stale monitor pattern poisoning, agent-end suppression, queue preservation, prompt text, and max-budget precedence.
.ai/issues/open/ISSUE-036-minimum-goal-spend-floors.md:330:- Updating a goal can set, change, or remove floors using positive integers or `null`, but same-call floor removal/lowering plus `status:"complete"` is blocked while the current persisted floor is unmet.
.ai/issues/open/ISSUE-036-minimum-goal-spend-floors.md:340:- Existing maximum budget reached/hard-stop behavior still takes precedence and cannot be bypassed by floors; budget-limited wrap-up prompts do not include floor-value pass instructions.
.ai/issues/open/ISSUE-036-minimum-goal-spend-floors.md:349:- Old sessions/goals without floor fields replay without errors, and malformed optional floor fields in replay are ignored/sanitized rather than crashing; malformed tool inputs are still rejected.
.ai/issues/open/ISSUE-036-minimum-goal-spend-floors.md:351:- `createGoalState` uses a named options object so create/template/queue paths cannot silently swap max-budget and min-floor arguments.
.ai/issues/open/ISSUE-036-minimum-goal-spend-floors.md:387:  "lr4","unmet-floor completion deferral keeps state unchanged and gives actionable floor deltas"
.ai/issues/open/ISSUE-036-minimum-goal-spend-floors.md:393:  "lr10","old sessions and malformed optional floor fields replay defensively without crashes"
.ai/issues/open/ISSUE-036-minimum-goal-spend-floors.md:414:  "inv8","completion floors are evaluated against the current persisted goal and cannot be bypassed by same-call floor removal plus complete"
.ai/issues/open/ISSUE-036-minimum-goal-spend-floors.md:415:  "inv9","completion deferral does not cancel continuation or monitor machinery persist complete status or emit queue-complete steering"
.ai/issues/open/ISSUE-036-minimum-goal-spend-floors.md:416:  "inv10","budget-limited wrap-up remains floor-free and max budgets dominate floor steering"
.ai/issues/open/ISSUE-036-minimum-goal-spend-floors.md:417:  "inv11","floor monitor telemetry mutation is stale-guarded by current goal id and completionBlockedByFloor"
.ai/issues/open/ISSUE-036-minimum-goal-spend-floors.md:435:  "floor_gate_probe","issue doc","node .ai/validation/goal-min-spend-floors-probe.mjs","exit 0 and probe output shows create/update validation floor helper cases completion deferral before floors completion acceptance after floors or monitor-backed floor-quality exhaustion fake no-more-work bypass prevention same-call floor removal plus complete blocked wrong-insertion-order side effects absent and max-budget precedence",run,"implementation should add this focused deterministic probe or amend this proof path with reason"
.ai/issues/open/ISSUE-036-minimum-goal-spend-floors.md:436:  "floor_steering_probe","issue doc","node .ai/validation/goal-floor-steering-probe.mjs","exit 0 and probe output shows shared value-pass catalog rows prompt/refusal text require a next_floor_pass concrete evidence deltas autonomous fallback no-user rule objectiveAllowsUserFloorFallback monitor watch/steer/escalate/floor_quality_exhausted cases and stale floor-pattern guard",run,"proves the owner-highlighted steering design is implemented concretely not as vague prose"
.ai/docs/issue-workflow/ISSUE-036-minimum-goal-spend-floors/05-issue-writeback.md:27:- `raw/chatgpt-response-round3-execution-angle.txt`
.ai/docs/issue-workflow/ISSUE-036-minimum-goal-spend-floors/05-issue-writeback.md:29:- `raw/chatgpt-response-round3b-adversarial-current-text.txt`
.ai/docs/issue-workflow/ISSUE-036-minimum-goal-spend-floors/05-issue-writeback.md:97:- return a non-error-shaped completion deferral result with `completion_blocked_by_floor` and `next_floor_pass`;
.ai/docs/issue-workflow/ISSUE-036-minimum-goal-spend-floors/05-issue-writeback.md:104:A second folded BCU research pass (Round 3A/3B) reviewed execution risk from a maintainer/test-engineer perspective. The issue/design/proof docs were further updated to require:
.ai/docs/issue-workflow/ISSUE-036-minimum-goal-spend-floors/05-issue-writeback.md:107:- same-call floor removal/lowering plus `status:"complete"` blocked while current floors are unmet;
.ai/docs/issue-workflow/ISSUE-036-minimum-goal-spend-floors/05-issue-writeback.md:108:- `createGoalState` converted to a named options object rather than adding positional floor args;
.ai/docs/issue-workflow/ISSUE-036-minimum-goal-spend-floors/05-issue-writeback.md:109:- budget-limited wrap-up prompts kept floor-free;
.ai/docs/issue-workflow/ISSUE-036-minimum-goal-spend-floors/05-issue-writeback.md:110:- monitor floor telemetry mutation stale-guarded by current active goal id and `completionBlockedByFloor`;
.ai/docs/issue-workflow/ISSUE-036-minimum-goal-spend-floors/05-issue-writeback.md:111:- strict tool validation but defensive replay of missing/malformed optional floor fields;
.ai/docs/issue-workflow/ISSUE-036-minimum-goal-spend-floors/05-issue-writeback.md:114:- stronger probes for wrong insertion order, stale monitor poisoning, same-call bypass, and agent-end suppression.
.ai/docs/issue-workflow/ISSUE-036-minimum-goal-spend-floors/03-design-lock.md:67:Update-tool parameters additionally allow `null` to remove a configured floor, matching existing max-budget edit semantics. A single `update_goal` call must not both remove/lower an unmet completion floor and set `status:"complete"`; first release requires two separate updates so the gate evaluates current persisted floors.
.ai/docs/issue-workflow/ISSUE-036-minimum-goal-spend-floors/03-design-lock.md:90:- Completion remains allowed for an actually complete `budgetLimited` goal only if the floor gate is satisfied; otherwise the user can clear/lower floors or accept the budget-limited wrap-up as incomplete progress.
.ai/docs/issue-workflow/ISSUE-036-minimum-goal-spend-floors/03-design-lock.md:91:- `buildBudgetLimitPrompt(...)` and budget-limited continuation paths must not ask the worker to choose floor-value passes; budget wrap-up summarizes progress and max-budget state rather than trying to satisfy floors.
.ai/docs/issue-workflow/ISSUE-036-minimum-goal-spend-floors/03-design-lock.md:119:Also change `createGoalState` to accept a named options object (`objective`, max budgets, min floors, optional `now`) rather than adding more optional positional arguments; this avoids silent argument swaps across create/template/queue paths.
.ai/docs/issue-workflow/ISSUE-036-minimum-goal-spend-floors/03-design-lock.md:224:Floor-related monitor decisions may mutate floor telemetry only when the report goal id still matches the current active goal and `floor.completionBlockedByFloor` is true. Stale monitor floor patterns must not poison telemetry after the goal is complete, paused, budget-limited, absent, or no longer floor-blocked.
.ai/docs/issue-workflow/ISSUE-036-minimum-goal-spend-floors/03-design-lock.md:243:- State/types for floors, with strict tool validation and defensive replay that treats missing or malformed optional historical floor fields as absent instead of crashing.
.ai/docs/issue-workflow/ISSUE-036-minimum-goal-spend-floors/03-design-lock.md:276:- same-call floor removal/lowering plus `status:"complete"` bypasses the current persisted floor gate;
.ai/docs/issue-workflow/ISSUE-036-minimum-goal-spend-floors/03-design-lock.md:282:- maximum budgets can be bypassed by minimum floors or budget-limited prompts ask for more floor work;
.ai/docs/issue-workflow/ISSUE-036-minimum-goal-spend-floors/03-design-lock.md:286:- stale monitor floor decisions mutate telemetry after the goal is no longer current and floor-blocked;
.ai/docs/issue-workflow/ISSUE-036-minimum-goal-spend-floors/03-design-lock.md:287:- replay of malformed optional floor fields crashes state reconstruction;
.ai/docs/issue-workflow/ISSUE-036-minimum-goal-spend-floors/04-proof-threat-model.md:10:- Floors are persisted/replayed through goal and queue state without breaking old sessions that lack the optional fields; malformed optional floor fields in replay are ignored/sanitized rather than crashing.
.ai/docs/issue-workflow/ISSUE-036-minimum-goal-spend-floors/04-proof-threat-model.md:24:   - A min floor causes the agent to continue after token/time maximum budgets are exhausted, or budget-limited wrap-up prompts ask for floor-value work.
.ai/docs/issue-workflow/ISSUE-036-minimum-goal-spend-floors/04-proof-threat-model.md:44:   - A single `update_goal` call removes/lowers an unmet floor and sets `status:"complete"`, bypassing current persisted floor gating.
.ai/docs/issue-workflow/ISSUE-036-minimum-goal-spend-floors/04-proof-threat-model.md:48:   - A stale monitor response with `floor_quality_exhausted` mutates telemetry after the goal is no longer current, active, or floor-blocked.
.ai/docs/issue-workflow/ISSUE-036-minimum-goal-spend-floors/04-proof-threat-model.md:50:   - Strict parsing rejects old or malformed optional floor fields during replay instead of treating them defensively as absent.
.ai/docs/issue-workflow/ISSUE-036-minimum-goal-spend-floors/04-proof-threat-model.md:69:  - block same-call floor removal/lowering plus `status:"complete"` while current persisted floors are unmet;
.ai/docs/issue-workflow/ISSUE-036-minimum-goal-spend-floors/04-proof-threat-model.md:76:  - wrong insertion-order side effects are absent (`cancelContinuation`, `cancelMonitor`, completion persistence, queue-complete steering),
.ai/docs/issue-workflow/ISSUE-036-minimum-goal-spend-floors/04-proof-threat-model.md:87:  - early-completion deferral includes unmet floor deltas, `completion_blocked_by_floor: true`, a catalog-backed next-pass instruction, and anti-churn instruction,
.ai/docs/issue-workflow/ISSUE-036-minimum-goal-spend-floors/04-proof-threat-model.md:95:  - stale monitor floor patterns do not mutate telemetry unless the current active goal id matches and `completionBlockedByFloor` is true,
.ai/docs/issue-workflow/ISSUE-036-minimum-goal-spend-floors/04-proof-threat-model.md:102:  - malformed optional floor fields in replay are ignored/sanitized without crashing,
.ai/docs/issue-workflow/ISSUE-036-minimum-goal-spend-floors/04-proof-threat-model.md:103:  - `createGoalState` uses a named options object so max-budget and min-floor arguments cannot be swapped silently.
.ai/docs/issue-workflow/ISSUE-036-minimum-goal-spend-floors/04-proof-threat-model.md:136:  "floor_gate_probe","issue doc","node .ai/validation/goal-min-spend-floors-probe.mjs","exit 0 and probe output shows create/update/enqueue validation, floor helper cases, completion deferral before floors, completion acceptance after floors or monitor-backed floor-quality exhaustion, fake no-more-work bypass rejection, same-call floor removal plus complete blocked, wrong-insertion-order side effects absent, and max-budget precedence",run,"implementation should add this focused deterministic probe or amend this proof path with reason"
.ai/docs/issue-workflow/ISSUE-036-minimum-goal-spend-floors/04-proof-threat-model.md:137:  "floor_steering_probe","issue doc","node .ai/validation/goal-floor-steering-probe.mjs","exit 0 and probe output shows shared value-pass catalog rows, prompt/refusal text require a next_floor_pass, concrete evidence deltas, autonomous fallback, no-user rule, objectiveAllowsUserFloorFallback, monitor watch/steer/escalate/floor_quality_exhausted cases, and stale floor-pattern guard",run,"proves the owner-highlighted steering design is implemented concretely not as vague prose"
$ rg -n "locked_requirements\\[[0-9]+\\]|implementation_surfaces\\[[0-9]+\\]|invariants\\[[0-9]+\\]|verification_checks\\[[0-9]+\\]|required_proofs\\[[0-9]+\\]" issue/proof/audit
.ai/docs/issue-workflow/ISSUE-036-minimum-goal-spend-floors/06-final-audit.md:18:| Importable required proofs included | `Required proofs` block in issue doc has `required_proofs[7]{...}` | Pass |
.ai/docs/issue-workflow/ISSUE-036-minimum-goal-spend-floors/06-final-audit.md:89:- TOON count headers are corrected: `implementation_surfaces[10]`, `invariants[12]`, `verification_checks[7]`, and `required_proofs[7]`.
.ai/docs/issue-workflow/ISSUE-036-minimum-goal-spend-floors/04-proof-threat-model.md:134:required_proofs[7]{name,source,command,pass_condition,scope,notes}:
.ai/issues/open/ISSUE-036-minimum-goal-spend-floors.md:383:locked_requirements[11]{id,requirement}:
.ai/issues/open/ISSUE-036-minimum-goal-spend-floors.md:395:implementation_surfaces[10]{surface,path,notes}:
.ai/issues/open/ISSUE-036-minimum-goal-spend-floors.md:406:invariants[12]{id,invariant}:
.ai/issues/open/ISSUE-036-minimum-goal-spend-floors.md:419:verification_checks[7]{id,check,evidence}:
.ai/issues/open/ISSUE-036-minimum-goal-spend-floors.md:433:required_proofs[7]{name,source,command,pass_condition,scope,notes}:
$ ls -1 raw
chatgpt-response-round1.txt
chatgpt-response-round2-grounded.txt
chatgpt-response-round3-execution-angle.txt
chatgpt-response-round3b-adversarial-current-text.txt
chatgpt-round2-grounded-prompt.txt
chatgpt-round3-execution-angle-prompt.txt
chatgpt-round3b-adversarial-followup-prompt.txt
commands.log
$ git status --short --untracked-files=all
 M .gitignore
?? .ai/docs/issue-workflow/ISSUE-036-minimum-goal-spend-floors/00-request.md
?? .ai/docs/issue-workflow/ISSUE-036-minimum-goal-spend-floors/01-protocol-read.md
?? .ai/docs/issue-workflow/ISSUE-036-minimum-goal-spend-floors/02-grounded-research.md
?? .ai/docs/issue-workflow/ISSUE-036-minimum-goal-spend-floors/03-design-lock.md
?? .ai/docs/issue-workflow/ISSUE-036-minimum-goal-spend-floors/04-proof-threat-model.md
?? .ai/docs/issue-workflow/ISSUE-036-minimum-goal-spend-floors/05-issue-writeback.md
?? .ai/docs/issue-workflow/ISSUE-036-minimum-goal-spend-floors/06-final-audit.md
?? .ai/docs/issue-workflow/ISSUE-036-minimum-goal-spend-floors/07-owner-feedback-followup.md
?? .ai/docs/issue-workflow/ISSUE-036-minimum-goal-spend-floors/08-bcu-chatgpt-research.md
?? .ai/docs/issue-workflow/ISSUE-036-minimum-goal-spend-floors/raw/chatgpt-response-round1.txt
?? .ai/docs/issue-workflow/ISSUE-036-minimum-goal-spend-floors/raw/chatgpt-response-round2-grounded.txt
?? .ai/docs/issue-workflow/ISSUE-036-minimum-goal-spend-floors/raw/chatgpt-response-round3-execution-angle.txt
?? .ai/docs/issue-workflow/ISSUE-036-minimum-goal-spend-floors/raw/chatgpt-response-round3b-adversarial-current-text.txt
?? .ai/docs/issue-workflow/ISSUE-036-minimum-goal-spend-floors/raw/chatgpt-round2-grounded-prompt.txt
?? .ai/docs/issue-workflow/ISSUE-036-minimum-goal-spend-floors/raw/chatgpt-round3-execution-angle-prompt.txt
?? .ai/docs/issue-workflow/ISSUE-036-minimum-goal-spend-floors/raw/chatgpt-round3b-adversarial-followup-prompt.txt
?? .ai/docs/issue-workflow/ISSUE-036-minimum-goal-spend-floors/raw/commands.log
?? .ai/docs/monitor-semantics-steering-latency-prototype.md
?? .ai/issues/open/ISSUE-036-minimum-goal-spend-floors.md
$ git check-ignore -v round3 raw || true
.gitignore:11:!.ai/docs/issue-workflow/**	.ai/docs/issue-workflow/ISSUE-036-minimum-goal-spend-floors/raw/chatgpt-response-round3-execution-angle.txt
.gitignore:11:!.ai/docs/issue-workflow/**	.ai/docs/issue-workflow/ISSUE-036-minimum-goal-spend-floors/raw/chatgpt-response-round3b-adversarial-current-text.txt
